dataset,held_source,population,head,alpha,inner_MAE,training_MAE,training_MSE
vidstg,1,all,P,0.1,0.34339949577315376,0.08737927521716862,0.01834997840901493
vidstg,1,all,R,10.0,0.420766480315138,0.2556678227046863,0.09643928756024797
vidstg,1,role,P,100.0,0.4176134574895574,0.34642147907243726,0.13610887225710966
vidstg,1,role,R,10.0,0.3647559889076109,0.16856329981999824,0.04301916767544303
vidstg,3,all,P,0.1,0.34383507730996193,0.08121649507356751,0.016041112727466663
vidstg,3,all,R,10.0,0.44262315508545963,0.26395564148622697,0.10233964417877173
vidstg,3,role,P,0.1,0.38746948049180163,0.02653621213954531,0.001391149100737571
vidstg,3,role,R,10.0,0.38022621834789855,0.18208722338637814,0.05003241240786094
vidstg,4,all,P,0.1,0.3379233594574914,0.08747892524777343,0.01865471306814171
vidstg,4,all,R,10.0,0.42374120690157896,0.26375717256197123,0.10237595771067856
vidstg,4,role,P,0.1,0.3591644752097868,0.028442149162863105,0.0015541914396432917
vidstg,4,role,R,10.0,0.3716804668442547,0.1772517086590406,0.04731546093890257
vidstg,6,all,P,0.1,0.3080432340549613,0.08507784888504259,0.018151699440768408
vidstg,6,all,R,0.1,0.39031989264908085,0.13527463554247177,0.03296163740270527
vidstg,6,role,P,1.0,0.31838567951024577,0.06616900548838965,0.007465541153017395
vidstg,6,role,R,10.0,0.3226122999760928,0.15623810586253717,0.03735884414260949
vidstg,7,all,P,0.1,0.35520978410946624,0.0889647705394438,0.018443041296893725
vidstg,7,all,R,10.0,0.4328094219929085,0.26664171634609524,0.10235930738501953
vidstg,7,role,P,0.1,0.39015776148784015,0.02854454920026952,0.0017351641009035338
vidstg,7,role,R,1000.0,0.3643598380624305,0.3383645819558141,0.14566614131024436
vidstg,8,all,P,0.1,0.338265041695478,0.08559925738933566,0.0178172217104687
vidstg,8,all,R,10.0,0.43572921544739146,0.2744461260437935,0.10736542354960874
vidstg,8,role,P,0.01,0.3736118359538979,0.015029067096922658,0.0004954342049626492
vidstg,8,role,R,10.0,0.3724276377687526,0.18353293477662247,0.04978379256718039
vidstg,10,all,P,0.1,0.3234580177813923,0.08634062198161346,0.01770586093944506
vidstg,10,all,R,10.0,0.4228208039333875,0.2693935529447653,0.10533875914561255
vidstg,10,role,P,0.01,0.37482302808543744,0.014503702893016135,0.00047930795997111236
vidstg,10,role,R,10.0,0.3759568235393926,0.1859649135745145,0.051208937217875
vidstg,11,all,P,0.1,0.3143762307212323,0.08728885497544434,0.018221448022817652
vidstg,11,all,R,1.0,0.38357476191227224,0.20100763225728407,0.06661009111011804
vidstg,11,role,P,0.1,0.38955160859940346,0.028842029334339988,0.0017222179112545304
vidstg,11,role,R,10.0,0.3479849333762505,0.17812413995510712,0.04696276531705941
vidstg,15,all,P,0.1,0.3430432901636775,0.0899010712088476,0.01917493502795136
vidstg,15,all,R,10.0,0.42224918708487724,0.2644801518476364,0.10155507187813655
vidstg,15,role,P,0.1,0.3926603925515263,0.029733291403329178,0.001823091490199342
vidstg,15,role,R,10.0,0.353509645497622,0.17744868570801486,0.049039302203958274
vidstg,18,all,P,0.1,0.3787999027504337,0.08364711447354203,0.016754329619655436
vidstg,18,all,R,10.0,0.40834974932166673,0.25391527963085736,0.09616772889178674
vidstg,18,role,P,10.0,0.4089927556814303,0.20539660762602796,0.05678976149915443
vidstg,18,role,R,10.0,0.3641445263866141,0.16586211669029755,0.04167463902254955
vidstg,19,all,P,0.1,0.3335934786650745,0.08102631529079957,0.016514146718396305
vidstg,19,all,R,10.0,0.4188363646170698,0.2649565078214243,0.10284557455935067
vidstg,19,role,P,1.0,0.3696671051874441,0.07421988655766582,0.00932492425306065
vidstg,19,role,R,10.0,0.35632328456243006,0.18058814247333166,0.04904869128366386
vidstg,23,all,P,0.1,0.3215069146207715,0.08857966240978081,0.01893686650723404
vidstg,23,all,R,10.0,0.4133267299099679,0.24834649143881543,0.09229863903599761
vidstg,23,role,P,0.1,0.3308083637154964,0.027773619747304433,0.001733351429158795
vidstg,23,role,R,10.0,0.3285101138098424,0.16740484470497508,0.043432784149893294
vidstg,24,all,P,0.1,0.3437287687104339,0.08714689274663644,0.018808629074312362
vidstg,24,all,R,100.0,0.4420981603996998,0.3202170064492994,0.13201625632499359
vidstg,24,role,P,0.01,0.35539320662073004,0.014822234177392483,0.0004884257103943031
vidstg,24,role,R,1.0,0.34230149718176306,0.07281998018751243,0.009392062180561682
vidstg,26,all,P,0.1,0.3395989527543841,0.08559528879474097,0.017819632680654146
vidstg,26,all,R,10.0,0.4371267349730011,0.26763131635614057,0.10436675373804216
vidstg,26,role,P,1.0,0.38071585319057355,0.07413594409206088,0.009092687021150563
vidstg,26,role,R,10.0,0.3858014286234889,0.18438169096096815,0.050485836419075926
vidstg,29,all,P,0.1,0.34865505462804475,0.08811360312003383,0.018670819620268547
vidstg,29,all,R,10.0,0.39955520896364904,0.2579255366901348,0.09952790166578931
vidstg,29,role,P,0.1,0.3643344116315488,0.0294081790480057,0.0018445589932019996
vidstg,29,role,R,10.0,0.34631817690226324,0.1730172149985703,0.04729303779918465
vidstg,30,all,P,0.1,0.3281809270315701,0.08316694562897484,0.017626360379506448
vidstg,30,all,R,10.0,0.4287275561024809,0.2668372501671048,0.10358070021999163
vidstg,30,role,P,0.01,0.32480611044306157,0.013486285351964432,0.0004028680285110781
vidstg,30,role,R,10.0,0.3663298641837876,0.1758831940256751,0.04770659669305867
hc2,1,all,P,100.0,0.22017822229542644,0.26187831447467014,0.09589191423690298
hc2,1,all,R,10.0,0.22586018628361934,0.18944172164685236,0.05284227072098445
hc2,1,role,P,1000.0,0.21875609874689464,0.19992179031278218,0.06537265978737514
hc2,1,role,R,1000.0,0.21730016999978874,0.19491745407741784,0.07234541917230071
hc2,2,all,P,1.0,0.20500141255975443,0.13855054411897352,0.039580287802903485
hc2,2,all,R,1.0,0.20618651975408092,0.12406495146223556,0.025762747927558068
hc2,2,role,P,10.0,0.20220533247250755,0.10189833454257889,0.014890159744685544
hc2,2,role,R,0.001,0.1989560277198372,0.0007360055356123062,1.0541612235071648e-06
hc2,3,all,P,100.0,0.2323025026687432,0.264625707981622,0.09632076407950418
hc2,3,all,R,10.0,0.22127354580267822,0.18485186707422935,0.05087181153250199
hc2,3,role,P,1000.0,0.23058991485398359,0.21083957156879662,0.06716707949390417
hc2,3,role,R,1000.0,0.21361272999936268,0.19144602275168232,0.07070132798155059
hc2,4,all,P,100.0,0.19941336000708132,0.25117480382776647,0.088284351453495
hc2,4,all,R,10.0,0.1635165285794526,0.16675599940929575,0.040476499790932076
hc2,4,role,P,0.001,0.18281508737261026,0.003959813103672365,2.7474104661850585e-05
hc2,4,role,R,1000.0,0.1257940593095615,0.11479097035154331,0.023522143589011647
hc2,5,all,P,0.1,0.21267236035835488,0.10055424360708783,0.021204026640106777
hc2,5,all,R,10.0,0.2249143820901569,0.18007235668930782,0.04875330875864534
hc2,5,role,P,0.01,0.20264852273463124,0.011043672713659866,0.0002058520258276343
hc2,5,role,R,1000.0,0.21433034570565493,0.1918993706809208,0.07109511836845264
hc2,8,all,P,10.0,0.20037353474143657,0.18913574141653267,0.062482674223453424
hc2,8,all,R,10.0,0.2246261592141218,0.18733790696446334,0.052390604358264536
hc2,8,role,P,1000.0,0.19607661883115476,0.1792066505642786,0.05456947648587238
hc2,8,role,R,1000.0,0.2168950990841559,0.1940356143514948,0.07183193150131034
hc2,14,all,P,100.0,0.22142876717651114,0.26402951941932645,0.09670313834758004
hc2,14,all,R,10.0,0.22439781276677498,0.1848063371674776,0.05134174120205798
hc2,14,role,P,100.0,0.22301409343269635,0.17910121136225982,0.04800795542291171
hc2,14,role,R,1000.0,0.21552238928304196,0.19280620525921083,0.07136152200779777
hc2,16,all,P,10.0,0.23486317734074122,0.18276004161331816,0.0561120520895732
hc2,16,all,R,10.0,0.18528119501773335,0.17657771135454656,0.047830896524270014
hc2,16,role,P,100.0,0.2262035852731576,0.18251001572090061,0.04857771141979618
hc2,16,role,R,1000.0,0.18203590930157973,0.1626816022850181,0.06472768802262718
hc2,20,all,P,100.0,0.20921912145773586,0.2573609676577489,0.0940205348533223
hc2,20,all,R,10.0,0.22565331959517743,0.1861881522144101,0.05176725527029417
hc2,20,role,P,1000.0,0.20167008555810725,0.18423247777232107,0.0580918074627895
hc2,20,role,R,1000.0,0.21699613680173296,0.1946386842011664,0.07213757933733769
hc2,23,all,P,1.0,0.19568259174803468,0.1352703656027762,0.03714635998415159
hc2,23,all,R,10.0,0.21592987489069046,0.18652938338156938,0.05190914940094231
hc2,23,role,P,10.0,0.19464093960680215,0.10449098727107763,0.01552620861608725
hc2,23,role,R,1000.0,0.21182535408566577,0.1897506043384325,0.06944627558586994
hc2,26,all,P,100.0,0.23280206089199432,0.26613815311113376,0.09693104758500258
hc2,26,all,R,10.0,0.22391606847793527,0.18494132639630773,0.051397878531445215
hc2,26,role,P,1000.0,0.2245888927535211,0.20547806648684575,0.06593641103411717
hc2,26,role,R,1000.0,0.2153431250412377,0.1927685183214275,0.0713180380260098
hc2,27,all,P,100.0,0.21835919399834375,0.2585951445281785,0.09444445173649446
hc2,27,all,R,10.0,0.22752276675877156,0.18898263640691496,0.05295214331986334
hc2,27,role,P,1000.0,0.21159832875221965,0.19206010451612557,0.0603767775749677
hc2,27,role,R,1000.0,0.2080228988680074,0.18512453036687188,0.07046271624179336
hc2,28,all,P,100.0,0.2297838164201444,0.2646352325032407,0.09635087726109726
hc2,28,all,R,10.0,0.22425245415625797,0.1852338049772692,0.05148755814876525
hc2,28,role,P,100.0,0.23065635225634296,0.18616506552689024,0.04937199574252124
hc2,28,role,R,1000.0,0.21416523170894783,0.19196140580905435,0.07115101694588372
hc2,29,all,P,100.0,0.2290774978327445,0.2614605791012995,0.09421069855063822
hc2,29,all,R,10.0,0.2166811850948013,0.18444983610847968,0.05123620456650274
hc2,29,role,P,0.001,0.2211416806980078,0.00444723175873862,3.316873031052167e-05
hc2,29,role,R,1000.0,0.21269882305779178,0.1903960480473024,0.07005159799909452
