dataset,panel,population,regime,role,metric,mean,ci_low,ci_high,undefined
vidstg,all,all,fixed,P_A,r2,0.13006391055783584,-0.5327345545510103,0.47414884447946287,0
vidstg,all,all,fixed,P_A,mae,0.3287211994929154,0.24031676321521397,0.42295487646070756,0
vidstg,all,all,fixed,P_A,mse,0.14576977022072202,0.08021099232028331,0.22020781240663506,0
vidstg,all,all,fixed,P_A,rho,0.4011015826480837,-0.060705785048618836,0.7300426305717967,0
vidstg,all,all,fixed,P_A,truth_mean,0.48397715094594584,0.28654129172917064,0.6841029490838275,0
vidstg,all,all,fixed,P_A,prediction_mean,0.43609826546547004,0.33704021125893646,0.5441887771137632,0
vidstg,all,all,fixed,P_A,below_zero,0.0,0.0,0.0,0
vidstg,all,all,fixed,P_A,above_one,0.0,0.0,0.0,0
vidstg,all,all,fixed,R_A,r2,-0.742955438175187,-3.06158327360641,0.0927144290934536,0
vidstg,all,all,fixed,R_A,mae,0.4450101815888469,0.31555471051918793,0.5961074455733748,0
vidstg,all,all,fixed,R_A,mse,0.28388207037318014,0.131130546589793,0.48599567069886745,0
vidstg,all,all,fixed,R_A,rho,-0.08632410725809828,-0.4962446531042579,0.41690757054412725,0
vidstg,all,all,fixed,R_A,truth_mean,0.5671490034454294,0.36711066350723237,0.7611486219562962,0
vidstg,all,all,fixed,R_A,prediction_mean,0.4185720094959392,0.2807067245817086,0.5549934466354564,0
vidstg,all,all,fixed,R_A,below_zero,0.0625,0.0,0.1875,0
vidstg,all,all,fixed,R_A,above_one,0.041666666666666664,0.0,0.125,0
vidstg,all,all,fixed,P_W,r2,0.04701019329582079,-0.5761744350516022,0.3415113853465277,0
vidstg,all,all,fixed,P_W,mae,0.3848323526348932,0.305372768777879,0.4639314267855873,0
vidstg,all,all,fixed,P_W,mse,0.1803621382777867,0.12085510112621649,0.24329098015618977,0
vidstg,all,all,fixed,P_W,rho,0.2826688447935488,-0.17971917684759273,0.6311477946116265,0
vidstg,all,all,fixed,P_W,truth_mean,0.5046558221165262,0.2937101153154458,0.7155991922298386,0
vidstg,all,all,fixed,P_W,prediction_mean,0.476109660446686,0.3836929711542921,0.5716120340350936,0
vidstg,all,all,fixed,P_W,below_zero,0.0,0.0,0.0,0
vidstg,all,all,fixed,P_W,above_one,0.0,0.0,0.0,0
vidstg,all,all,fixed,R_W,r2,-0.5981071073708188,-2.649737825010183,0.02153385907977056,0
vidstg,all,all,fixed,R_W,mae,0.43916072246214927,0.32491102623409895,0.563606568125448,0
vidstg,all,all,fixed,R_W,mse,0.26062117211029534,0.15108290583414452,0.4179349980670003,0
vidstg,all,all,fixed,R_W,rho,-0.07246784565778563,-0.47918477205936133,0.34984945512071136,0
vidstg,all,all,fixed,R_W,truth_mean,0.5798107887753996,0.39158219449028303,0.7590887484334093,0
vidstg,all,all,fixed,R_W,prediction_mean,0.4879277932842311,0.35715336409406045,0.6181423420557585,0
vidstg,all,all,fixed,R_W,below_zero,0.0625,0.0,0.1875,0
vidstg,all,all,fixed,R_W,above_one,0.07291666666666667,0.0,0.19791666666666666,0
vidstg,all,all,nested,P_A,r2,0.24591953314265103,-0.3750094522705036,0.5525506509557998,0
vidstg,all,all,nested,P_A,mae,0.29897761522168864,0.2112246830758453,0.3938993886297942,0
vidstg,all,all,nested,P_A,mse,0.12635656540265708,0.06927555717119277,0.19125947237377292,0
vidstg,all,all,nested,P_A,rho,0.5311547534205747,0.15435841930345826,0.7737141920437973,0
vidstg,all,all,nested,P_A,truth_mean,0.48397715094594584,0.28654129172917064,0.6841029490838275,0
vidstg,all,all,nested,P_A,prediction_mean,0.4096752619202317,0.3037643770250483,0.5325619748723589,0
vidstg,all,all,nested,P_A,below_zero,0.0,0.0,0.0,0
vidstg,all,all,nested,P_A,above_one,0.052083333333333336,0.0,0.15625,0
vidstg,all,all,nested,R_A,r2,-0.922493128627478,-3.5120252874178197,-0.0493668339737356,0
vidstg,all,all,nested,R_A,mae,0.4798146029349145,0.35361935830385616,0.6282214094124159,0
vidstg,all,all,nested,R_A,mse,0.3131240866400887,0.15310201083341007,0.5209414620884623,0
vidstg,all,all,nested,R_A,rho,-0.35529922488463095,-0.6302828274721343,0.1731499864228359,0
vidstg,all,all,nested,R_A,truth_mean,0.5671490034454294,0.36711066350723237,0.7611486219562962,0
vidstg,all,all,nested,R_A,prediction_mean,0.3454444051549924,0.2381566633863611,0.4339573658106985,0
vidstg,all,all,nested,R_A,below_zero,0.11458333333333334,0.0,0.28125,0
vidstg,all,all,nested,R_A,above_one,0.0,0.0,0.0,0
vidstg,all,all,nested,P_W,r2,0.16682695907046052,-0.41317065936532565,0.4388355670902372,0
vidstg,all,all,nested,P_W,mae,0.35667132859505035,0.27755298316387983,0.43402166960897026,0
vidstg,all,all,nested,P_W,mse,0.1576857067728368,0.10511843316075366,0.2109549547395681,0
vidstg,all,all,nested,P_W,rho,0.43229290718171487,0.024728415888303067,0.6958022044271038,0
vidstg,all,all,nested,P_W,truth_mean,0.5046558221165262,0.2937101153154458,0.7155991922298386,0
vidstg,all,all,nested,P_W,prediction_mean,0.45335590904935447,0.35329159363278,0.565416424371362,0
vidstg,all,all,nested,P_W,below_zero,0.0,0.0,0.0,0
vidstg,all,all,nested,P_W,above_one,0.052083333333333336,0.0,0.15625,0
vidstg,all,all,nested,R_W,r2,-0.7145280317629947,-2.97734809640873,-0.08136299979078179,0
vidstg,all,all,nested,R_W,mae,0.47296613542907523,0.3711794452049907,0.5920064937945855,0
vidstg,all,all,nested,R_W,mse,0.2796072323269793,0.1719911943583165,0.4359580506821573,0
vidstg,all,all,nested,R_W,rho,-0.32571829659391405,-0.5822056395702128,0.03600397444391013,0
vidstg,all,all,nested,R_W,truth_mean,0.5798107887753996,0.39158219449028303,0.7590887484334093,0
vidstg,all,all,nested,R_W,prediction_mean,0.3972761069646712,0.29853697755504,0.47620889477349293,0
vidstg,all,all,nested,R_W,below_zero,0.0625,0.0,0.1875,0
vidstg,all,all,nested,R_W,above_one,0.0,0.0,0.0,0
vidstg,all,role,fixed,P_A,r2,-0.06366336833456532,-0.938263641715061,0.3788620316200162,0
vidstg,all,role,fixed,P_A,mae,0.3600983460609362,0.26160684846684357,0.4699304090752813,0
vidstg,all,role,fixed,P_A,mse,0.17823144329344087,0.0947755400272236,0.28773383342683573,0
vidstg,all,role,fixed,P_A,rho,0.2522077420332635,-0.2733112158128542,0.6648013315780947,0
vidstg,all,role,fixed,P_A,truth_mean,0.48397715094594584,0.28654129172917064,0.6841029490838275,0
vidstg,all,role,fixed,P_A,prediction_mean,0.45967693782168423,0.3433541754262662,0.5828538439158456,0
vidstg,all,role,fixed,P_A,below_zero,0.0,0.0,0.0,0
vidstg,all,role,fixed,P_A,above_one,0.052083333333333336,0.0,0.15625,0
vidstg,all,role,fixed,R_A,r2,-0.5511213229298959,-2.12904505194196,0.07739763707897943,0
vidstg,all,role,fixed,R_A,mae,0.40767346675575994,0.2816701078466447,0.5450778109220297,0
vidstg,all,role,fixed,R_A,mse,0.25263728659313334,0.13071000657124493,0.40642207010060777,0
vidstg,all,role,fixed,R_A,rho,0.008377502458194672,-0.44107252574096273,0.44539517734401785,0
vidstg,all,role,fixed,R_A,truth_mean,0.5671490034454294,0.36711066350723237,0.7611486219562962,0
vidstg,all,role,fixed,R_A,prediction_mean,0.5348045571830864,0.3989979536449662,0.6782612697443234,0
vidstg,all,role,fixed,R_A,below_zero,0.0625,0.0,0.1875,0
vidstg,all,role,fixed,R_A,above_one,0.052083333333333336,0.0,0.15625,0
vidstg,all,role,fixed,P_W,r2,-0.1336551094046241,-0.9565465782625902,0.3058375038048957,0
vidstg,all,role,fixed,P_W,mae,0.4068312720312008,0.3093933045537052,0.5088305807378963,0
vidstg,all,role,fixed,P_W,mse,0.21455471838559334,0.12494970172539897,0.31590853996956264,0
vidstg,all,role,fixed,P_W,rho,0.16230614352217407,-0.33895537819160565,0.6088973273646768,0
vidstg,all,role,fixed,P_W,truth_mean,0.5046558221165262,0.2937101153154458,0.7155991922298386,0
vidstg,all,role,fixed,P_W,prediction_mean,0.49110824922676366,0.376514284188839,0.6126373312507105,0
vidstg,all,role,fixed,P_W,below_zero,0.0,0.0,0.0,0
vidstg,all,role,fixed,P_W,above_one,0.052083333333333336,0.0,0.15625,0
vidstg,all,role,fixed,R_W,r2,-0.41875699788848864,-1.7469042102714707,0.1717636196686102,0
vidstg,all,role,fixed,R_W,mae,0.38853715690928287,0.2646369212016186,0.5173176498281016,0
vidstg,all,role,fixed,R_W,mse,0.23137254694881002,0.12529479205700833,0.3531536086872504,0
vidstg,all,role,fixed,R_W,rho,0.15197341225508865,-0.2933850326903753,0.5424545022589462,0
vidstg,all,role,fixed,R_W,truth_mean,0.5798107887753996,0.39158219449028303,0.7590887484334093,0
vidstg,all,role,fixed,R_W,prediction_mean,0.5575217607788733,0.4031595871314675,0.7138761567155818,0
vidstg,all,role,fixed,R_W,below_zero,0.052083333333333336,0.0,0.15625,0
vidstg,all,role,fixed,R_W,above_one,0.0625,0.0,0.1875,0
vidstg,all,role,nested,P_A,r2,-0.15860400398970698,-0.997150992844849,0.220606330042131,0
vidstg,all,role,nested,P_A,mae,0.39254137479073176,0.3037809115576006,0.49463871648142044,0
vidstg,all,role,nested,P_A,mse,0.1941400540661399,0.11534116221238959,0.3014345494867446,0
vidstg,all,role,nested,P_A,rho,0.18978987390055252,-0.42157040911337773,0.5776310010365843,0
vidstg,all,role,nested,P_A,truth_mean,0.48397715094594584,0.28654129172917064,0.6841029490838275,0
vidstg,all,role,nested,P_A,prediction_mean,0.4533375849761867,0.3422155109557216,0.5832212421795689,0
vidstg,all,role,nested,P_A,below_zero,0.0,0.0,0.0,0
vidstg,all,role,nested,P_A,above_one,0.052083333333333336,0.0,0.15625,0
vidstg,all,role,nested,R_A,r2,-0.37255460314725397,-1.490559197776205,-0.026316150177174067,0
vidstg,all,role,nested,R_A,mae,0.4028005358183962,0.29648104540445613,0.5107769040616713,0
vidstg,all,role,nested,R_A,mse,0.2235534161731778,0.13837195072728142,0.32305536869077955,0
vidstg,all,role,nested,R_A,rho,-0.021347503583794232,-0.4846635439080974,0.31565159236200785,0
vidstg,all,role,nested,R_A,truth_mean,0.5671490034454294,0.36711066350723237,0.7611486219562962,0
vidstg,all,role,nested,R_A,prediction_mean,0.5701412530835702,0.4704215231908637,0.6854583448888867,0
vidstg,all,role,nested,R_A,below_zero,0.0,0.0,0.0,0
vidstg,all,role,nested,R_A,above_one,0.052083333333333336,0.0,0.15625,0
vidstg,all,role,nested,P_W,r2,-0.21298212379894044,-0.9877429974269416,0.16136525545593647,0
vidstg,all,role,nested,P_W,mae,0.4400689445501306,0.3593559151779962,0.5273786737976996,0
vidstg,all,role,nested,P_W,mse,0.2295680898180046,0.14922181232836895,0.32119452295262324,0
vidstg,all,role,nested,P_W,rho,0.0943854172741752,-0.48273336403161016,0.515826876815775,0
vidstg,all,role,nested,P_W,truth_mean,0.5046558221165262,0.2937101153154458,0.7155991922298386,0
vidstg,all,role,nested,P_W,prediction_mean,0.48670977569762885,0.38261672251182766,0.6128808325402723,0
vidstg,all,role,nested,P_W,below_zero,0.0,0.0,0.0,0
vidstg,all,role,nested,P_W,above_one,0.052083333333333336,0.0,0.15625,0
vidstg,all,role,nested,R_W,r2,-0.13627452616434543,-0.9112151442777359,0.10995789042529319,0
vidstg,all,role,nested,R_W,mae,0.38348120070554254,0.29615802469653274,0.4687841291946291,0
vidstg,all,role,nested,R_W,mse,0.1853049757942836,0.12172892633123839,0.2507796064453154,0
vidstg,all,role,nested,R_W,rho,0.14562596407278394,-0.232509700330826,0.4685549795172639,0
vidstg,all,role,nested,R_W,truth_mean,0.5798107887753996,0.39158219449028303,0.7590887484334093,0
vidstg,all,role,nested,R_W,prediction_mean,0.610467559780442,0.5149241465206392,0.716696337009205,0
vidstg,all,role,nested,R_W,below_zero,0.0,0.0,0.0,0
vidstg,all,role,nested,R_W,above_one,0.0625,0.0,0.1875,0
vidstg,corrupt,all,fixed,P_A,r2,0.12950776206927617,-0.5276538728768734,0.4712093941477931,0
vidstg,corrupt,all,fixed,P_A,mae,0.32959814383579306,0.241424556404371,0.4239939983585601,0
vidstg,corrupt,all,fixed,P_A,mse,0.1463668757747371,0.08042552041859376,0.2210090055530627,0
vidstg,corrupt,all,fixed,P_A,rho,0.4007785339237337,-0.061631764225715834,0.7274323633541456,0
vidstg,corrupt,all,fixed,P_A,truth_mean,0.48381118631132286,0.28582124103855333,0.684145536031457,0
vidstg,corrupt,all,fixed,P_A,prediction_mean,0.43311483132546097,0.33503274416538104,0.5405007967528006,0
vidstg,corrupt,all,fixed,P_A,below_zero,0.0,0.0,0.0,0
vidstg,corrupt,all,fixed,P_A,above_one,0.0,0.0,0.0,0
vidstg,corrupt,all,fixed,R_A,r2,-0.7530265779765164,-3.050940540051663,0.07605695481215408,0
vidstg,corrupt,all,fixed,R_A,mae,0.45048805422717936,0.32385101449286235,0.5990570102243705,0
vidstg,corrupt,all,fixed,R_A,mse,0.2856689680231972,0.13416767470794852,0.48731093852153096,0
vidstg,corrupt,all,fixed,R_A,rho,-0.0961836091695552,-0.4998400846244816,0.4008894693483699,0
vidstg,corrupt,all,fixed,R_A,truth_mean,0.565615942689824,0.3661008460388153,0.7596740377102505,0
vidstg,corrupt,all,fixed,R_A,prediction_mean,0.4153003567154107,0.27797619956204295,0.5505903435022371,0
vidstg,corrupt,all,fixed,R_A,below_zero,0.0625,0.0,0.1875,0
vidstg,corrupt,all,fixed,R_A,above_one,0.0375,0.0,0.11249999999999999,0
vidstg,corrupt,all,fixed,P_W,r2,0.043377552334219804,-0.5878194067260379,0.33924736522282567,0
vidstg,corrupt,all,fixed,P_W,mae,0.38536758321270886,0.3047402915287394,0.466709873784629,0
vidstg,corrupt,all,fixed,P_W,mse,0.18235620590743612,0.12054425211380158,0.2480716182705285,0
vidstg,corrupt,all,fixed,P_W,rho,0.2773221530824075,-0.18763874555675006,0.6321810115923155,0
vidstg,corrupt,all,fixed,P_W,truth_mean,0.5085657072274151,0.2972473492477398,0.7211461797761917,0
vidstg,corrupt,all,fixed,P_W,prediction_mean,0.4743720857695046,0.3837006782047431,0.5675317000858375,0
vidstg,corrupt,all,fixed,P_W,below_zero,0.0,0.0,0.0,0
vidstg,corrupt,all,fixed,P_W,above_one,0.0,0.0,0.0,0
vidstg,corrupt,all,fixed,R_W,r2,-0.6054265816589643,-2.6783531645225356,0.011580031988435657,0
vidstg,corrupt,all,fixed,R_W,mae,0.4408959371356326,0.3278689418112384,0.5646902157304824,0
vidstg,corrupt,all,fixed,R_W,mse,0.2607259506867708,0.1533264109753053,0.4175458569988902,0
vidstg,corrupt,all,fixed,R_W,rho,-0.06886898614317973,-0.4703118416695656,0.33706775900404595,0
vidstg,corrupt,all,fixed,R_W,truth_mean,0.5831414718596041,0.3963787827186735,0.7613182626081771,0
vidstg,corrupt,all,fixed,R_W,prediction_mean,0.4885974245646791,0.3578104787437343,0.6197386329159584,0
vidstg,corrupt,all,fixed,R_W,below_zero,0.0625,0.0,0.1875,0
vidstg,corrupt,all,fixed,R_W,above_one,0.07500000000000001,0.0,0.2,0
vidstg,corrupt,all,nested,P_A,r2,0.25485749588143913,-0.35708076460502225,0.5560024296815226,0
vidstg,corrupt,all,nested,P_A,mae,0.29791872874114245,0.21112665686738624,0.3918664275515438,0
vidstg,corrupt,all,nested,P_A,mse,0.1252902387665834,0.06862330993654617,0.18919096355339932,0
vidstg,corrupt,all,nested,P_A,rho,0.5400548518633128,0.1686033889105919,0.779140288655787,0
vidstg,corrupt,all,nested,P_A,truth_mean,0.48381118631132286,0.28582124103855333,0.684145536031457,0
vidstg,corrupt,all,nested,P_A,prediction_mean,0.4075891330361993,0.3013594203683203,0.5299175183361682,0
vidstg,corrupt,all,nested,P_A,below_zero,0.0,0.0,0.0,0
vidstg,corrupt,all,nested,P_A,above_one,0.05,0.0,0.15000000000000002,0
vidstg,corrupt,all,nested,R_A,r2,-0.9303575063390408,-3.4881867707684653,-0.06094759511992503,0
vidstg,corrupt,all,nested,R_A,mae,0.4830510694365612,0.3584382366058546,0.6306621026167625,0
vidstg,corrupt,all,nested,R_A,mse,0.3145663868874287,0.15545574716856642,0.521539892456742,0
vidstg,corrupt,all,nested,R_A,rho,-0.36529543336691034,-0.6399317392859071,0.15563728500470914,0
vidstg,corrupt,all,nested,R_A,truth_mean,0.565615942689824,0.3661008460388153,0.7596740377102505,0
vidstg,corrupt,all,nested,R_A,prediction_mean,0.3429010176166114,0.23662439291619422,0.43120605989523186,0
vidstg,corrupt,all,nested,R_A,below_zero,0.1125,0.0,0.275,0
vidstg,corrupt,all,nested,R_A,above_one,0.0,0.0,0.0,0
vidstg,corrupt,all,nested,P_W,r2,0.1653509908590941,-0.42243382706669225,0.43663997930063336,0
vidstg,corrupt,all,nested,P_W,mae,0.35660607606117667,0.2757401500732651,0.4359823829213823,0
vidstg,corrupt,all,nested,P_W,mse,0.15910501258121493,0.10527247066832905,0.21319794640856435,0
vidstg,corrupt,all,nested,P_W,rho,0.43252886516380185,0.03035572391767207,0.6948002287492717,0
vidstg,corrupt,all,nested,P_W,truth_mean,0.5085657072274151,0.2972473492477398,0.7211461797761917,0
vidstg,corrupt,all,nested,P_W,prediction_mean,0.45299049242880296,0.35312014779965367,0.5646646882460876,0
vidstg,corrupt,all,nested,P_W,below_zero,0.0,0.0,0.0,0
vidstg,corrupt,all,nested,P_W,above_one,0.05,0.0,0.15000000000000002,0
vidstg,corrupt,all,nested,R_W,r2,-0.7163966030527247,-2.9852918950263505,-0.08003252441235834,0
vidstg,corrupt,all,nested,R_W,mae,0.47369566091765186,0.3742336131331359,0.5916669827855249,0
vidstg,corrupt,all,nested,R_W,mse,0.2787478052244737,0.1725149634440766,0.43564577580582975,0
vidstg,corrupt,all,nested,R_W,rho,-0.31744526421836883,-0.5745288158999388,0.04928778438594666,0
vidstg,corrupt,all,nested,R_W,truth_mean,0.5831414718596041,0.3963787827186735,0.7613182626081771,0
vidstg,corrupt,all,nested,R_W,prediction_mean,0.39760208045512113,0.2986901203766083,0.4766199288402511,0
vidstg,corrupt,all,nested,R_W,below_zero,0.0625,0.0,0.1875,0
vidstg,corrupt,all,nested,R_W,above_one,0.0,0.0,0.0,0
vidstg,corrupt,role,fixed,P_A,r2,-0.0621470028824489,-0.9265026393146325,0.37553092546032035,0
vidstg,corrupt,role,fixed,P_A,mae,0.36101590215250196,0.26297913390333516,0.47027228931342097,0
vidstg,corrupt,role,fixed,P_A,mse,0.17859221673815417,0.09536589788747697,0.2877107389282783,0
vidstg,corrupt,role,fixed,P_A,rho,0.25074012676587737,-0.27808956411819663,0.6612856184482953,0
vidstg,corrupt,role,fixed,P_A,truth_mean,0.48381118631132286,0.28582124103855333,0.684145536031457,0
vidstg,corrupt,role,fixed,P_A,prediction_mean,0.4566686729771613,0.3412220340266142,0.5785706130064516,0
vidstg,corrupt,role,fixed,P_A,below_zero,0.0,0.0,0.0,0
vidstg,corrupt,role,fixed,P_A,above_one,0.05,0.0,0.15000000000000002,0
vidstg,corrupt,role,fixed,R_A,r2,-0.5722478860859963,-2.1595330450242756,0.06977045121465109,0
vidstg,corrupt,role,fixed,R_A,mae,0.41125912607354004,0.2834453440918615,0.5474828451053222,0
vidstg,corrupt,role,fixed,R_A,mse,0.2562097099596037,0.13274518871056137,0.4107886159073392,0
vidstg,corrupt,role,fixed,R_A,rho,0.009729550281022872,-0.43710760453445147,0.4440395144291832,0
vidstg,corrupt,role,fixed,R_A,truth_mean,0.565615942689824,0.3661008460388153,0.7596740377102505,0
vidstg,corrupt,role,fixed,R_A,prediction_mean,0.5394196905024542,0.4007962489627808,0.6877019796885533,0
vidstg,corrupt,role,fixed,R_A,below_zero,0.0625,0.0,0.1875,0
vidstg,corrupt,role,fixed,R_A,above_one,0.05,0.0,0.15000000000000002,0
vidstg,corrupt,role,fixed,P_W,r2,-0.13207257456815036,-0.9534396564749362,0.3050313688617271,0
vidstg,corrupt,role,fixed,P_W,mae,0.4069505593353095,0.3090703531777822,0.5109843257267798,0
vidstg,corrupt,role,fixed,P_W,mse,0.21580139585250047,0.12427358630827999,0.3195214185312128,0
vidstg,corrupt,role,fixed,P_W,rho,0.15652303108778243,-0.34794108535244084,0.6097135570452331,0
vidstg,corrupt,role,fixed,P_W,truth_mean,0.5085657072274151,0.2972473492477398,0.7211461797761917,0
vidstg,corrupt,role,fixed,P_W,prediction_mean,0.49042824888013603,0.3778438998007955,0.6090092264376679,0
vidstg,corrupt,role,fixed,P_W,below_zero,0.0,0.0,0.0,0
vidstg,corrupt,role,fixed,P_W,above_one,0.05,0.0,0.15000000000000002,0
vidstg,corrupt,role,fixed,R_W,r2,-0.44013226472042777,-1.8014057593388102,0.15190827121271605,0
vidstg,corrupt,role,fixed,R_W,mae,0.39191971048170143,0.2699761451541354,0.5189208839057038,0
vidstg,corrupt,role,fixed,R_W,mse,0.23388167240006977,0.12817873434899602,0.3544032613928523,0
vidstg,corrupt,role,fixed,R_W,rho,0.14596916754885836,-0.2906367387250955,0.527381025076035,0
vidstg,corrupt,role,fixed,R_W,truth_mean,0.5831414718596041,0.3963787827186735,0.7613182626081771,0
vidstg,corrupt,role,fixed,R_W,prediction_mean,0.5565954239954606,0.4024522724375456,0.7141753113588017,0
vidstg,corrupt,role,fixed,R_W,below_zero,0.05,0.0,0.15000000000000002,0
vidstg,corrupt,role,fixed,R_W,above_one,0.0625,0.0,0.1875,0
vidstg,corrupt,role,nested,P_A,r2,-0.15437576264977437,-0.9836217432750752,0.22634852831031024,0
vidstg,corrupt,role,nested,P_A,mae,0.39151270717836,0.3018530432593817,0.4943833152362651,0
vidstg,corrupt,role,nested,P_A,mse,0.19409980524441323,0.11449630703317601,0.3014121876043493,0
vidstg,corrupt,role,nested,P_A,rho,0.18571875452116476,-0.42867293568203363,0.5742953967204302,0
vidstg,corrupt,role,nested,P_A,truth_mean,0.48381118631132286,0.28582124103855333,0.684145536031457,0
vidstg,corrupt,role,nested,P_A,prediction_mean,0.44947445203973924,0.3403470384102107,0.5765046149571723,0
vidstg,corrupt,role,nested,P_A,below_zero,0.0,0.0,0.0,0
vidstg,corrupt,role,nested,P_A,above_one,0.05,0.0,0.15000000000000002,0
vidstg,corrupt,role,nested,R_A,r2,-0.39870720860820197,-1.5253332339459595,-0.03044915998231488,0
vidstg,corrupt,role,nested,R_A,mae,0.40787320170425717,0.3012443831245583,0.515344563642052,0
vidstg,corrupt,role,nested,R_A,mse,0.22792994120541193,0.1414466805254336,0.32804823369226055,0
vidstg,corrupt,role,nested,R_A,rho,-0.02578899814657807,-0.48702259045029395,0.3032513367227124,0
vidstg,corrupt,role,nested,R_A,truth_mean,0.565615942689824,0.3661008460388153,0.7596740377102505,0
vidstg,corrupt,role,nested,R_A,prediction_mean,0.5718379111483698,0.4710549848188319,0.6907852035504591,0
vidstg,corrupt,role,nested,R_A,below_zero,0.0,0.0,0.0,0
vidstg,corrupt,role,nested,R_A,above_one,0.05,0.0,0.15000000000000002,0
vidstg,corrupt,role,nested,P_W,r2,-0.20405127915328647,-0.9835726896914816,0.17121037665495437,0
vidstg,corrupt,role,nested,P_W,mae,0.43757914904213024,0.35375505277980723,0.5273038322322545,0
vidstg,corrupt,role,nested,P_W,mse,0.22952234031319688,0.14746430881226025,0.32353688230156447,0
vidstg,corrupt,role,nested,P_W,rho,0.08958007268539175,-0.4877780765247293,0.5144962579908716,0
vidstg,corrupt,role,nested,P_W,truth_mean,0.5085657072274151,0.2972473492477398,0.7211461797761917,0
vidstg,corrupt,role,nested,P_W,prediction_mean,0.4844142833432936,0.3829133708924476,0.6057851865718408,0
vidstg,corrupt,role,nested,P_W,below_zero,0.0,0.0,0.0,0
vidstg,corrupt,role,nested,P_W,above_one,0.05,0.0,0.15000000000000002,0
vidstg,corrupt,role,nested,R_W,r2,-0.12399665786586911,-0.8835695354097611,0.12435712485367309,0
vidstg,corrupt,role,nested,R_W,mae,0.3811218980615099,0.2951973432377242,0.46551954414167784,0
vidstg,corrupt,role,nested,R_W,mse,0.1825403294917441,0.1198042703157795,0.24771042878867286,0
vidstg,corrupt,role,nested,R_W,rho,0.15950964450597221,-0.20784927001424322,0.47311986045302323,0
vidstg,corrupt,role,nested,R_W,truth_mean,0.5831414718596041,0.3963787827186735,0.7613182626081771,0
vidstg,corrupt,role,nested,R_W,prediction_mean,0.6121585905524883,0.5173756196977197,0.7198913515752595,0
vidstg,corrupt,role,nested,R_W,below_zero,0.0,0.0,0.0,0
vidstg,corrupt,role,nested,R_W,above_one,0.0625,0.0,0.1875,0
vidstg,clean,all,fixed,P_A,r2,0.13289895501454663,-0.5705352258075145,0.49218792541862255,0
vidstg,clean,all,fixed,P_A,mae,0.32433647777852714,0.2324213753474974,0.4211942249471446,0
vidstg,clean,all,fixed,P_A,mse,0.1427842424506469,0.0775859932733864,0.2169507572630017,0
vidstg,clean,all,fixed,P_A,rho,0.4041326132558651,-0.051788790448692064,0.7473389300928184,0
vidstg,clean,all,fixed,P_A,truth_mean,0.48480697411906115,0.28839470229852826,0.6841911294997903,0
vidstg,clean,all,fixed,P_A,prediction_mean,0.451015436165515,0.346618855170818,0.5658247563847025,0
vidstg,clean,all,fixed,P_A,below_zero,0.0,0.0,0.0,0
vidstg,clean,all,fixed,P_A,above_one,0.0,0.0,0.0,0
vidstg,clean,all,fixed,R_A,r2,-0.693179105994709,-3.1829299380669998,0.1821642177914975,0
vidstg,clean,all,fixed,R_A,mae,0.41762081839718446,0.2716518351847577,0.5824436086580997,0
vidstg,clean,all,fixed,R_A,mse,0.2749475821230949,0.11637916410771462,0.48093943575690107,0
vidstg,clean,all,fixed,R_A,rho,-0.04004639949504556,-0.48036783564376256,0.5000052044687574,0
vidstg,clean,all,fixed,R_A,truth_mean,0.5748143072234565,0.3734670025810172,0.7715260949560089,0
vidstg,clean,all,fixed,R_A,prediction_mean,0.43493027339858215,0.2936409430438514,0.5767617186336488,0
vidstg,clean,all,fixed,R_A,below_zero,0.0625,0.0,0.1875,0
vidstg,clean,all,fixed,R_A,above_one,0.0625,0.0,0.1875,0
vidstg,clean,all,fixed,P_W,r2,0.06363534268008597,-0.584153931687154,0.364788279774796,0
vidstg,clean,all,fixed,P_W,mae,0.3821561997458144,0.304851085243154,0.45573449989528153,0
vidstg,clean,all,fixed,P_W,mse,0.17039180012953947,0.11586165560050772,0.2267710936540691,0
vidstg,clean,all,fixed,P_W,rho,0.3120667408642452,-0.149213067085922,0.6549876089114208,0
vidstg,clean,all,fixed,P_W,truth_mean,0.485106396562081,0.276980841811982,0.6941126698190149,0
vidstg,clean,all,fixed,P_W,prediction_mean,0.4847975338325929,0.3847875908183392,0.5913906278088057,0
vidstg,clean,all,fixed,P_W,below_zero,0.0,0.0,0.0,0
vidstg,clean,all,fixed,P_W,above_one,0.0,0.0,0.0,0
vidstg,clean,all,fixed,R_W,r2,-0.5655341226184964,-2.5498432858355624,0.08202706003356085,0
vidstg,clean,all,fixed,R_W,mae,0.43048464909473283,0.30037182252637784,0.5679956489144603,0
vidstg,clean,all,fixed,R_W,mse,0.26009727922791803,0.1320190001474181,0.42632642037359103,0
vidstg,clean,all,fixed,R_W,rho,-0.09182673909011506,-0.5435457477312314,0.41992865529200335,0
vidstg,clean,all,fixed,R_W,truth_mean,0.563157373354377,0.35884986910267636,0.757496730457528,0
vidstg,clean,all,fixed,R_W,prediction_mean,0.484579636881991,0.35425242805592455,0.6127804985223748,0
vidstg,clean,all,fixed,R_W,below_zero,0.0625,0.0,0.1875,0
vidstg,clean,all,fixed,R_W,above_one,0.0625,0.0,0.1875,0
vidstg,clean,all,nested,P_A,r2,0.20028307995497563,-0.47183317127685914,0.5340457431262369,0
vidstg,clean,all,nested,P_A,mae,0.3042720476244196,0.21082137996372466,0.4042829649306939,0
vidstg,clean,all,nested,P_A,mse,0.13168819858302555,0.0710411561636136,0.20024009448295305,0
vidstg,clean,all,nested,P_A,rho,0.4865296943134756,0.06414579864266573,0.763427319188012,0
vidstg,clean,all,nested,P_A,truth_mean,0.48480697411906115,0.28839470229852826,0.6841911294997903,0
vidstg,clean,all,nested,P_A,prediction_mean,0.42010590634039346,0.3116964964540943,0.5466408656819184,0
vidstg,clean,all,nested,P_A,below_zero,0.0,0.0,0.0,0
vidstg,clean,all,nested,P_A,above_one,0.0625,0.0,0.1875,0
vidstg,clean,all,nested,R_A,r2,-0.8838674407180114,-3.6518924521654785,0.021777938373537274,0
vidstg,clean,all,nested,R_A,mae,0.46363227042668115,0.32763341542717356,0.621743113129002,0
vidstg,clean,all,nested,R_A,mse,0.30591258540338884,0.14103822455150503,0.5192620961908718,0
vidstg,clean,all,nested,R_A,rho,-0.3090400496927213,-0.5924811646023341,0.30158883185642693,0
vidstg,clean,all,nested,R_A,truth_mean,0.5748143072234565,0.3734670025810172,0.7715260949560089,0
vidstg,clean,all,nested,R_A,prediction_mean,0.35816134284689777,0.24709132479227425,0.4501044204858872,0
vidstg,clean,all,nested,R_A,below_zero,0.125,0.0,0.3125,0
vidstg,clean,all,nested,R_A,above_one,0.0,0.0,0.0,0
vidstg,clean,all,nested,P_W,r2,0.1724579252351015,-0.42122327581584557,0.4506108295691869,0
vidstg,clean,all,nested,P_W,mae,0.35699759126441866,0.28264355038946826,0.430136700538021,0
vidstg,clean,all,nested,P_W,mse,0.15058917773094613,0.10126818652563399,0.2027880375977269,0
vidstg,clean,all,nested,P_W,rho,0.4324803193865707,-0.008590448613021535,0.7114014136995533,0
vidstg,clean,all,nested,P_W,truth_mean,0.485106396562081,0.276980841811982,0.6941126698190149,0
vidstg,clean,all,nested,P_W,prediction_mean,0.455182992152112,0.351221472576497,0.5730297267751571,0
vidstg,clean,all,nested,P_W,below_zero,0.0,0.0,0.0,0
vidstg,clean,all,nested,P_W,above_one,0.0625,0.0,0.1875,0
vidstg,clean,all,nested,R_W,r2,-0.7088297760458648,-2.9429554042744,-0.08349813515192349,0
vidstg,clean,all,nested,R_W,mae,0.46931850798619185,0.35063346707533827,0.5977406805148703,0
vidstg,clean,all,nested,R_W,mse,0.2839043678395073,0.16187831873480243,0.44460277037166096,0
vidstg,clean,all,nested,R_W,rho,-0.3675298426077162,-0.6242639371152225,0.008739131774566094,0
vidstg,clean,all,nested,R_W,truth_mean,0.563157373354377,0.35884986910267636,0.757496730457528,0
vidstg,clean,all,nested,R_W,prediction_mean,0.395646239512422,0.2961153104719576,0.47592423278382673,0
vidstg,clean,all,nested,R_W,below_zero,0.0625,0.0,0.1875,0
vidstg,clean,all,nested,R_W,above_one,0.0,0.0,0.0,0
vidstg,clean,role,fixed,P_A,r2,-0.07141049284423784,-1.0264817047031856,0.39827701787882613,0
vidstg,clean,role,fixed,P_A,mae,0.35551056560310784,0.2517421164032613,0.4689938275935348,0
vidstg,clean,role,fixed,P_A,mse,0.1764275760698745,0.09158095667474515,0.2876647023321507,0
vidstg,clean,role,fixed,P_A,rho,0.2600182859984134,-0.26098587993175015,0.6844254225766124,0
vidstg,clean,role,fixed,P_A,truth_mean,0.48480697411906115,0.28839470229852826,0.6841911294997903,0
vidstg,clean,role,fixed,P_A,prediction_mean,0.4747182620442981,0.3537122301818922,0.6056733635477467,0
vidstg,clean,role,fixed,P_A,below_zero,0.0,0.0,0.0,0
vidstg,clean,role,fixed,P_A,above_one,0.0625,0.0,0.1875,0
vidstg,clean,role,fixed,R_A,r2,-0.4457898082818825,-2.095359825985566,0.18194926338746903,0
vidstg,clean,role,fixed,R_A,mae,0.38974517016685917,0.25586375051264487,0.5339806126904632,0
vidstg,clean,role,fixed,R_A,mse,0.23477516976078175,0.11058805101990327,0.39327056660282467,0
vidstg,clean,role,fixed,R_A,rho,0.0025608804514302757,-0.49559118223474974,0.5124021307581903,0
vidstg,clean,role,fixed,R_A,truth_mean,0.5748143072234565,0.3734670025810172,0.7715260949560089,0
vidstg,clean,role,fixed,R_A,prediction_mean,0.5117288905862477,0.3827696769735495,0.6436353077980926,0
vidstg,clean,role,fixed,R_A,below_zero,0.0625,0.0,0.1875,0
vidstg,clean,role,fixed,R_A,above_one,0.0625,0.0,0.1875,0
vidstg,clean,role,fixed,P_W,r2,-0.14480116774255114,-1.043680084903692,0.3164453256583759,0
vidstg,clean,role,fixed,P_W,mae,0.40623483551065737,0.30716191904808604,0.5070257218481119,0
vidstg,clean,role,fixed,P_W,mse,0.20832133105105788,0.12130607191527729,0.30337889401434304,0
vidstg,clean,role,fixed,P_W,rho,0.19111906470842693,-0.30867687199016364,0.6205711265053988,0
vidstg,clean,role,fixed,P_W,truth_mean,0.485106396562081,0.276980841811982,0.6941126698190149,0
vidstg,clean,role,fixed,P_W,prediction_mean,0.49450825095990203,0.3694638232470214,0.6280609571636178,0
vidstg,clean,role,fixed,P_W,below_zero,0.0,0.0,0.0,0
vidstg,clean,role,fixed,P_W,above_one,0.0625,0.0,0.1875,0
vidstg,clean,role,fixed,R_W,r2,-0.317126464156233,-1.5789483462955993,0.30201670061060065,0
vidstg,clean,role,fixed,R_W,mae,0.37162438904718986,0.23482462786101838,0.5124582175565243,0
vidstg,clean,role,fixed,R_W,mse,0.21882691969251147,0.10377884195838832,0.3479530948015881,0
vidstg,clean,role,fixed,R_W,rho,0.18413833323090278,-0.32248807177032995,0.6351841655598645,0
vidstg,clean,role,fixed,R_W,truth_mean,0.563157373354377,0.35884986910267636,0.757496730457528,0
vidstg,clean,role,fixed,R_W,prediction_mean,0.562153444695937,0.4079817229294401,0.7168545833067616,0
vidstg,clean,role,fixed,R_W,below_zero,0.0625,0.0,0.1875,0
vidstg,clean,role,fixed,R_W,above_one,0.0625,0.0,0.1875,0
vidstg,clean,role,nested,P_A,r2,-0.18019705703465072,-1.0777490667886962,0.20123361369877635,0
vidstg,clean,role,nested,P_A,mae,0.39768471285259055,0.3102866874742014,0.4963014340726339,0
vidstg,clean,role,nested,P_A,mse,0.19434129817477327,0.11703970623959631,0.3006539293798403,0
vidstg,clean,role,nested,P_A,rho,0.20978999851017519,-0.4131311680994421,0.6018857639181595,0
vidstg,clean,role,nested,P_A,truth_mean,0.48480697411906115,0.28839470229852826,0.6841911294997903,0
vidstg,clean,role,nested,P_A,prediction_mean,0.47265324965842415,0.34968279548369713,0.6203583774129798,0
vidstg,clean,role,nested,P_A,below_zero,0.0,0.0,0.0,0
vidstg,clean,role,nested,P_A,above_one,0.0625,0.0,0.1875,0
vidstg,clean,role,nested,R_A,r2,-0.24192679562492225,-1.3187421112231685,0.08940667617048054,0
vidstg,clean,role,nested,R_A,mae,0.37743720638909123,0.26075260154930974,0.49664012234329225,0
vidstg,clean,role,nested,R_A,mse,0.20167079101200674,0.1145179931991318,0.30483016235803573,0
vidstg,clean,role,nested,R_A,rho,0.006395222364215208,-0.49464839277711903,0.4499814845032013,0
vidstg,clean,role,nested,R_A,truth_mean,0.5748143072234565,0.3734670025810172,0.7715260949560089,0
vidstg,clean,role,nested,R_A,prediction_mean,0.5616579627595722,0.46696122226651604,0.6644126863189818,0
vidstg,clean,role,nested,R_A,below_zero,0.0,0.0,0.0,0
vidstg,clean,role,nested,R_A,above_one,0.0625,0.0,0.1875,0
vidstg,clean,role,nested,P_W,r2,-0.26281685320184045,-1.1126536728748968,0.12648758534546362,0
vidstg,clean,role,nested,P_W,mae,0.45251792209013264,0.37705053010905176,0.5311864514066524,0
vidstg,clean,role,nested,P_W,mse,0.22979683734204287,0.15433499578600693,0.31442189380064034,0
vidstg,clean,role,nested,P_W,rho,0.11928936776733988,-0.4704653350263147,0.5333228687489201,0
vidstg,clean,role,nested,P_W,truth_mean,0.485106396562081,0.276980841811982,0.6941126698190149,0
vidstg,clean,role,nested,P_W,prediction_mean,0.4981872374693048,0.37566234756974937,0.6463270444518335,0
vidstg,clean,role,nested,P_W,below_zero,0.0,0.0,0.0,0
vidstg,clean,role,nested,P_W,above_one,0.0625,0.0,0.1875,0
vidstg,clean,role,nested,R_W,r2,-0.1985592630584776,-1.0602440034592386,0.11350633434223328,0
vidstg,clean,role,nested,R_W,mae,0.3952777139257059,0.29202834270667716,0.495434761326808,0
vidstg,clean,role,nested,R_W,mse,0.19912820730698097,0.1207174574841541,0.2785214210028728,0
vidstg,clean,role,nested,R_W,rho,0.07291084313408762,-0.36830684166187055,0.5195723557073789,0
vidstg,clean,role,nested,R_W,truth_mean,0.563157373354377,0.35884986910267636,0.757496730457528,0
vidstg,clean,role,nested,R_W,prediction_mean,0.6020124059202103,0.5016559992491836,0.7082966404340486,0
vidstg,clean,role,nested,R_W,below_zero,0.0,0.0,0.0,0
vidstg,clean,role,nested,R_W,above_one,0.0625,0.0,0.1875,0
hc2,all,all,fixed,P_A,r2,-0.09739429209658712,-1.3847863679273504,0.261452775411566,0
hc2,all,all,fixed,P_A,mae,0.2156670739826292,0.15283717095222343,0.2815397519857757,0
hc2,all,all,fixed,P_A,mse,0.06563854746824836,0.03412527346771392,0.10011440106118662,0
hc2,all,all,fixed,P_A,rho,0.19473027883511806,-0.2470962024697203,0.5746919307429424,0
hc2,all,all,fixed,P_A,truth_mean,0.5721108280198293,0.44941064630448924,0.6887115830484011,0
hc2,all,all,fixed,P_A,prediction_mean,0.5563221133499513,0.4849084005613492,0.6226332651835552,0
hc2,all,all,fixed,P_A,below_zero,0.0,0.0,0.0,0
hc2,all,all,fixed,P_A,above_one,0.0,0.0,0.0,0
hc2,all,all,fixed,R_A,r2,-0.18926524999572103,-6.55036205311313,0.2918296148781597,0
hc2,all,all,fixed,R_A,mae,0.23347626656149997,0.157277716172746,0.315427404220465,0
hc2,all,all,fixed,R_A,mse,0.08047053641119574,0.038027666260375924,0.12937737329584365,0
hc2,all,all,fixed,R_A,rho,0.20938992427732103,-0.4950858835724778,0.5929352044337088,0
hc2,all,all,fixed,R_A,truth_mean,0.8435364430191894,0.701984839640162,0.9527214799550049,0
hc2,all,all,fixed,R_A,prediction_mean,0.8099400541894319,0.730358097753262,0.8953239947806603,0
hc2,all,all,fixed,R_A,below_zero,0.0,0.0,0.0,0
hc2,all,all,fixed,R_A,above_one,0.09523809523809525,0.0,0.25,0
hc2,all,all,fixed,P_W,r2,-0.13139538673195417,-1.243624722586241,0.16644903288003488,0
hc2,all,all,fixed,P_W,mae,0.24387770192819666,0.1714527971708386,0.3199651623531448,0
hc2,all,all,fixed,P_W,mse,0.08178918587813332,0.04186300270898665,0.12873772608351097,0
hc2,all,all,fixed,P_W,rho,0.06043555606303277,-0.3740125036079292,0.5153268677188636,0
hc2,all,all,fixed,P_W,truth_mean,0.6022975152176155,0.46253475120244747,0.7373190147595562,0
hc2,all,all,fixed,P_W,prediction_mean,0.6000802662117988,0.5378802875943701,0.6546658718493633,0
hc2,all,all,fixed,P_W,below_zero,0.0,0.0,0.0,0
hc2,all,all,fixed,P_W,above_one,0.0,0.0,0.0,0
hc2,all,all,fixed,R_W,r2,-0.34724889522846936,-8.64377471235946,-0.0548124075197923,0
hc2,all,all,fixed,R_W,mae,0.2612883295239656,0.1813563113785709,0.3600370910553424,0
hc2,all,all,fixed,R_W,mse,0.10354024544218628,0.04548826839564551,0.18934644274009094,0
hc2,all,all,fixed,R_W,rho,-0.13522388738089894,-0.6335060220637885,0.16178017452032117,0
hc2,all,all,fixed,R_W,truth_mean,0.8343816427366563,0.679881890596413,0.9516633759196389,0
hc2,all,all,fixed,R_W,prediction_mean,0.8046832591610978,0.747945608511459,0.8619588299393873,0
hc2,all,all,fixed,R_W,below_zero,0.0,0.0,0.0,0
hc2,all,all,fixed,R_W,above_one,0.011904761904761904,0.0,0.03571428571428571,0
hc2,all,all,nested,P_A,r2,-0.3621672153192912,-1.849640652057932,0.03557945210525107,0
hc2,all,all,nested,P_A,mae,0.2349904699995377,0.15689257532254694,0.3119000691028465,0
hc2,all,all,nested,P_A,mse,0.08147543509781396,0.04462256412638893,0.12005256134863171,0
hc2,all,all,nested,P_A,rho,-0.06971346427894876,-0.4777885806789416,0.3685276552447722,0
hc2,all,all,nested,P_A,truth_mean,0.5721108280198293,0.44941064630448924,0.6887115830484011,0
hc2,all,all,nested,P_A,prediction_mean,0.499844331665566,0.44220688146356324,0.5586889608313336,0
hc2,all,all,nested,P_A,below_zero,0.0,0.0,0.0,0
hc2,all,all,nested,P_A,above_one,0.0,0.0,0.0,0
hc2,all,all,nested,R_A,r2,0.1330058962101326,-3.957294418223174,0.39708266574482914,0
hc2,all,all,nested,R_A,mae,0.2081564461380303,0.15380066695211786,0.2703256432475244,0
hc2,all,all,nested,R_A,mse,0.05866435649874203,0.029814031818134072,0.09668495151698336,0
hc2,all,all,nested,R_A,rho,0.4563468417579783,-0.5994637980852693,0.8338116071429513,0
hc2,all,all,nested,R_A,truth_mean,0.8435364430191894,0.701984839640162,0.9527214799550049,0
hc2,all,all,nested,R_A,prediction_mean,0.7772476552026043,0.733049066032889,0.8182417677144299,0
hc2,all,all,nested,R_A,below_zero,0.0,0.0,0.0,0
hc2,all,all,nested,R_A,above_one,0.0,0.0,0.0,0
hc2,all,all,nested,P_W,r2,-0.38449757570100296,-1.885213321309596,0.008995636611178807,0
hc2,all,all,nested,P_W,mae,0.26657701541491347,0.1783498038530767,0.35309792770587295,0
hc2,all,all,nested,P_W,mse,0.1000860803347627,0.054155682217228926,0.14752913731957173,0
hc2,all,all,nested,P_W,rho,-0.17490091684843082,-0.6240457953977391,0.30774265825253744,0
hc2,all,all,nested,P_W,truth_mean,0.6022975152176155,0.46253475120244747,0.7373190147595562,0
hc2,all,all,nested,P_W,prediction_mean,0.5170544732895623,0.4641704841447992,0.5722426119717416,0
hc2,all,all,nested,P_W,below_zero,0.0,0.0,0.0,0
hc2,all,all,nested,P_W,above_one,0.0,0.0,0.0,0
hc2,all,all,nested,R_W,r2,-0.01878176778255436,-5.3129979238089025,0.13934147351078982,0
hc2,all,all,nested,R_W,mae,0.2245439375281964,0.15234843484047617,0.316889672411015,0
hc2,all,all,nested,R_W,mse,0.07829653055335536,0.03304507296157713,0.149625448725695,0
hc2,all,all,nested,R_W,rho,0.11280178938023186,-0.7289895165723037,0.5670074575468128,0
hc2,all,all,nested,R_W,truth_mean,0.8343816427366563,0.679881890596413,0.9516633759196389,0
hc2,all,all,nested,R_W,prediction_mean,0.7937365078636984,0.765217713184531,0.822313152148161,0
hc2,all,all,nested,R_W,below_zero,0.0,0.0,0.0,0
hc2,all,all,nested,R_W,above_one,0.0,0.0,0.0,0
hc2,all,role,fixed,P_A,r2,-0.4084650858607677,-2.4434356341236354,0.1269619691900064,0
hc2,all,role,fixed,P_A,mae,0.24488018074898368,0.1676642693362951,0.32272384414145383,0
hc2,all,role,fixed,P_A,mse,0.08424465396026096,0.04363228244996503,0.12808152012551127,0
hc2,all,role,fixed,P_A,rho,0.09572855175585483,-0.31059898579275746,0.45612255237106536,0
hc2,all,role,fixed,P_A,truth_mean,0.5721108280198293,0.44941064630448924,0.6887115830484011,0
hc2,all,role,fixed,P_A,prediction_mean,0.5660052769497425,0.4671113337624761,0.6526867514916218,0
hc2,all,role,fixed,P_A,below_zero,0.0,0.0,0.0,0
hc2,all,role,fixed,P_A,above_one,0.0,0.0,0.0,0
hc2,all,role,fixed,R_A,r2,-1.0580422275064012,-8.18560458929809,-0.428355275636904,0
hc2,all,role,fixed,R_A,mae,0.26970069012504116,0.15501512218010796,0.4019763626826053,0
hc2,all,role,fixed,R_A,mse,0.1392555294161064,0.046655177441658605,0.25986453862261627,0
hc2,all,role,fixed,R_A,rho,-0.2849386008087345,-0.5870313756051021,0.011738222534431091,0
hc2,all,role,fixed,R_A,truth_mean,0.8435364430191894,0.701984839640162,0.9527214799550049,0
hc2,all,role,fixed,R_A,prediction_mean,0.869687598621794,0.7644416614956662,0.9611721067741986,0
hc2,all,role,fixed,R_A,below_zero,0.0,0.0,0.0,0
hc2,all,role,fixed,R_A,above_one,0.2261904761904762,0.07142857142857142,0.41666666666666663,0
hc2,all,role,fixed,P_W,r2,-0.29601727708291126,-1.8974908302022246,0.12824491640025798,0
hc2,all,role,fixed,P_W,mae,0.2487079338355957,0.16016486951318262,0.3411205062256364,0
hc2,all,role,fixed,P_W,mse,0.09368979157921879,0.04369503918630859,0.1516122557625385,0
hc2,all,role,fixed,P_W,rho,0.009268684233249386,-0.3256268887212509,0.43126391140556736,0
hc2,all,role,fixed,P_W,truth_mean,0.6022975152176155,0.46253475120244747,0.7373190147595562,0
hc2,all,role,fixed,P_W,prediction_mean,0.592390181825727,0.5067949374624402,0.6598182996140112,0
hc2,all,role,fixed,P_W,below_zero,0.0,0.0,0.0,0
hc2,all,role,fixed,P_W,above_one,0.0,0.0,0.0,0
hc2,all,role,fixed,R_W,r2,-0.8810509636386461,-7.782428088018223,-0.5831254854626593,0
hc2,all,role,fixed,R_W,mae,0.27212563367087855,0.15678477349994283,0.4237493060089602,0
hc2,all,role,fixed,R_W,mse,0.1445645857674857,0.04004083542567199,0.31091040484437854,0
hc2,all,role,fixed,R_W,rho,-0.505175210960452,-0.7294600084184628,-0.07357150623438664,0
hc2,all,role,fixed,R_W,truth_mean,0.8343816427366563,0.679881890596413,0.9516633759196389,0
hc2,all,role,fixed,R_W,prediction_mean,0.8390118652427052,0.7587991150487253,0.9133688041996448,0
hc2,all,role,fixed,R_W,below_zero,0.0,0.0,0.0,0
hc2,all,role,fixed,R_W,above_one,0.10714285714285714,0.0,0.26190476190476186,0
hc2,all,role,nested,P_A,r2,-0.587779824934388,-2.904272699181531,0.08735730325891639,0
hc2,all,role,nested,P_A,mae,0.25978095924633393,0.1790812920691222,0.33732469284521016,0
hc2,all,role,nested,P_A,mse,0.09497002322562657,0.05374917778115624,0.13619279342069093,0
hc2,all,role,nested,P_A,rho,0.11085468658989288,-0.564250565522166,0.47795923857602995,0
hc2,all,role,nested,P_A,truth_mean,0.5721108280198293,0.44941064630448924,0.6887115830484011,0
hc2,all,role,nested,P_A,prediction_mean,0.540587189172595,0.41941501844762097,0.6454616033784891,0
hc2,all,role,nested,P_A,below_zero,0.047619047619047616,0.0,0.14285714285714285,0
hc2,all,role,nested,P_A,above_one,0.0,0.0,0.0,0
hc2,all,role,nested,R_A,r2,-0.18391335253411434,-2.05217962013553,-0.15165699959521717,0
hc2,all,role,nested,R_A,mae,0.20942159668725566,0.13762613015203554,0.3127361520128204,0
hc2,all,role,nested,R_A,mse,0.08010840520492804,0.023516826674200547,0.17900241751178878,0
hc2,all,role,nested,R_A,rho,-0.6421855200616863,-0.8878806639866814,-0.283474593901785,0
hc2,all,role,nested,R_A,truth_mean,0.8435364430191894,0.701984839640162,0.9527214799550049,0
hc2,all,role,nested,R_A,prediction_mean,0.8422322650799373,0.8265356481414889,0.8596806745324588,0
hc2,all,role,nested,R_A,below_zero,0.0,0.0,0.0,0
hc2,all,role,nested,R_A,above_one,0.0,0.0,0.0,0
hc2,all,role,nested,P_W,r2,-0.47722741859785645,-2.090020672847016,-0.049957138098981314,0
hc2,all,role,nested,P_W,mae,0.28436958580329724,0.20072693999007793,0.36400994019655564,0
hc2,all,role,nested,P_W,mse,0.1067895709500534,0.0605383824115595,0.15256636006407856,0
hc2,all,role,nested,P_W,rho,-0.04100323006604181,-0.5874137116250691,0.3188324833109747,0
hc2,all,role,nested,P_W,truth_mean,0.6022975152176155,0.46253475120244747,0.7373190147595562,0
hc2,all,role,nested,P_W,prediction_mean,0.5609775519202486,0.46503508000588845,0.6448089814885102,0
hc2,all,role,nested,P_W,below_zero,0.0,0.0,0.0,0
hc2,all,role,nested,P_W,above_one,0.0,0.0,0.0,0
hc2,all,role,nested,R_W,r2,-0.2001965100271459,-2.7318281552758865,-0.1699862827879204,0
hc2,all,role,nested,R_W,mae,0.20660658759525954,0.11639611465823724,0.3334960226905981,0
hc2,all,role,nested,R_W,mse,0.09223881471878463,0.021749523335612912,0.21167815634629517,0
hc2,all,role,nested,R_W,rho,-0.7394807654968399,-0.9755093416765284,-0.5960804322946232,0
hc2,all,role,nested,R_W,truth_mean,0.8343816427366563,0.679881890596413,0.9516633759196389,0
hc2,all,role,nested,R_W,prediction_mean,0.84689574270636,0.8309382830971886,0.865699971907159,0
hc2,all,role,nested,R_W,below_zero,0.0,0.0,0.0,0
hc2,all,role,nested,R_W,above_one,0.0,0.0,0.0,0
hc2,corrupt,all,fixed,P_A,r2,-0.11108302363297828,-1.3766127621053712,0.25741683954018707,0
hc2,corrupt,all,fixed,P_A,mae,0.21817908729625163,0.15361694594157949,0.28475348683951784,0
hc2,corrupt,all,fixed,P_A,mse,0.06731695659213278,0.03502366922788472,0.10280526375659665,0
hc2,corrupt,all,fixed,P_A,rho,0.18343120436726937,-0.24685544619473293,0.5687746427766495,0
hc2,corrupt,all,fixed,P_A,truth_mean,0.5765218961612072,0.45400838509161934,0.6932809268308938,0
hc2,corrupt,all,fixed,P_A,prediction_mean,0.5564953483897676,0.48486637327230686,0.6222958215548011,0
hc2,corrupt,all,fixed,P_A,below_zero,0.0,0.0,0.0,0
hc2,corrupt,all,fixed,P_A,above_one,0.0,0.0,0.0,0
hc2,corrupt,all,fixed,R_A,r2,-0.23638884834968055,-6.234197118788484,0.2539878004048855,0
hc2,corrupt,all,fixed,R_A,mae,0.23303103213113316,0.15579241063274651,0.3156419696576605,0
hc2,corrupt,all,fixed,R_A,mse,0.08082260091067282,0.03768832497109527,0.13084776146209992,0
hc2,corrupt,all,fixed,R_A,rho,0.179957033214055,-0.5033983940614061,0.5587186434808843,0
hc2,corrupt,all,fixed,R_A,truth_mean,0.8449580608401803,0.7070379408800805,0.9519493798735519,0
hc2,corrupt,all,fixed,R_A,prediction_mean,0.813268409597036,0.7345695991924986,0.8973244571253823,0
hc2,corrupt,all,fixed,R_A,below_zero,0.0,0.0,0.0,0
hc2,corrupt,all,fixed,R_A,above_one,0.09999999999999999,0.0,0.2571428571428571,0
hc2,corrupt,all,fixed,P_W,r2,-0.15265332138068155,-1.2829921495680956,0.1596312385638334,0
hc2,corrupt,all,fixed,P_W,mae,0.24513133205826268,0.16938023763888155,0.3242357060055089,0
hc2,corrupt,all,fixed,P_W,mse,0.08410995144854717,0.04195638756190189,0.13290209784066728,0
hc2,corrupt,all,fixed,P_W,rho,0.03985785591528306,-0.3879873852942522,0.5022233018621918,0
hc2,corrupt,all,fixed,P_W,truth_mean,0.6025626954806602,0.4616926076143896,0.7376744874684152,0
hc2,corrupt,all,fixed,P_W,prediction_mean,0.5995205654340184,0.5362262725687227,0.6549243030692089,0
hc2,corrupt,all,fixed,P_W,below_zero,0.0,0.0,0.0,0
hc2,corrupt,all,fixed,P_W,above_one,0.0,0.0,0.0,0
hc2,corrupt,all,fixed,R_W,r2,-0.384787601486676,-8.52893391708306,-0.09750044601498566,0
hc2,corrupt,all,fixed,R_W,mae,0.2675869896760919,0.18781157547603775,0.36657123507497597,0
hc2,corrupt,all,fixed,R_W,mse,0.10742109017911357,0.047868671207326054,0.19618281895065107,0
hc2,corrupt,all,fixed,R_W,rho,-0.17063497894979074,-0.6341254665687923,0.11478158122764807,0
hc2,corrupt,all,fixed,R_W,truth_mean,0.8308827977619012,0.6745702268265755,0.9496015597843305,0
hc2,corrupt,all,fixed,R_W,prediction_mean,0.8023105503215364,0.745382517806733,0.860015552924357,0
hc2,corrupt,all,fixed,R_W,below_zero,0.0,0.0,0.0,0
hc2,corrupt,all,fixed,R_W,above_one,0.014285714285714287,0.0,0.04285714285714286,0
hc2,corrupt,all,nested,P_A,r2,-0.3867526034409847,-1.8644331448272415,0.025970722365797127,0
hc2,corrupt,all,nested,P_A,mae,0.23917739061685644,0.16067344056499658,0.3162838099724603,0
hc2,corrupt,all,nested,P_A,mse,0.08401889221979568,0.04613707665023352,0.12299120449594432,0
hc2,corrupt,all,nested,P_A,rho,-0.08552508319805058,-0.48675834126625117,0.3542539492645439,0
hc2,corrupt,all,nested,P_A,truth_mean,0.5765218961612072,0.45400838509161934,0.6932809268308938,0
hc2,corrupt,all,nested,P_A,prediction_mean,0.49961869754289895,0.4415098090639343,0.5586455583426411,0
hc2,corrupt,all,nested,P_A,below_zero,0.0,0.0,0.0,0
hc2,corrupt,all,nested,P_A,above_one,0.0,0.0,0.0,0
hc2,corrupt,all,nested,R_A,r2,0.11674650530724784,-3.6836747282290268,0.3839239173826034,0
hc2,corrupt,all,nested,R_A,mae,0.20607704541544045,0.15251313412011122,0.26708016167412674,0
hc2,corrupt,all,nested,R_A,mse,0.05773818228771299,0.02954426838127897,0.09519276939242931,0
hc2,corrupt,all,nested,R_A,rho,0.4356592131268192,-0.5892129207032066,0.8151194409663174,0
hc2,corrupt,all,nested,R_A,truth_mean,0.8449580608401803,0.7070379408800805,0.9519493798735519,0
hc2,corrupt,all,nested,R_A,prediction_mean,0.778952058756531,0.7361297417504046,0.81903935679893,0
hc2,corrupt,all,nested,R_A,below_zero,0.0,0.0,0.0,0
hc2,corrupt,all,nested,R_A,above_one,0.0,0.0,0.0,0
hc2,corrupt,all,nested,P_W,r2,-0.40031625630211787,-1.9256385295993546,0.003559684912213125,0
hc2,corrupt,all,nested,P_W,mae,0.2691301386201898,0.1802039944065222,0.35729049965284077,0
hc2,corrupt,all,nested,P_W,mse,0.10218209599144827,0.054925018964111366,0.1508405231151123,0
hc2,corrupt,all,nested,P_W,rho,-0.18930346778513768,-0.6337114126942606,0.29568044840271235,0
hc2,corrupt,all,nested,P_W,truth_mean,0.6025626954806602,0.4616926076143896,0.7376744874684152,0
hc2,corrupt,all,nested,P_W,prediction_mean,0.5168170024704595,0.4631674841485454,0.5726922217851723,0
hc2,corrupt,all,nested,P_W,below_zero,0.0,0.0,0.0,0
hc2,corrupt,all,nested,P_W,above_one,0.0,0.0,0.0,0
hc2,corrupt,all,nested,R_W,r2,-0.040094638375428815,-5.157077514899864,0.11230198503065754,0
hc2,corrupt,all,nested,R_W,mae,0.22826565315133157,0.1552044162799375,0.3215120357058153,0
hc2,corrupt,all,nested,R_W,mse,0.08068248143165836,0.034140486529554016,0.15408091729190698,0
hc2,corrupt,all,nested,R_W,rho,0.05296141363474221,-0.7308284385047316,0.5011030191827582,0
hc2,corrupt,all,nested,R_W,truth_mean,0.8308827977619012,0.6745702268265755,0.9496015597843305,0
hc2,corrupt,all,nested,R_W,prediction_mean,0.793687835508902,0.7655296165971376,0.8222484605628808,0
hc2,corrupt,all,nested,R_W,below_zero,0.0,0.0,0.0,0
hc2,corrupt,all,nested,R_W,above_one,0.0,0.0,0.0,0
hc2,corrupt,role,fixed,P_A,r2,-0.4061390433981036,-2.3318107030445976,0.1394910201637971,0
hc2,corrupt,role,fixed,P_A,mae,0.24477494043153705,0.16647776565268235,0.32405023534875815,0
hc2,corrupt,role,fixed,P_A,mse,0.08519345443459957,0.04372239216361441,0.130439221798124,0
hc2,corrupt,role,fixed,P_A,rho,0.09112295006168973,-0.30684466236370933,0.4639469048753278,0
hc2,corrupt,role,fixed,P_A,truth_mean,0.5765218961612072,0.45400838509161934,0.6932809268308938,0
hc2,corrupt,role,fixed,P_A,prediction_mean,0.5664499216009181,0.4679667040775294,0.6530873832568193,0
hc2,corrupt,role,fixed,P_A,below_zero,0.0,0.0,0.0,0
hc2,corrupt,role,fixed,P_A,above_one,0.0,0.0,0.0,0
hc2,corrupt,role,fixed,R_A,r2,-1.1132159845206138,-8.111715086058597,-0.4940580592830026,0
hc2,corrupt,role,fixed,R_A,mae,0.2711406622075684,0.1601062830583098,0.3999955672218425,0
hc2,corrupt,role,fixed,R_A,mse,0.1381406928596456,0.04732296588420684,0.2582939223604658,0
hc2,corrupt,role,fixed,R_A,rho,-0.2968929592725071,-0.591567955990509,-0.004394307674445365,0
hc2,corrupt,role,fixed,R_A,truth_mean,0.8449580608401803,0.7070379408800805,0.9519493798735519,0
hc2,corrupt,role,fixed,R_A,prediction_mean,0.8709662509434126,0.7661493465162508,0.9630543188809806,0
hc2,corrupt,role,fixed,R_A,below_zero,0.0,0.0,0.0,0
hc2,corrupt,role,fixed,R_A,above_one,0.24285714285714288,0.0857142857142857,0.4285714285714286,0
hc2,corrupt,role,fixed,P_W,r2,-0.30520377771797746,-1.8985877113685432,0.12868540619659186,0
hc2,corrupt,role,fixed,P_W,mae,0.24796854144287397,0.15601960555705496,0.34337809848573914,0
hc2,corrupt,role,fixed,P_W,mse,0.09524166923218598,0.043115534411896514,0.15490550757671398,0
hc2,corrupt,role,fixed,P_W,rho,0.001360198710127521,-0.33453496128152765,0.43318394468300886,0
hc2,corrupt,role,fixed,P_W,truth_mean,0.6025626954806602,0.4616926076143896,0.7376744874684152,0
hc2,corrupt,role,fixed,P_W,prediction_mean,0.5915878134760506,0.5055770516774932,0.6593128419793938,0
hc2,corrupt,role,fixed,P_W,below_zero,0.0,0.0,0.0,0
hc2,corrupt,role,fixed,P_W,above_one,0.0,0.0,0.0,0
hc2,corrupt,role,fixed,R_W,r2,-0.890325848161807,-7.590913644781788,-0.5825022168210381,0
hc2,corrupt,role,fixed,R_W,mae,0.2766417116281465,0.16156668892717163,0.4265361359673705,0
hc2,corrupt,role,fixed,R_W,mse,0.14663682949305537,0.04167945864178554,0.3120930881287652,0
hc2,corrupt,role,fixed,R_W,rho,-0.5015812492995261,-0.7250714649503447,-0.08182740661595655,0
hc2,corrupt,role,fixed,R_W,truth_mean,0.8308827977619012,0.6745702268265755,0.9496015597843305,0
hc2,corrupt,role,fixed,R_W,prediction_mean,0.8372461455100816,0.7556836899031141,0.9124152404976171,0
hc2,corrupt,role,fixed,R_W,below_zero,0.0,0.0,0.0,0
hc2,corrupt,role,fixed,R_W,above_one,0.11428571428571428,0.0,0.2714285714285714,0
hc2,corrupt,role,nested,P_A,r2,-0.5849377742870745,-2.762696545005025,0.08665142453289122,0
hc2,corrupt,role,nested,P_A,mae,0.26094222673965717,0.18037734437872807,0.3387177837651938,0
hc2,corrupt,role,nested,P_A,mse,0.09602629604046428,0.05448413539873152,0.13781514740219994,0
hc2,corrupt,role,nested,P_A,rho,0.10595566108011796,-0.5759925072044098,0.4826356875599004,0
hc2,corrupt,role,nested,P_A,truth_mean,0.5765218961612072,0.45400838509161934,0.6932809268308938,0
hc2,corrupt,role,nested,P_A,prediction_mean,0.541150223382725,0.42086053268607704,0.6455650896667294,0
hc2,corrupt,role,nested,P_A,below_zero,0.04285714285714286,0.0,0.12857142857142856,0
hc2,corrupt,role,nested,P_A,above_one,0.0,0.0,0.0,0
hc2,corrupt,role,nested,R_A,r2,-0.18744615440809742,-1.9129499239062404,-0.15566352714810744,0
hc2,corrupt,role,nested,R_A,mae,0.20614098895549274,0.13628842846333064,0.3065237547994701,0
hc2,corrupt,role,nested,R_A,mse,0.07762322247466236,0.023201328720078553,0.17288633573926512,0
hc2,corrupt,role,nested,R_A,rho,-0.6540379139403034,-0.8790624111602097,-0.29724218063062335,0
hc2,corrupt,role,nested,R_A,truth_mean,0.8449580608401803,0.7070379408800805,0.9519493798735519,0
hc2,corrupt,role,nested,R_A,prediction_mean,0.8419246400229398,0.8265249243083377,0.8588332032071982,0
hc2,corrupt,role,nested,R_A,below_zero,0.0,0.0,0.0,0
hc2,corrupt,role,nested,R_A,above_one,0.0,0.0,0.0,0
hc2,corrupt,role,nested,P_W,r2,-0.47914674580901395,-2.0876986934298944,-0.047665917058476184,0
hc2,corrupt,role,nested,P_W,mae,0.2840342541683886,0.1975411281654444,0.36589317953470163,0
hc2,corrupt,role,nested,P_W,mse,0.10793441416214344,0.06066334676890955,0.15474220327535174,0
hc2,corrupt,role,nested,P_W,rho,-0.04306292862148951,-0.5884756827504443,0.3223943752681627,0
hc2,corrupt,role,nested,P_W,truth_mean,0.6025626954806602,0.4616926076143896,0.7376744874684152,0
hc2,corrupt,role,nested,P_W,prediction_mean,0.5605141139417805,0.46437063905690223,0.6444624112498514,0
hc2,corrupt,role,nested,P_W,below_zero,0.0,0.0,0.0,0
hc2,corrupt,role,nested,P_W,above_one,0.0,0.0,0.0,0
hc2,corrupt,role,nested,R_W,r2,-0.20549860898866124,-2.57002812421829,-0.17033016904046638,0
hc2,corrupt,role,nested,R_W,mae,0.208081671884856,0.11662688659080157,0.3356814868316295,0
hc2,corrupt,role,nested,R_W,mse,0.09351323961013447,0.022072236329195596,0.21313450803706577,0
hc2,corrupt,role,nested,R_W,rho,-0.7580356858413907,-0.9748276708268832,-0.6234504935370869,0
hc2,corrupt,role,nested,R_W,truth_mean,0.8308827977619012,0.6745702268265755,0.9496015597843305,0
hc2,corrupt,role,nested,R_W,prediction_mean,0.8467453224502554,0.8307936538245279,0.865490635059338,0
hc2,corrupt,role,nested,R_W,below_zero,0.0,0.0,0.0,0
hc2,corrupt,role,nested,R_W,above_one,0.0,0.0,0.0,0
hc2,clean,all,fixed,P_A,r2,-0.03406067276535696,-1.901343608886327,0.2874146967211108,0
hc2,clean,all,fixed,P_A,mae,0.2031070074145174,0.13861922419806105,0.2700442930653186,0
hc2,clean,all,fixed,P_A,mse,0.0572465018488263,0.028722769794834638,0.09043394227642168,0
hc2,clean,all,fixed,P_A,rho,0.25532462804551836,-0.2784998772655546,0.6093003058057809,0
hc2,clean,all,fixed,P_A,truth_mean,0.5500554873129404,0.42626544798503047,0.6696306185372045,0
hc2,clean,all,fixed,P_A,prediction_mean,0.55545593815087,0.4834343637837143,0.6247151996147489,0
hc2,clean,all,fixed,P_A,below_zero,0.0,0.0,0.0,0
hc2,clean,all,fixed,P_A,above_one,0.0,0.0,0.0,0
hc2,clean,all,fixed,R_A,r2,0.004605555645577963,-13.119133287011584,0.45788234264283867,1
hc2,clean,all,fixed,R_A,mae,0.23570243871333396,0.1587344404685641,0.3182151607989626,0
hc2,clean,all,fixed,R_A,mse,0.07871021391381036,0.036760810567928764,0.12530030741562587,0
hc2,clean,all,fixed,R_A,rho,0.33925169263179605,-0.47814091432405115,0.7601113996096723,1
hc2,clean,all,fixed,R_A,truth_mean,0.8364283539142343,0.6738854202980177,0.9600111353245268,0
hc2,clean,all,fixed,R_A,prediction_mean,0.7932982771514128,0.7033937882925371,0.8872769385704646,0
hc2,clean,all,fixed,R_A,below_zero,0.0,0.0,0.0,0
hc2,clean,all,fixed,R_A,above_one,0.07142857142857142,0.0,0.21428571428571427,0
hc2,clean,all,fixed,P_W,r2,-0.01884017210309552,-1.0803531699692819,0.21578300130044567,0
hc2,clean,all,fixed,P_W,mae,0.23760955127786657,0.17809763535471404,0.3004210700325502,0
hc2,clean,all,fixed,P_W,mse,0.07018535802606399,0.04010361096924119,0.10741194114962088,0
hc2,clean,all,fixed,P_W,rho,0.17786867647741475,-0.33008752711235984,0.6109736278897976,0
hc2,clean,all,fixed,P_W,truth_mean,0.6009716139023925,0.46255310192656784,0.7338995881502978,0
hc2,clean,all,fixed,P_W,prediction_mean,0.6028787701006996,0.5447350538589998,0.6550563134714716,0
hc2,clean,all,fixed,P_W,below_zero,0.0,0.0,0.0,0
hc2,clean,all,fixed,P_W,above_one,0.0,0.0,0.0,0
hc2,clean,all,fixed,R_W,r2,-0.15428673323923525,-13.984967586883295,0.1755952295571294,0
hc2,clean,all,fixed,R_W,mae,0.22979502876333413,0.14468562928275686,0.33105674998975526,0
hc2,clean,all,fixed,R_W,mse,0.08413602175755004,0.03051444052024182,0.15788814400796014,0
hc2,clean,all,fixed,R_W,rho,0.05775872000146882,-0.7003364907413295,0.5020237158620703,0
hc2,clean,all,fixed,R_W,truth_mean,0.8518758676104314,0.6941752414110836,0.9652020654616478,0
hc2,clean,all,fixed,R_W,prediction_mean,0.8165468033589045,0.7565509258693915,0.8766643652006876,0
hc2,clean,all,fixed,R_W,below_zero,0.0,0.0,0.0,0
hc2,clean,all,fixed,R_W,above_one,0.0,0.0,0.0,0
hc2,clean,all,nested,P_A,r2,-0.24199900467843394,-2.047268623914513,0.08193488745737529,0
hc2,clean,all,nested,P_A,mae,0.2140558669129442,0.13566466787865394,0.2944775154549593,0
hc2,clean,all,nested,P_A,mse,0.06875814948790536,0.032595445853863966,0.10862822038487865,0
hc2,clean,all,nested,P_A,rho,0.016895246238488103,-0.45649677907903546,0.4569720897722349,0
hc2,clean,all,nested,P_A,truth_mean,0.5500554873129404,0.42626544798503047,0.6696306185372045,0
hc2,clean,all,nested,P_A,prediction_mean,0.5009725022789019,0.44555293416183644,0.5590168486533501,0
hc2,clean,all,nested,P_A,below_zero,0.0,0.0,0.0,0
hc2,clean,all,nested,P_A,above_one,0.0,0.0,0.0,0
hc2,clean,all,nested,R_A,r2,0.19954838478423031,-9.578112117907986,0.4555674796778775,1
hc2,clean,all,nested,R_A,mae,0.21855344975097973,0.1554889705070663,0.2884834963119323,0
hc2,clean,all,nested,R_A,mse,0.0632952275538872,0.031113183521880285,0.10486341879453791,0
hc2,clean,all,nested,R_A,rho,0.5428389793029836,-0.6619470750991697,0.9200394150543731,1
hc2,clean,all,nested,R_A,truth_mean,0.8364283539142343,0.6738854202980177,0.9600111353245268,0
hc2,clean,all,nested,R_A,prediction_mean,0.7687256374329708,0.7136893133043124,0.8173961253773986,0
hc2,clean,all,nested,R_A,below_zero,0.0,0.0,0.0,0
hc2,clean,all,nested,R_A,above_one,0.0,0.0,0.0,0
hc2,clean,all,nested,P_W,r2,-0.30075840772300966,-1.756315439066506,0.04084283353328706,0
hc2,clean,all,nested,P_W,mae,0.25381139938853203,0.17036785561872325,0.3359956973682294,0
hc2,clean,all,nested,P_W,mse,0.08960600205133487,0.04820484697498698,0.133012125688848,0
hc2,clean,all,nested,P_W,rho,-0.093655137527192,-0.568291713836945,0.36729785226935374,0
hc2,clean,all,nested,P_W,truth_mean,0.6009716139023925,0.46255310192656784,0.7338995881502978,0
hc2,clean,all,nested,P_W,prediction_mean,0.5182418273850772,0.4699707508950496,0.5700888408250925,0
hc2,clean,all,nested,P_W,below_zero,0.0,0.0,0.0,0
hc2,clean,all,nested,P_W,above_one,0.0,0.0,0.0,0
hc2,clean,all,nested,R_W,r2,0.08949475324347855,-11.269305345549055,0.28514544097196726,0
hc2,clean,all,nested,R_W,mae,0.20593535941252053,0.13259532812292182,0.29381757854342605,0
hc2,clean,all,nested,R_W,mse,0.06636677616184027,0.02530065197270788,0.12772984937252713,0
hc2,clean,all,nested,R_W,rho,0.41654069998220783,-0.7997421916474352,0.8785818194539254,0
hc2,clean,all,nested,R_W,truth_mean,0.8518758676104314,0.6941752414110836,0.9652020654616478,0
hc2,clean,all,nested,R_W,prediction_mean,0.7939798696376796,0.7606714449934475,0.8237993111009584,0
hc2,clean,all,nested,R_W,below_zero,0.0,0.0,0.0,0
hc2,clean,all,nested,R_W,above_one,0.0,0.0,0.0,0
hc2,clean,role,fixed,P_A,r2,-0.4360440308483986,-3.8072981812101814,0.09327118370042513,0
hc2,clean,role,fixed,P_A,mae,0.24540638233621706,0.17225134445721618,0.31660831168172854,0
hc2,clean,role,fixed,P_A,mse,0.07950065158856796,0.04305700297448033,0.11833068056669858,0
hc2,clean,role,fixed,P_A,rho,0.11855376658617912,-0.38186992631260686,0.4462988800060042,0
hc2,clean,role,fixed,P_A,truth_mean,0.5500554873129404,0.42626544798503047,0.6696306185372045,0
hc2,clean,role,fixed,P_A,prediction_mean,0.5637820536938648,0.4581587560471856,0.6534158022543299,0
hc2,clean,role,fixed,P_A,below_zero,0.0,0.0,0.0,0
hc2,clean,role,fixed,P_A,above_one,0.0,0.0,0.0,0
hc2,clean,role,fixed,R_A,r2,-0.8315626871197357,-11.711228469373117,-0.14175679884946657,1
hc2,clean,role,fixed,R_A,mae,0.2625008297124048,0.12859785724021502,0.4156968248417223,0
hc2,clean,role,fixed,R_A,mse,0.14482971219841054,0.03966783509168525,0.27365333470945113,0
hc2,clean,role,fixed,R_A,rho,-0.23215348325542423,-0.6162934435873904,0.1725616078651912,1
hc2,clean,role,fixed,R_A,truth_mean,0.8364283539142343,0.6738854202980177,0.9600111353245268,0
hc2,clean,role,fixed,R_A,prediction_mean,0.8632943370137026,0.7521249297976323,0.9578316348988168,0
hc2,clean,role,fixed,R_A,below_zero,0.0,0.0,0.0,0
hc2,clean,role,fixed,R_A,above_one,0.14285714285714285,0.0,0.3571428571428571,0
hc2,clean,role,fixed,P_W,r2,-0.24740187076059272,-1.92577014036656,0.12787471741343107,0
hc2,clean,role,fixed,P_W,mae,0.25240489579920417,0.1761570320809618,0.3319181473250324,0
hc2,clean,role,fixed,P_W,mse,0.08593040331438281,0.04409256348856121,0.13566039718500014,0
hc2,clean,role,fixed,P_W,rho,0.0514156844149473,-0.302297038476079,0.4401000669024038,0
hc2,clean,role,fixed,P_W,truth_mean,0.6009716139023925,0.46255310192656784,0.7338995881502978,0
hc2,clean,role,fixed,P_W,prediction_mean,0.5964020235741098,0.5118080464783948,0.6636026528739213,0
hc2,clean,role,fixed,P_W,below_zero,0.0,0.0,0.0,0
hc2,clean,role,fixed,P_W,above_one,0.0,0.0,0.0,0
hc2,clean,role,fixed,R_W,r2,-0.8411753136095594,-16.105975929954543,-0.5728696580287803,0
hc2,clean,role,fixed,R_W,mae,0.24954524388453894,0.12976854074897806,0.41025812597362876,0
hc2,clean,role,fixed,R_W,mse,0.1342033671396375,0.02739012408363649,0.30941062376750356,0
hc2,clean,role,fixed,R_W,rho,-0.5341449261386833,-0.7763071062745532,0.06573007152254827,0
hc2,clean,role,fixed,R_W,truth_mean,0.8518758676104314,0.6941752414110836,0.9652020654616478,0
hc2,clean,role,fixed,R_W,prediction_mean,0.8478404639058238,0.7728386593070166,0.9182740978066295,0
hc2,clean,role,fixed,R_W,below_zero,0.0,0.0,0.0,0
hc2,clean,role,fixed,R_W,above_one,0.07142857142857142,0.0,0.21428571428571427,0
hc2,clean,role,nested,P_A,r2,-0.6200730564545469,-4.601186637927724,0.08795298065782561,0
hc2,clean,role,nested,P_A,mae,0.25397462177971786,0.1713700458317855,0.3355756158933534,0
hc2,clean,role,nested,P_A,mse,0.08968865915143813,0.04801021353697445,0.1332224221709373,0
hc2,clean,role,nested,P_A,rho,0.13509421820681286,-0.5228396865943135,0.46687624433368996,0
hc2,clean,role,nested,P_A,truth_mean,0.5500554873129404,0.42626544798503047,0.6696306185372045,0
hc2,clean,role,nested,P_A,prediction_mean,0.5377720181219452,0.4124561701942771,0.6449231480063355,0
hc2,clean,role,nested,P_A,below_zero,0.07142857142857142,0.0,0.21428571428571427,0
hc2,clean,role,nested,P_A,above_one,0.0,0.0,0.0,0
hc2,clean,role,nested,R_A,r2,-0.17021848018986452,-5.103283094836666,-0.13207416815256362,1
hc2,clean,role,nested,R_A,mae,0.22582463534607022,0.14107244770712857,0.34654285006997376,0
hc2,clean,role,nested,R_A,mse,0.09253431885625643,0.02452397089836568,0.2103356845424937,0
hc2,clean,role,nested,R_A,rho,-0.5924138110846245,-0.9416206310540058,-0.2318236503102032,1
hc2,clean,role,nested,R_A,truth_mean,0.8364283539142343,0.6738854202980177,0.9600111353245268,0
hc2,clean,role,nested,R_A,prediction_mean,0.8437703903649253,0.8263153597999392,0.8638008616953416,0
hc2,clean,role,nested,R_A,below_zero,0.0,0.0,0.0,0
hc2,clean,role,nested,R_A,above_one,0.0,0.0,0.0,0
hc2,clean,role,nested,P_W,r2,-0.4671071925164938,-2.183731950626489,-0.06315234878634511,0
hc2,clean,role,nested,P_W,mae,0.2860462439778408,0.21337615802565477,0.3563336600427123,0
hc2,clean,role,nested,P_W,mse,0.10106535488960315,0.06012868943776387,0.1440454777450952,0
hc2,clean,role,nested,P_W,rho,-0.030119536741453352,-0.591224458990573,0.3027205575656422,0
hc2,clean,role,nested,P_W,truth_mean,0.6009716139023925,0.46255310192656784,0.7338995881502978,0
hc2,clean,role,nested,P_W,prediction_mean,0.5632947418125891,0.4685748842020735,0.6465371747214156,0
hc2,clean,role,nested,P_W,below_zero,0.0,0.0,0.0,0
hc2,clean,role,nested,P_W,above_one,0.0,0.0,0.0,0
hc2,clean,role,nested,R_W,r2,-0.1780302815153716,-6.806410976761187,-0.1656651855350645,0
hc2,clean,role,nested,R_W,mae,0.19923116614727723,0.10929104573687609,0.32597426713382244,0
hc2,clean,role,nested,R_W,mse,0.0858666902620354,0.01640530169302899,0.20675314549255655,0
hc2,clean,role,nested,R_W,rho,-0.646210556119031,-0.9808407194365416,-0.4110201782774599,0
hc2,clean,role,nested,R_W,truth_mean,0.8518758676104314,0.6941752414110836,0.9652020654616478,0
hc2,clean,role,nested,R_W,prediction_mean,0.8476478439868823,0.8316793268284735,0.8666044669329712,0
hc2,clean,role,nested,R_W,below_zero,0.0,0.0,0.0,0
hc2,clean,role,nested,R_W,above_one,0.0,0.0,0.0,0
