mode,index,expert_scheduled,end_to_end_cold_seconds,native_process_seconds,load_seconds,decode_seconds,native_seconds,initialization_seconds,adapter_seconds,spatial_process_seconds,temporal_process_seconds,logical_expert_calls,peak_vram_including_experts
Frozen,0,0,8.258613398007583,8.258478660020046,5.497441433020867,0.10849782399600372,0.5012490240042098,0.0,0.0,0.0,0.0,0,3806703104
Frozen,1,0,8.73970948299393,8.739586989977397,5.435268488014117,0.3534187320037745,0.7784281699568965,0.0,0.0,0.0,0.0,0,6901928960
Frozen,2,0,8.084297010966111,8.084146909008268,5.393991991993971,0.11523088696412742,0.4316633319831453,0.0,0.0,0.0,0.0,0,2556109312
Frozen,3,0,8.172779679996893,8.17264168598922,5.519280871027149,0.08227946399711072,0.41097939998144284,0.0,0.0,0.0,0.0,0,2523451392
Frozen,4,0,8.38008837000234,8.37995409296127,5.4084611650323495,0.2724298079847358,0.550193292030599,0.0,0.0,0.0,0.0,0,4094540800
Frozen,5,0,8.809569354983978,8.809439295029733,5.423745553009212,0.4664238829864189,0.733891183976084,0.0,0.0,0.0,0.0,0,6776732672
Frozen,6,0,8.893973937025294,8.893839886994101,5.390163306961767,0.41472254699328914,0.9154155910364352,0.0,0.0,0.0,0.0,0,8408004096
Frozen,7,0,9.06460074300412,9.064469757955521,5.604911957983859,0.362420329998713,0.9233172500389628,0.0,0.0,0.0,0.0,0,7842620928
Frozen,8,0,8.35363743599737,8.353503843012732,5.412305617006496,0.19955314096296206,0.5706351230037399,0.0,0.0,0.0,0.0,0,5187088384
Frozen,9,0,8.160408280033153,8.160280245996546,5.427225897030439,0.12713675398845226,0.45183664199430496,0.0,0.0,0.0,0.0,0,3226139648
Frozen,10,0,8.162103574024513,8.161970016022678,5.497845414967742,0.06700480601284653,0.3914224079926498,0.0,0.0,0.0,0.0,0,2087688192
Frozen,11,0,8.795184290967882,8.795033915026579,5.634182056004647,0.19989022199297324,0.7601264359545894,0.0,0.0,0.0,0.0,0,7392763904
Frozen,12,0,8.290603601024486,8.290473286993802,5.405993722961284,0.3296753980102949,0.3991855430067517,0.0,0.0,0.0,0.0,0,2081247232
Frozen,13,0,8.203203712997492,8.203075737983454,5.491524101002142,0.08036692603491247,0.4606190870399587,0.0,0.0,0.0,0.0,0,2574372352
Frozen,14,0,8.853557334979996,8.853437241981737,5.422519109968562,0.3392284429864958,0.9211138859973289,0.0,0.0,0.0,0.0,0,7842620928
Frozen,15,0,9.363843061029911,9.363719146000221,5.3990028310217895,0.7617979290080257,1.0370189419481903,0.0,0.0,0.0,0.0,0,4094204928
Frozen,16,0,8.55081493902253,8.550700456020422,5.607900229981169,0.12495908502023667,0.5366561550181359,0.0,0.0,0.0,0.0,0,2986804224
Frozen,17,0,8.668032161018346,8.667897820996586,5.437488486000802,0.26047321798978373,0.729352124966681,0.0,0.0,0.0,0.0,0,6705752064
Frozen,18,0,8.593407066015061,8.593275738996454,5.526465235976502,0.1726032349979505,0.6884471309604123,0.0,0.0,0.0,0.0,0,5733982208
Frozen,19,0,8.4386165169999,8.438486738014035,5.601779251010157,0.10754277097294107,0.5002722829813138,0.0,0.0,0.0,0.0,0,3089404416
Frozen,20,0,8.712743146985304,8.712614374002442,5.430449519015383,0.2847335239639506,0.82748866698239,0.0,0.0,0.0,0.0,0,8408004096
Frozen,21,0,8.614538875001017,8.614417086995672,5.328333779994864,0.3531531600165181,0.8305061320425011,0.0,0.0,0.0,0.0,0,7300600832
Frozen,22,0,8.359230682021007,8.35910912498366,5.323303827026393,0.28420321200974286,0.6492049410007894,0.0,0.0,0.0,0.0,0,2667720704
Frozen,23,0,8.138827638991643,8.138697299000341,5.341263846028596,0.22783514100592583,0.46035014401422814,0.0,0.0,0.0,0.0,0,3056000512
Frozen,24,0,7.907479435030837,7.907347741012927,5.325096396962181,0.061796978989150375,0.40005577995907515,0.0,0.0,0.0,0.0,0,2131724800
Frozen,25,0,7.988086882978678,7.98795971198706,5.354415273992345,0.070632217975799,0.42453139199642465,0.0,0.0,0.0,0.0,0,2523716608
Frozen,26,0,8.269388246000744,8.269255918974523,5.321635977015831,0.33253030601190403,0.49127758597023785,0.0,0.0,0.0,0.0,0,3824675840
Frozen,27,0,8.397455174999777,8.397297015006188,5.326254195009824,0.26461660501081496,0.6799487500102259,0.0,0.0,0.0,0.0,0,6663225344
Frozen,28,0,8.084548304032069,8.08441833697725,5.32795372599503,0.2509690900333226,0.3905927839805372,0.0,0.0,0.0,0.0,0,2004506624
Frozen,29,0,8.098258337995503,8.098126701021101,5.368778933014255,0.20874081598594785,0.4060278849792667,0.0,0.0,0.0,0.0,0,2022988288
Frozen,30,0,8.55152855295455,8.55140209296951,5.348946131009143,0.2530949999927543,0.8283323750365525,0.0,0.0,0.0,0.0,0,8408004096
Frozen,31,0,8.495754131989088,8.495616838976275,5.3316986709833145,0.26061941403895617,0.7809662449872121,0.0,0.0,0.0,0.0,0,7842620928
Frozen,32,0,8.000008557981346,7.999895013985224,5.357952442020178,0.12177134695230052,0.4035152299911715,0.0,0.0,0.0,0.0,0,2523451392
Frozen,33,0,8.10170051298337,8.10157863801578,5.3202192899771035,0.26874281000345945,0.40141035796841606,0.0,0.0,0.0,0.0,0,2022988288
Frozen,34,0,8.586476299038623,8.586319481953979,5.34947314101737,0.300681012973655,0.8236838220036589,0.0,0.0,0.0,0.0,0,7300600832
Frozen,35,0,8.323822410020512,8.323690961988177,5.309913217031863,0.36110043595544994,0.5148162529803813,0.0,0.0,0.0,0.0,0,4372169728
Frozen,36,0,8.612059485982172,8.611926387005951,5.326542743016034,0.43281750194728374,0.7292196810012683,0.0,0.0,0.0,0.0,0,7842620928
Frozen,37,0,8.542842052003834,8.542708635970484,5.329411691054702,0.1950774390134029,0.8859463529661298,0.0,0.0,0.0,0.0,0,7842620928
Frozen,38,0,8.089377125026658,8.089247360010631,5.320358444994781,0.09376896900357679,0.5259903710102662,0.0,0.0,0.0,0.0,0,4389747712
Frozen,39,0,8.38394310104195,8.383808307989966,5.347411894996185,0.15680420596618205,0.7360414649592713,0.0,0.0,0.0,0.0,0,7842620928
Frozen,40,0,8.829909638036042,8.829784039990045,5.3218289270298555,0.5654533579945564,0.8280208380310796,0.0,0.0,0.0,0.0,0,8408004096
Frozen,41,0,8.379864566028118,8.37970889499411,5.313716892036609,0.49554269399959594,0.45376623002812266,0.0,0.0,0.0,0.0,0,3261379072
Frozen,42,0,7.9786899839527905,7.978531877975911,5.335115558991674,0.06552652799291536,0.4538980380166322,0.0,0.0,0.0,0.0,0,3623073792
Frozen,43,0,8.101806391961873,8.10167815699242,5.3374860170297325,0.16416058398317546,0.488419706991408,0.0,0.0,0.0,0.0,0,3590671872
Frozen,44,0,8.237019514024723,8.236879219010007,5.333789949014317,0.1701365319895558,0.61844419100089,0.0,0.0,0.0,0.0,0,5195591680
Frozen,45,0,8.622784095990937,8.622642891015857,5.313940246007405,0.29319185501663014,0.8923388209659606,0.0,0.0,0.0,0.0,0,7842620928
Frozen,46,0,8.756014672049787,8.75587806396652,5.321952052996494,0.6327365019824356,0.6973598029580899,0.0,0.0,0.0,0.0,0,6688219136
Frozen,47,0,8.10893515497446,8.108803210023325,5.32985382998595,0.15227244200650603,0.5027680869679898,0.0,0.0,0.0,0.0,0,3631537152
Frozen,48,0,8.617577713972423,8.617445181997027,5.321348436991684,0.5046331089688465,0.6647290589753538,0.0,0.0,0.0,0.0,0,6247188480
Frozen,49,0,8.003267624997534,8.003134323982522,5.316570107010193,0.12681745301233605,0.4302997430204414,0.0,0.0,0.0,0.0,0,1689351680
Frozen,50,0,8.109584602992982,8.1094612449524,5.382915869005956,0.20702040899777785,0.38594040501629934,0.0,0.0,0.0,0.0,0,2081247232
Frozen,51,0,8.08368005399825,8.083525996014941,5.343958003970329,0.2533875999506563,0.3548042720067315,0.0,0.0,0.0,0.0,0,1565490176
Frozen,52,0,8.699606659007259,8.699484221986495,5.36809153703507,0.33161238802131265,0.8910575729678385,0.0,0.0,0.0,0.0,0,7842620928
Frozen,53,0,7.98728406795999,7.98715112300124,5.302202918974217,0.11961224599508569,0.4571192020084709,0.0,0.0,0.0,0.0,0,3261379072
Frozen,54,0,8.58003050496336,8.57987693301402,5.353974445024505,0.26085871597751975,0.8432966989930719,0.0,0.0,0.0,0.0,0,7316300288
Frozen,55,0,8.25810596102383,8.257972243009135,5.336986842972692,0.206779979984276,0.5986685960087925,0.0,0.0,0.0,0.0,0,5517340672
Frozen,56,0,8.767799624998588,8.767672640038654,5.3210198690067045,0.4377371890004724,0.888206890958827,0.0,0.0,0.0,0.0,0,7842620928
Frozen,57,0,8.096473871031776,8.096327497973107,5.306077357032336,0.13819442596286535,0.47002028702991083,0.0,0.0,0.0,0.0,0,3089404416
Frozen,58,0,8.16816156799905,8.168042120989412,5.316020086989738,0.14365244400687516,0.592948859964963,0.0,0.0,0.0,0.0,0,4997548032
Frozen,59,0,8.31923161802115,8.31910413899459,5.339442463009618,0.20531206199666485,0.6681380560039543,0.0,0.0,0.0,0.0,0,6125121024
Frozen,60,0,8.707891165977344,8.707769516040571,5.3311457430245355,0.37320016499143094,0.8865797109901905,0.0,0.0,0.0,0.0,0,7852566528
Frozen,61,0,8.933407894975971,8.933280671015382,5.337685986014549,0.5780398580245674,0.8880237200064585,0.0,0.0,0.0,0.0,0,7842620928
Frozen,62,0,9.290207702026237,9.290090063994285,5.340144696005154,0.9884018799639307,0.7940676120342687,0.0,0.0,0.0,0.0,0,7842620928
Frozen,63,0,8.758648708986584,8.75850924703991,5.312921817996539,0.4381647919653915,0.9005279970006086,0.0,0.0,0.0,0.0,0,3618370048
Frozen,64,0,8.122865746030584,8.122726121975575,5.3085162860224955,0.16029076499398798,0.5001233959919773,0.0,0.0,0.0,0.0,0,3857314304
Frozen,65,0,8.293783310044091,8.29366545600351,5.3102638450218365,0.23327181400964037,0.5615397290093824,0.0,0.0,0.0,0.0,0,4951952384
Frozen,66,0,7.905954274989199,7.905827521986794,5.347760740027297,0.059999264020007104,0.39423679700121284,0.0,0.0,0.0,0.0,0,2096710144
Frozen,67,0,8.518513955001254,8.518382347014267,5.3122227230342105,0.29156086000148207,0.7903625390026718,0.0,0.0,0.0,0.0,0,8408004096
Frozen,68,0,8.478098275023513,8.477965886006132,5.322537162981462,0.2949534199433401,0.7394978409865871,0.0,0.0,0.0,0.0,0,7842620928
Frozen,69,0,8.43496027198853,8.434834788029548,5.30400947900489,0.2303970690118149,0.7792868230026215,0.0,0.0,0.0,0.0,0,7819326464
Frozen,70,0,8.332677430997137,8.332547864003573,5.332872433005832,0.22821839299285784,0.6434963769861497,0.0,0.0,0.0,0.0,0,6092903424
Frozen,71,0,8.380817761993967,8.380666040000506,5.3188089419854805,0.2871192420134321,0.668166914023459,0.0,0.0,0.0,0.0,0,5725761536
Frozen,72,0,7.994831844000146,7.994702913041692,5.317297359986696,0.1716616899939254,0.3910872869892046,0.0,0.0,0.0,0.0,0,2089744384
Frozen,73,0,8.735877895029262,8.735744026955217,5.351335542043671,0.4397450949763879,0.8300720300176181,0.0,0.0,0.0,0.0,0,8408004096
Frozen,74,0,8.372241704026237,8.3721051250468,5.310968451958615,0.23103941295994446,0.7284009900176898,0.0,0.0,0.0,0.0,0,6280720896
Frozen,75,0,7.910638839995954,7.910499903024174,5.334445857035462,0.08097997098229825,0.37765606498578563,0.0,0.0,0.0,0.0,0,2121771008
Frozen,76,0,8.446688936033752,8.446558413968887,5.318653771013487,0.3283922779955901,0.6554012590204366,0.0,0.0,0.0,0.0,0,5741114880
Frozen,77,0,8.167991005990189,8.167852116981521,5.309941731975414,0.2481123140314594,0.4770262040547095,0.0,0.0,0.0,0.0,0,3584459264
Frozen,78,0,7.886577475990634,7.886454600957222,5.334025563031901,0.051606232998892665,0.37953185400692746,0.0,0.0,0.0,0.0,0,2121771008
Frozen,79,0,8.15447036299156,8.15434277500026,5.382643267977983,0.13186840497655794,0.5280457430053502,0.0,0.0,0.0,0.0,0,4120973824
Frozen,80,0,8.247700968990102,8.247573147993535,5.342883901030291,0.14089349296409637,0.6475640690186992,0.0,0.0,0.0,0.0,0,6108621312
Frozen,81,0,8.696301078016404,8.6961795729585,5.313481227029115,0.7937327259569429,0.459789935965091,0.0,0.0,0.0,0.0,0,3286865408
Frozen,82,0,8.837860319996253,8.837730669998564,5.320350163965486,0.5189464809955098,0.8928126450045966,0.0,0.0,0.0,0.0,0,7842620928
Frozen,83,0,8.163314742967486,8.163182504998986,5.307895639969502,0.14856341300765052,0.6083152780192904,0.0,0.0,0.0,0.0,0,5171676160
Frozen,84,0,8.246171812992543,8.246042768005282,5.35667382797692,0.13939759699860588,0.622504833037965,0.0,0.0,0.0,0.0,0,5203108864
Frozen,85,0,8.000577944971155,8.000446049962193,5.333669268002268,0.10915422800462693,0.44246099604060873,0.0,0.0,0.0,0.0,0,2556509184
Frozen,86,0,8.074867582996376,8.07472512498498,5.349255984008778,0.09665532899089158,0.5067727179848589,0.0,0.0,0.0,0.0,0,3616908800
Frozen,87,0,8.534342861035839,8.534206699987408,5.316701474017464,0.19689414103049785,0.8914279520395212,0.0,0.0,0.0,0.0,0,7842620928
Frozen,88,0,8.065490178007167,8.065350777003914,5.335139472037554,0.20452314399881288,0.42016146902460605,0.0,0.0,0.0,0.0,0,2694881792
Frozen,89,0,8.136165782052558,8.136041040008422,5.314441288006492,0.29460182797629386,0.40292992000468075,0.0,0.0,0.0,0.0,0,2523451392
Frozen,90,0,8.533159995044116,8.533032217004802,5.362737428979017,0.23093953798525035,0.8153873439878225,0.0,0.0,0.0,0.0,0,6817403904
Frozen,91,0,8.165977430995554,8.165818826004397,5.315980295010377,0.15538872900651768,0.5731142410077155,0.0,0.0,0.0,0.0,0,4652656128
Frozen,92,0,8.12955970998155,8.12943626800552,5.344465886999387,0.21587005601031706,0.45808294403832406,0.0,0.0,0.0,0.0,0,3278145024
Frozen,93,0,8.576718834985513,8.576581609027926,5.326061467989348,0.24037135095568374,0.8887766189873219,0.0,0.0,0.0,0.0,0,7842620928
Frozen,94,0,8.024127421958838,8.0239735749783,5.322440247051418,0.12146273098187521,0.46088382799644023,0.0,0.0,0.0,0.0,0,3592300032
Frozen,95,0,8.529231261985842,8.529103290988132,5.337096125993412,0.2298245970159769,0.8289769890252501,0.0,0.0,0.0,0.0,0,7308864000
Frozen,96,0,8.783606174984016,8.783474460011348,5.356980476004537,0.42453325795941055,0.8895194290089421,0.0,0.0,0.0,0.0,0,7842620928
Frozen,97,0,8.627062733983621,8.62693660298828,5.326044727000408,0.3015943570062518,0.8887856830260716,0.0,0.0,0.0,0.0,0,7842620928
Frozen,98,0,8.639233640977181,8.639100795960985,5.317967784998473,0.3841390639427118,0.826545445015654,0.0,0.0,0.0,0.0,0,8408004096
Frozen,99,0,8.101845032011624,8.101714134041686,5.323552939982619,0.14514708903152496,0.46019536099629477,0.0,0.0,0.0,0.0,0,3087323136
Ours,0,1,68.84937964600977,9.526849069981836,5.613954058964737,0.09257206798065454,0.527289035031572,0.026112452032975852,0.5477100239950232,39.149132605991326,20.16233355202712,2,10084467712
Ours,1,0,9.30775821901625,9.305735640053172,5.3978410749696195,0.2994480979978107,0.7984013619716279,0.07609844295075163,0.04431486298562959,0.0,0.0,0,6933728256
Ours,2,0,8.717272549984045,8.717139328015037,5.371697736962233,0.10556722799083218,0.4666352719650604,0.022210782975889742,0.041250801004935056,0.0,0.0,0,2564708352
Ours,3,0,8.711135421006475,8.711008301994298,5.381754792004358,0.11104133003391325,0.4575551189482212,0.018377786967903376,0.04034144396428019,0.0,0.0,0,2529792512
Ours,4,1,54.119890655972995,9.847035910992417,5.6695943209924735,0.19449890294345096,0.5881413340102881,0.041531945986207575,0.6162317149573937,25.301924580009654,18.957589657977223,2,10081937408
Ours,5,0,9.459493400005158,9.457381993008312,5.416268137982115,0.46847610600525513,0.7593313549878076,0.05036851897602901,0.043950673018116504,0.0,0.0,0,6809746432
Ours,6,0,9.726444986008573,9.726315837993752,5.3977726779994555,0.5015833409852348,0.9536570220370777,0.08545562898507342,0.045865912979934365,0.0,0.0,0,8447382528
Ours,7,0,9.50359329400817,9.503462845052127,5.393525407998823,0.3149276589974761,0.9548343819915317,0.09368603001348674,0.04593175504123792,0.0,0.0,0,7881918976
Ours,8,1,46.17767742497381,9.758551486011129,5.400566360971425,0.4473306920262985,0.6047011910122819,0.018945725983940065,0.5885549359954894,18.393889210012276,18.023702002945356,2,10083680768
Ours,9,0,8.75043217401253,8.750284894020297,5.358752466971055,0.1289076879620552,0.4965914349886589,0.021182590979151428,0.040857989981304854,0.0,0.0,0,3236136448
Ours,10,0,8.661339093989227,8.66085365001345,5.354776342981495,0.14525236503686756,0.4226050400175154,0.0105641899863258,0.03725554305128753,0.0,0.0,0,2092669952
Ours,11,0,9.209529232000932,9.209394566016272,5.384257068042643,0.23158412601333112,0.7826361189945601,0.05879326298600063,0.04531982104526833,0.0,0.0,0,7425689600
Ours,12,1,43.945682542049326,9.37878584099235,5.362385528977029,0.38028004101943225,0.44046458799857646,0.010193582973442972,0.4832778440322727,16.59945083601633,17.966897275007796,2,10083680768
Ours,13,0,8.74363874795381,8.741535157023463,5.378140981018078,0.09238635003566742,0.5020926400320604,0.02496910496847704,0.040937105019111186,0.0,0.0,0,2583614464
Ours,14,0,9.539187528018374,9.538820702000521,5.34545965900179,0.37216293602250516,0.9463506369502284,0.09314126899698749,0.04505302698817104,0.0,0.0,0,7881016320
Ours,15,0,10.334696443984285,10.33432372903917,5.352965018013492,0.8334654970094562,1.0565430489950813,0.30829196696868166,0.04360786802135408,0.0,0.0,0,4111048704
Ours,16,1,43.79839742498007,9.430794994987082,5.408844503981527,0.16172997700050473,0.5402497599716298,0.04690645105438307,0.5596532339695841,16.472822362964507,17.89207910001278,2,10076934656
Ours,17,0,9.04714767698897,9.04697586997645,5.332399357983377,0.16215532895876095,0.7644331459887326,0.05698601296171546,0.04486167000140995,0.0,0.0,0,6735697920
Ours,18,0,9.080043454945553,9.078021467023063,5.365314822003711,0.19703142903745174,0.7086125290370546,0.061283808026928455,0.04372203495586291,0.0,0.0,0,5759723008
Ours,19,0,8.792855463048909,8.790840219997335,5.344590772001538,0.16154197603464127,0.5274673060048372,0.029863994976039976,0.04246581898769364,0.0,0.0,0,3101533696
Ours,20,1,44.89222918404266,9.781511360954028,5.413133622030728,0.22133283398579806,0.8960609530331567,0.07226666301721707,0.4702093220548704,16.42194476799341,18.68644326296635,2,10081162752
Ours,21,0,9.270014845998958,9.26988286402775,5.334647558978759,0.21307100396370515,0.8890356289921328,0.08411229698685929,0.045833315001800656,0.0,0.0,0,7335991808
Ours,22,0,9.220228595018853,9.220095589989796,5.362560388981365,0.3051544819609262,0.6989668930182233,0.1152493970002979,0.041582618025131524,0.0,0.0,0,2676561408
Ours,23,0,8.931119775981642,8.929048204037827,5.358376366959419,0.31349291501101106,0.5117717169923708,0.026166030031163245,0.04147438600193709,0.0,0.0,0,3065573376
Ours,24,1,43.04415843699826,9.146370188973378,5.367995581007563,0.07741441304096952,0.4559853770188056,0.013770289020612836,0.508009843993932,16.15004241897259,17.746952481975313,2,10085545984
Ours,25,0,8.76874059101101,8.766781415964942,5.384910069988109,0.11884973500855267,0.48272732604527846,0.019047878042329103,0.04270990000804886,0.0,0.0,0,2531605504
Ours,26,0,8.969120654975995,8.966918392980006,5.383691695984453,0.2828771300264634,0.5473499909858219,0.028302757011260837,0.04177143197739497,0.0,0.0,0,3839020544
Ours,27,0,9.107645020005293,9.107522173027974,5.342586724029388,0.23340992501471192,0.7327302399789914,0.05337612295988947,0.04360523499781266,0.0,0.0,0,6691459584
Ours,28,1,43.23980003799079,9.226118186023086,5.3621819470427,0.20757771702483296,0.44515654200222343,0.01260712998919189,0.4939289569738321,16.250608788977843,17.75843755196547,2,10079601664
Ours,29,0,8.838217955024447,8.838088213989977,5.4167487529921345,0.2194646670250222,0.4552700840285979,0.01455930300289765,0.03680949402041733,0.0,0.0,0,2027950080
Ours,30,0,9.457605522009544,9.457126346009318,5.390204723982606,0.2987656829645857,0.8843535560299642,0.07270426297327504,0.04543231101706624,0.0,0.0,0,8447177728
Ours,31,0,9.347880851011723,9.347746228973847,5.352370687993243,0.3581240040366538,0.8437071769731119,0.05639643600443378,0.04679971799487248,0.0,0.0,0,7881016320
Ours,32,1,43.08099983702414,9.199751581007149,5.39235112600727,0.07642537500942126,0.45931818295503035,0.018575391033664346,0.5539518700097688,16.206334575021174,17.670557368954178,2,10087094784
Ours,33,0,8.939625335973687,8.937651589978486,5.405000086000655,0.32816135097527876,0.4536745080258697,0.014453082985710353,0.03844882803969085,0.0,0.0,0,2027923456
Ours,34,0,9.388260353996884,9.388137751026079,5.3867037749732845,0.27676059398800135,0.8908508369931951,0.08478733705123886,0.04619876795914024,0.0,0.0,0,7336453120
Ours,35,0,9.261125648976304,9.259105624980293,5.348853167961352,0.5453571280231699,0.5688954319921322,0.03151512099429965,0.043069717998150736,0.0,0.0,0,4387318272
Ours,36,1,44.422311360016465,9.846761819033418,5.395582591998391,0.311564541014377,0.7862838809960522,0.029204780992586166,0.6203375360346399,16.32305877498584,18.251943484006915,2,10081937408
Ours,37,0,9.396980731980875,9.396849459037185,5.3569217449985445,0.23229769500903785,0.9539138540276326,0.09646751399850473,0.04688147996785119,0.0,0.0,0,7881918976
Ours,38,0,8.866628982999828,8.866496169008315,5.378627330996096,0.13994103600271046,0.5738661850336939,0.03273038502084091,0.042460938973817974,0.0,0.0,0,4406466560
Ours,39,0,9.207159991958179,9.20519399404293,5.343598562001716,0.28185642999596894,0.7889824630110525,0.029401105013675988,0.045292449998669326,0.0,0.0,0,7881221120
Ours,40,1,45.37930817203596,10.113708388002124,5.346434266015422,0.5273052559932694,0.8828700899612159,0.07185877999290824,0.6024798779981211,16.527170112996828,18.73792735900497,2,10079601664
Ours,41,0,9.252410329994746,9.252091027970891,5.351072238001507,0.584795247996226,0.5083434850093909,0.02301845495821908,0.04275370400864631,0.0,0.0,0,3271650816
Ours,42,0,8.770461738982704,8.770285044971388,5.365726554009598,0.13574284204514697,0.5070976080023684,0.013149895006790757,0.04242306499509141,0.0,0.0,0,3638490112
Ours,43,0,8.770163854002021,8.770034671004396,5.341574449033942,0.12911861098837107,0.5350745930336416,0.03374594496563077,0.04116843803785741,0.0,0.0,0,3604787712
Ours,44,1,44.19221290998394,9.728385024005547,5.481535977975,0.22978779097320512,0.6744488080148585,0.05712097999639809,0.5745868589729071,16.331621781981084,18.131678043981083,2,10081162752
Ours,45,0,9.52138065197505,9.521243701979984,5.387762359983753,0.3611311540007591,0.9450609810301103,0.09369998599868268,0.045595419011078775,0.0,0.0,0,7881918976
Ours,46,0,9.438919251959305,9.43876116903266,5.349808992003091,0.48464272799901664,0.7800388300092891,0.05534272495424375,0.04366578900953755,0.0,0.0,0,6718475264
Ours,47,0,8.896949722955469,8.89682168501895,5.363281008962076,0.2195983079727739,0.5582776270457543,0.03831295599229634,0.042611217009834945,0.0,0.0,0,3647570944
Ours,48,1,45.06872340699192,9.915268889977597,5.349867612996604,0.5179628560435958,0.7179800409940071,0.04590798798017204,0.5786395799950697,16.824359552992973,18.326768336992245,2,10081937408
Ours,49,0,8.772496649005916,8.770294998015743,5.3493240600219,0.15301102603552863,0.4880491230287589,0.034969515982083976,0.040048540045972914,0.0,0.0,0,1693350912
Ours,50,0,8.831472136022057,8.831344333011657,5.3777104140026495,0.2585214569699019,0.44924510800046846,0.009975529043003917,0.0376037479727529,0.0,0.0,0,2085613056
Ours,51,0,8.723935831978451,8.723809893010184,5.374906065990217,0.21120127802714705,0.40771910100011155,0.008986356027889997,0.03882037301082164,0.0,0.0,0,1568911872
Ours,52,1,45.24812232400291,10.078434519993607,5.376763573032804,0.34876652900129557,0.9492225190042518,0.0935365569894202,0.6153959270450287,16.63733175204834,18.531922861991916,2,10083512832
Ours,53,0,8.758691966009792,8.75828987499699,5.337258794985246,0.14223822398344055,0.507176426006481,0.023689958965405822,0.04423419601516798,0.0,0.0,0,3271650816
Ours,54,0,9.375181114999577,9.375049505964853,5.353451693023089,0.26123073301278055,0.8991572189843282,0.08626315498258919,0.04603787598898634,0.0,0.0,0,7352188928
Ours,55,0,9.00085275596939,9.000720004027244,5.35209970001597,0.2008998109959066,0.6506607240298763,0.04364997195079923,0.044642223976552486,0.0,0.0,0,5539474944
Ours,56,1,45.93150152702583,10.399048366991337,5.621425683028065,0.37080897303530946,0.944400342006702,0.0937672050204128,0.6190436269971542,16.574373342038598,18.957633797021117,2,10081937408
Ours,57,0,8.830447539978195,8.830308325006627,5.364965451008175,0.1654951880336739,0.5304368759971112,0.02994485100498423,0.04141547798644751,0.0,0.0,0,3101533696
Ours,58,0,8.977523367968388,8.977211832010653,5.357182268984616,0.17382049496518448,0.6566403740434907,0.04880433902144432,0.04438812495209277,0.0,0.0,0,5019349504
Ours,59,0,9.100273618998472,9.100126464036293,5.351770220964681,0.23925831500673667,0.706793996039778,0.05052673100726679,0.04287273803493008,0.0,0.0,0,6150382080
Ours,60,1,45.58011390903266,10.156134038988966,5.381524108001031,0.3933949689962901,0.94673064496601,0.09233363100793213,0.612212625972461,16.902535828994587,18.517357738048304,2,10083512832
Ours,61,0,9.763718877977226,9.763585723994765,5.3628357570269145,0.6183096260065213,0.9518754479940981,0.0939593649818562,0.04590887000085786,0.0,0.0,0,7882328576
Ours,62,0,9.971815249009524,9.971684410003945,5.335108310973737,0.9909680259879678,0.8526872550137341,0.06048874702537432,0.04576237400760874,0.0,0.0,0,7881221120
Ours,63,0,9.761800893989857,9.759771301003639,5.338259649986867,0.4129648549715057,0.9536294770077802,0.2568475370062515,0.04341268603457138,0.0,0.0,0,3633322496
Ours,64,1,43.29916878300719,9.359714274003636,5.375748561986256,0.11775118700461462,0.549932070018258,0.03192383999703452,0.5571348570520058,16.261977973976173,17.677004282013513,2,10083512832
Ours,65,0,8.889835556037724,8.889688782976009,5.348908264015336,0.16187061998061836,0.6067476969910786,0.037724269030150026,0.04247105598915368,0.0,0.0,0,4971466240
Ours,66,0,8.634630935965106,8.634501899010502,5.348887471016496,0.08372737001627684,0.45378126995638013,0.012544093013275415,0.038774898974224925,0.0,0.0,0,2102423040
Ours,67,0,9.526850046007894,9.526709302037489,5.388497403007932,0.506226517027244,0.837880678998772,0.049150553008075804,0.044931107957381755,0.0,0.0,0,8446972416
Ours,68,1,44.925343108014204,9.704957936017308,5.387913590995595,0.1727800210355781,0.7867562400060706,0.02966306102462113,0.6135102730477229,16.48944102099631,18.71596198901534,2,10081937408
Ours,69,0,9.21741771599045,9.217038075032178,5.365764150978066,0.23351813800400123,0.833813167992048,0.06572612799936906,0.04434001899790019,0.0,0.0,0,7854946816
Ours,70,0,9.16488280100748,9.16400590800913,5.35865351796383,0.32436841999879107,0.6961532160057686,0.048427043948322535,0.043899926997255534,0.0,0.0,0,6119989760
Ours,71,0,9.10439651098568,9.10425476898672,5.348813199962024,0.226508573978208,0.7282237369799986,0.06512892403407022,0.04456481500528753,0.0,0.0,0,5751702528
Ours,72,1,43.7931200209423,9.415285894996487,5.618285803007893,0.12658787099644542,0.44495565100805834,0.011025724990759045,0.4892121729790233,16.677384884038474,17.697892708994914,2,10081937408
Ours,73,0,9.58003567502601,9.577923640958034,5.436667488014791,0.44957104203058407,0.8839400369906798,0.07238946302095428,0.045338349998928607,0.0,0.0,0,8446972416
Ours,74,0,9.264942781010177,9.262626012030523,5.403464496019296,0.2468313609715551,0.7793261450133286,0.07517865701811388,0.044055642967578024,0.0,0.0,0,6311308800
Ours,75,0,8.611130114004482,8.61099831899628,5.364038716012146,0.06377007497940212,0.43251176102785394,0.01282462099334225,0.03753711801255122,0.0,0.0,0,2126583808
Ours,76,1,44.24499492900213,9.810014385962859,5.4003618390415795,0.3444348450284451,0.7151607809937559,0.06241264002164826,0.5745402130414732,16.5937217620085,17.840788246016018,2,10081162752
Ours,77,0,8.976915245002601,8.976736728975084,5.385317019012291,0.25465315399924293,0.5273814409738407,0.02246498898603022,0.04166619200259447,0.0,0.0,0,3598294528
Ours,78,0,8.760536923015025,8.760387215996161,5.348432936996687,0.13503522594692186,0.4266408620169386,0.01276073296321556,0.03721201402368024,0.0,0.0,0,2126622720
Ours,79,0,8.8638966360013,8.859897105023265,5.347994123992976,0.16683889797423035,0.5798047050484456,0.04113302903715521,0.04208016098709777,0.0,0.0,0,4137919488
Ours,80,1,44.187725887983106,9.793548165005632,5.547880130994599,0.20806564600206912,0.7077778469538316,0.051842784974724054,0.5881210980005562,16.339662146987393,18.05387410701951,2,10079601664
Ours,81,0,9.480626342003234,9.478298645990435,5.376055236032698,0.834978308994323,0.517430551990401,0.026084200013428926,0.04093578801257536,0.0,0.0,0,3298658816
Ours,82,0,9.56328888196731,9.561272546998225,5.33888987096725,0.4354452380212024,0.9568479409790598,0.0924921270343475,0.0456782560213469,0.0,0.0,0,7882328576
Ours,83,0,9.06936876499094,9.06917454896029,5.337456434033811,0.27099461597390473,0.6620490849600174,0.05451211897889152,0.043227321992162615,0.0,0.0,0,5193356288
Ours,84,1,44.49857506301487,9.57855415600352,5.338343846960925,0.23433476098580286,0.6752326280111447,0.0581392029998824,0.5771248770179227,16.455049747019075,18.462540320004337,2,10081162752
Ours,85,0,8.687593439011835,8.68561242800206,5.330653065000661,0.10384414397412911,0.49638818798121065,0.022727128001861274,0.042287827003747225,0.0,0.0,0,2564680704
Ours,86,0,8.845079160004389,8.844919940980617,5.3328400229802355,0.16492148902034387,0.5597609570249915,0.03711669601034373,0.04199557803804055,0.0,0.0,0,3631497216
Ours,87,0,9.417766574013513,9.41760675801197,5.366004752984736,0.2813184940023348,0.9457960980362259,0.09285835601622239,0.04492070496780798,0.0,0.0,0,7880401920
Ours,88,1,45.04759314702824,9.641177602985408,5.566644001984969,0.299155522021465,0.47130689304322004,0.021218421985395253,0.5339087509782985,16.78752174595138,18.61838199099293,2,10079601664
Ours,89,0,9.053174187021796,9.053044217987917,5.447026154026389,0.35429822601145133,0.46137405501212925,0.01851026003714651,0.04092248197412118,0.0,0.0,0,2530278400
Ours,90,0,9.447625147993676,9.445649501984008,5.391658161999658,0.31890483904862776,0.8700467990129255,0.08280784101225436,0.04354076902382076,0.0,0.0,0,6850802176
Ours,91,0,9.047451418999117,9.047331783978734,5.375837445026264,0.21505896700546145,0.6279962369590066,0.049625945976004004,0.04229384695645422,0.0,0.0,0,4671546880
Ours,92,1,43.51781450997805,9.41257119801594,5.425829264975619,0.2171179000288248,0.5068074350128882,0.024673687003087252,0.5410672779544257,16.36821605201112,17.736543209990487,2,10081937408
Ours,93,0,9.468135018018074,9.466139575000852,5.3619669689796865,0.2829136530053802,0.9519182950025424,0.09448765602428466,0.04682440700707957,0.0,0.0,0,7882738176
Ours,94,0,8.743879790999927,8.743744915991556,5.375944280996919,0.10250492498744279,0.5100823210086673,0.012236099981237203,0.042218834976665676,0.0,0.0,0,3606367744
Ours,95,0,9.429489813977852,9.429325712029822,5.363746071001515,0.33374573598848656,0.898095961951185,0.08583142497809604,0.04646267899079248,0.0,0.0,0,7344735232
Ours,96,1,55.95736530300928,10.217825289990287,5.442516957002226,0.4103293669759296,0.9560513180331327,0.09535603801487014,0.6064132140018046,27.423374592035543,18.307655290002003,2,10083512832
Ours,97,0,9.640929145971313,9.640725223987829,5.429504893021658,0.3958910199580714,0.9538240170222707,0.09290558402426541,0.04511121695395559,0.0,0.0,0,7880811520
Ours,98,0,9.450627409969456,9.448589736013673,5.370103402005043,0.38281890499638394,0.8803256039973348,0.07187074300600216,0.04468432202702388,0.0,0.0,0,8446870016
Ours,99,0,8.842877155984752,8.842747826012783,5.378054946020711,0.1730976800317876,0.5080549319973215,0.02940364903770387,0.0416498439735733,0.0,0.0,0,3099932160
