parent,order,condition,arrival,expert_scheduled,updated,Frozen_m_tIoU,Frozen_m_vIoU,Frozen_sIoU_dense_GT,Frozen_vIoU@0.3,Frozen_vIoU@0.5,Ours_m_tIoU,Ours_m_vIoU,Ours_sIoU_dense_GT,Ours_vIoU@0.3,Ours_vIoU@0.5,delta_m_tIoU,delta_m_vIoU,delta_sIoU_dense_GT,delta_vIoU@0.3,delta_vIoU@0.5
2,order1,clean,0,True,True,0.31100478468899523,0.14707668065697144,0.4866781728755366,0.0,0.0,0.3827751196172249,0.17194835123657828,0.4866781728755366,0.0,0.0,0.07177033492822965,0.024871670579606847,0.0,0.0,0.0
0,order1,clean,1,False,False,0.3778801843317972,0.15685570836134016,0.36053351472703854,0.0,0.0,0.3778801843317972,0.16726273759148844,0.38102139133522656,0.0,0.0,0.0,0.010407029230148274,0.020487876608188016,0.0,0.0
25,order1,clean,2,False,False,0.6883116883116883,0.24601851112436565,0.30394630024207897,0.0,0.0,0.6883116883116883,0.24001053917500856,0.297918397626051,0.0,0.0,0.0,-0.006007971949357094,-0.00602790261602798,0.0,0.0
22,order1,clean,3,False,False,0.24316939890710382,0.05866280380394877,0.3623146524359551,0.0,0.0,0.24316939890710382,0.06140461905144204,0.36811171470652315,0.0,0.0,0.0,0.0027418152474932705,0.005797062270568032,0.0,0.0
27,order1,clean,4,True,True,0.7095588235294118,0.5475705511631078,0.762512214144856,1.0,1.0,0.32987012987012987,0.25916358437312154,0.7624367658926303,0.0,0.0,-0.37968869365928193,-0.2884069667899863,-7.544825222571827e-05,-1.0,-1.0
31,order1,clean,5,False,False,0.8092105263157895,0.4974973179980646,0.6072341466982412,1.0,0.0,0.8092105263157895,0.4964759567841001,0.6063159495055306,1.0,0.0,0.0,-0.0010213612139645112,-0.0009181971927105792,0.0,0.0
11,order1,clean,6,False,False,0.8641114982578397,0.26129458058630056,0.2969008799726667,0.0,0.0,0.8641114982578397,0.2592798771697007,0.29449660652909215,0.0,0.0,0.0,-0.0020147034165998723,-0.0024042734435745228,0.0,0.0
30,order1,clean,7,False,False,0.723404255319149,0.5214905574670691,0.7213663069112217,1.0,1.0,0.723404255319149,0.5229807894950602,0.7233679678619679,1.0,1.0,0.0,0.0014902320279911452,0.0020016609507461647,0.0,0.0
26,order1,clean,8,True,True,0.4473684210526316,0.1712275345400678,0.38544328852494425,0.0,0.0,0.4473684210526316,0.13943962261300108,0.3144011310081021,0.0,0.0,0.0,-0.03178791192706673,-0.07104215751684217,0.0,0.0
24,order1,clean,9,False,False,0.342911877394636,0.1443249080096127,0.4085156323768635,0.0,0.0,0.342911877394636,0.01842173270958349,0.1630969721946522,0.0,0.0,0.0,-0.1259031753000292,-0.2454186601822113,0.0,0.0
19,order1,clean,10,False,False,0.8327137546468402,0.14174345180272133,0.19025246822142405,0.0,0.0,0.8327137546468402,0.5828918576215723,0.7005309281461857,1.0,1.0,0.0,0.44114840581885095,0.5102784599247616,1.0,1.0
13,order1,clean,11,False,False,0.5476190476190477,0.3324740508966074,0.6075684753506353,1.0,0.0,0.5476190476190477,0.33562843607364734,0.6133358966235317,1.0,0.0,0.0,0.00315438517703992,0.0057674212728964225,0.0,0.0
14,order1,clean,12,True,True,0.7444444444444445,0.4987267948120409,0.6706490503757583,1.0,0.0,0.6175115207373272,0.4137604695814602,0.6707493759530994,1.0,0.0,-0.12693292370711728,-0.08496632523058073,0.00010032557734107606,0.0,0.0
16,order1,clean,13,False,False,0.3333333333333333,0.15028470927788676,0.43601934667225783,0.0,0.0,0.3333333333333333,0.1570542401653587,0.4540067572429113,0.0,0.0,0.0,0.006769530887471953,0.01798741057065345,0.0,0.0
17,order1,clean,14,False,False,0.4533678756476684,0.28337946606154363,0.6239088243286764,0.0,0.0,0.4533678756476684,0.2853730440498608,0.6282714451800306,0.0,0.0,0.0,0.0019935779883171745,0.004362620851354193,0.0,0.0
23,order1,clean,15,False,False,0.5739514348785872,0.08059189121835764,0.13987788016059774,0.0,0.0,0.5739514348785872,0.0644974323127423,0.11194381930142629,0.0,0.0,0.0,-0.01609445890561534,-0.027934060859171453,0.0,0.0
29,order1,clean,16,True,True,0.4232209737827715,0.195601404845168,0.4581190797689461,0.0,0.0,0.3896551724137931,0.20392089585150167,0.520369393449779,0.0,0.0,-0.03356580136897841,0.008319491006333668,0.062250313680832836,0.0,0.0
9,order1,clean,17,False,False,0.0,0.0,0.6125485497808583,0.0,0.0,0.0,0.0,0.5927500083077636,0.0,0.0,0.0,0.0,-0.019798541473094677,0.0,0.0
5,order1,clean,18,False,False,0.46996466431095407,0.23134113063052913,0.4929934245523907,0.0,0.0,0.46996466431095407,0.23075988658954216,0.4917770535344778,0.0,0.0,0.0,-0.0005812440409869724,-0.0012163710179128873,0.0,0.0
8,order1,clean,19,False,False,0.8688046647230321,0.7397110385028338,0.8461453059239524,1.0,1.0,0.8688046647230321,0.7399226544113948,0.8466237561253543,1.0,1.0,0.0,0.00021161590856100254,0.0004784502014019143,0.0,0.0
28,order1,clean,20,True,True,0.5736040609137056,0.4088633076946691,0.7065444878583317,1.0,0.0,0.551219512195122,0.39135070698096974,0.7037446923780596,1.0,0.0,-0.02238454871858364,-0.017512600713699367,-0.0027997954802720937,0.0,0.0
10,order1,clean,21,False,False,0.3598326359832636,0.27344619950691035,0.7454048498715581,0.0,0.0,0.3598326359832636,0.27389521668191247,0.7468368053315764,0.0,0.0,0.0,0.0004490171750021199,0.001431955460018286,0.0,0.0
21,order1,clean,22,False,False,0.8761329305135952,0.5793626088468448,0.6674389100440012,1.0,1.0,0.8761329305135952,0.582783230028839,0.6685398665157255,1.0,1.0,0.0,0.0034206211819942656,0.001100956471724257,0.0,0.0
20,order1,clean,23,False,False,0.890295358649789,0.5375115740392151,0.6079372626469639,1.0,1.0,0.890295358649789,0.5353018293452059,0.6052555047108241,1.0,1.0,0.0,-0.0022097446940092524,-0.0026817579361397836,0.0,0.0
1,order1,clean,24,True,True,0.6735537190082644,0.3786611889113303,0.5609866084369657,1.0,0.0,0.7520661157024794,0.41995914397167455,0.558144292292874,1.0,0.0,0.07851239669421495,0.04129795506034423,-0.0028423161440916944,0.0,0.0
7,order1,clean,25,False,False,0.9824561403508771,0.6500312662099743,0.659733948183979,1.0,1.0,0.9824561403508771,0.6467131508411931,0.6563638722052819,1.0,1.0,0.0,-0.003318115368781238,-0.0033700759786970957,0.0,0.0
12,order1,clean,26,False,False,0.8191489361702128,0.47028141604743257,0.5773505500069106,1.0,0.0,0.8191489361702128,0.4694672069755451,0.5771390750795099,1.0,0.0,0.0,-0.0008142090718874506,-0.00021147492740070106,0.0,0.0
18,order1,clean,27,False,False,0.35435435435435436,0.2302637540100394,0.6628667253042259,0.0,0.0,0.35435435435435436,0.23123424805338735,0.6657943178178302,0.0,0.0,0.0,0.0009704940433479525,0.0029275925136043046,0.0,0.0
3,order1,clean,28,True,True,0.5028901734104047,0.22054599635683567,0.4375278339843707,0.0,0.0,0.5337423312883436,0.23443066940658197,0.43821024086145727,0.0,0.0,0.030852157877938935,0.013884673049746304,0.0006824068770865943,0.0,0.0
6,order1,clean,29,False,False,0.6896551724137931,0.2915769382409892,0.4225049643732611,0.0,0.0,0.6896551724137931,0.295171756067665,0.42769053160875015,0.0,0.0,0.0,0.0035948178266758113,0.005185567235489019,0.0,0.0
15,order1,clean,30,False,False,0.28044280442804426,0.06828424480591606,0.217243209620191,0.0,0.0,0.28044280442804426,0.06236789920641264,0.20001320691418173,0.0,0.0,0.0,-0.0059163455995034225,-0.017230002706009273,0.0,0.0
4,order1,clean,31,False,False,0.0,0.0,0.5067420498048043,0.0,0.0,0.0,0.0,0.5273238081183717,0.0,0.0,0.0,0.0,0.020581758313567344,0.0,0.0
16,order2,clean,0,True,True,0.3333333333333333,0.15028470927788676,0.43601934667225783,0.0,0.0,0.3723958333333333,0.17435136044540903,0.43601934667225783,0.0,0.0,0.0390625,0.02406665116752227,0.0,0.0,0.0
2,order2,clean,1,False,False,0.31100478468899523,0.14707668065697144,0.4866781728755366,0.0,0.0,0.31100478468899523,0.14818465000701078,0.49083648327009477,0.0,0.0,0.0,0.001107969350039345,0.004158310394558162,0.0,0.0
27,order2,clean,2,False,False,0.7095588235294118,0.5475705511631078,0.762512214144856,1.0,1.0,0.7095588235294118,0.5462293046546671,0.7606295349093936,1.0,1.0,0.0,-0.0013412465084406966,-0.001882679235462481,0.0,0.0
22,order2,clean,3,False,False,0.24316939890710382,0.05866280380394877,0.3623146524359551,0.0,0.0,0.24316939890710382,0.05966101255166675,0.3654905048599206,0.0,0.0,0.0,0.0009982087477179852,0.003175852423965453,0.0,0.0
23,order2,clean,4,True,False,0.5739514348785872,0.08059189121835764,0.13987788016059774,0.0,0.0,0.6132075471698113,0.08574881558426212,0.139300757884012,0.0,0.0,0.039256112291224055,0.0051569243659044806,-0.0005771222765857398,0.0,0.0
26,order2,clean,5,False,False,0.4473684210526316,0.1712275345400678,0.38544328852494425,0.0,0.0,0.4473684210526316,0.17086128261341588,0.3845396219442871,0.0,0.0,0.0,-0.00036625192665193373,-0.0009036665806571587,0.0,0.0
15,order2,clean,6,False,False,0.28044280442804426,0.06828424480591606,0.217243209620191,0.0,0.0,0.28044280442804426,0.06803348344839538,0.21658150544081786,0.0,0.0,0.0,-0.00025076135752068185,-0.0006617041793731404,0.0,0.0
12,order2,clean,7,False,False,0.8191489361702128,0.47028141604743257,0.5773505500069106,1.0,0.0,0.8191489361702128,0.4707666762013643,0.5780348936179458,1.0,0.0,0.0,0.0004852601539317436,0.0006843436110351986,0.0,0.0
5,order2,clean,8,True,True,0.46996466431095407,0.23134113063052913,0.4929934245523907,0.0,0.0,0.4276315789473684,0.2115282253959399,0.49449772002894726,0.0,0.0,-0.042333085363585654,-0.01981290523458923,0.0015042954765565608,0.0,0.0
17,order2,clean,9,False,False,0.4533678756476684,0.28337946606154363,0.6239088243286764,0.0,0.0,0.4533678756476684,0.28399224459063077,0.6252571729903855,0.0,0.0,0.0,0.0006127785290871435,0.0013483486617090756,0.0,0.0
11,order2,clean,10,False,False,0.8641114982578397,0.26129458058630056,0.2969008799726667,0.0,0.0,0.8641114982578397,0.26427734129868,0.3002746245435285,0.0,0.0,0.0,0.002982760712379462,0.003373744570861814,0.0,0.0
3,order2,clean,11,False,False,0.5028901734104047,0.22054599635683567,0.4375278339843707,0.0,0.0,0.5028901734104047,0.22025470957318896,0.43693412731058406,0.0,0.0,0.0,-0.0002912867836467048,-0.0005937066737866092,0.0,0.0
1,order2,clean,12,True,True,0.6735537190082644,0.3786611889113303,0.5609866084369657,1.0,0.0,0.7520661157024794,0.42190509250834235,0.5608291525456521,1.0,0.0,0.07851239669421495,0.04324390359701202,-0.00015745589131355153,0.0,0.0
9,order2,clean,13,False,False,0.0,0.0,0.6125485497808583,0.0,0.0,0.0,0.0,0.6133602877463339,0.0,0.0,0.0,0.0,0.0008117379654756229,0.0,0.0
14,order2,clean,14,False,False,0.7444444444444445,0.4987267948120409,0.6706490503757583,1.0,0.0,0.7444444444444445,0.5009133485549094,0.6735729795580564,1.0,1.0,0.0,0.0021865537428685244,0.002923929182298113,0.0,1.0
31,order2,clean,15,False,False,0.8092105263157895,0.4974973179980646,0.6072341466982412,1.0,0.0,0.8092105263157895,0.4986083404954301,0.6088505370267072,1.0,0.0,0.0,0.0011110224973654992,0.0016163903284660552,0.0,0.0
20,order2,clean,16,True,True,0.890295358649789,0.5375115740392151,0.6079372626469639,1.0,1.0,0.8,0.48439639585511096,0.611647065029075,1.0,0.0,-0.09029535864978899,-0.05311517818410416,0.0037098023821110493,0.0,-1.0
0,order2,clean,17,False,False,0.3778801843317972,0.15685570836134016,0.36053351472703854,0.0,0.0,0.3778801843317972,0.16335171360728085,0.37479695607497343,0.0,0.0,0.0,0.006496005245940684,0.014263441347934891,0.0,0.0
24,order2,clean,18,False,False,0.342911877394636,0.1443249080096127,0.4085156323768635,0.0,0.0,0.342911877394636,0.11974478501327802,0.3607180924656639,0.0,0.0,0.0,-0.024580122996334677,-0.047797539911199616,0.0,0.0
6,order2,clean,19,False,False,0.6896551724137931,0.2915769382409892,0.4225049643732611,0.0,0.0,0.6896551724137931,0.29416664827225286,0.4262431713431728,0.0,0.0,0.0,0.002589710031263681,0.0037382069699116727,0.0,0.0
4,order2,clean,20,True,True,0.0,0.0,0.5067420498048043,0.0,0.0,0.0,0.0,0.511386652940845,0.0,0.0,0.0,0.0,0.004644603136040648,0.0,0.0
28,order2,clean,21,False,False,0.5736040609137056,0.4088633076946691,0.7065444878583317,1.0,0.0,0.5736040609137056,0.41045459664152445,0.7092943468278975,1.0,0.0,0.0,0.0015912889468553404,0.0027498589695658104,0.0,0.0
30,order2,clean,22,False,False,0.723404255319149,0.5214905574670691,0.7213663069112217,1.0,1.0,0.723404255319149,0.5193394723371719,0.7184125299956857,1.0,1.0,0.0,-0.0021510851298971456,-0.0029537769155359994,0.0,0.0
25,order2,clean,23,False,False,0.6883116883116883,0.24601851112436565,0.30394630024207897,0.0,0.0,0.6883116883116883,0.2438099026330588,0.3021484088654324,0.0,0.0,0.0,-0.002208608491306857,-0.0017978913766465432,0.0,0.0
29,order2,clean,24,True,True,0.4232209737827715,0.195601404845168,0.4581190797689461,0.0,0.0,0.3896551724137931,0.18224402101739762,0.46360321136004656,0.0,0.0,-0.03356580136897841,-0.01335738382777038,0.0054841315911004496,0.0,0.0
21,order2,clean,25,False,False,0.8761329305135952,0.5793626088468448,0.6674389100440012,1.0,1.0,0.8761329305135952,0.5821367444363119,0.6702983047056852,1.0,1.0,0.0,0.0027741355894671527,0.002859394661683945,0.0,0.0
19,order2,clean,26,False,False,0.8327137546468402,0.14174345180272133,0.19025246822142405,0.0,0.0,0.8327137546468402,0.5809993228573906,0.6972570882201625,1.0,1.0,0.0,0.43925587105466934,0.5070046199987385,1.0,1.0
18,order2,clean,27,False,False,0.35435435435435436,0.2302637540100394,0.6628667253042259,0.0,0.0,0.35435435435435436,0.23468494066629328,0.6733628639793939,0.0,0.0,0.0,0.004421186656253878,0.010496138675168076,0.0,0.0
8,order2,clean,28,True,True,0.8688046647230321,0.7397110385028338,0.8461453059239524,1.0,1.0,0.9825072886297376,0.8314759587744802,0.8454655597505034,1.0,1.0,0.11370262390670549,0.0917649202716464,-0.000679746173449014,0.0,0.0
7,order2,clean,29,False,False,0.9824561403508771,0.6500312662099743,0.659733948183979,1.0,1.0,0.9824561403508771,0.6507109340765143,0.6603898041139383,1.0,1.0,0.0,0.0006796678665399458,0.0006558559299593147,0.0,0.0
10,order2,clean,30,False,False,0.3598326359832636,0.27344619950691035,0.7454048498715581,0.0,0.0,0.3598326359832636,0.27470210219168906,0.7489820441962597,0.0,0.0,0.0,0.0012559026847787091,0.0035771943247016047,0.0,0.0
13,order2,clean,31,False,False,0.5476190476190477,0.3324740508966074,0.6075684753506353,1.0,0.0,0.5476190476190477,0.3370077311806735,0.6158347231362159,1.0,0.0,0.0,0.004533680284066088,0.008266247785580605,0.0,0.0
2,order1,frame_drop_5,0,True,True,0.16129032258064516,0.0762338369190863,0.40703294050968297,0.0,0.0,0.2995391705069124,0.1103401371744706,0.40703294050968297,0.0,0.0,0.13824884792626727,0.03410630025538429,0.0,0.0,0.0
0,order1,frame_drop_5,1,False,False,0.3778801843317972,0.15890601317388925,0.3642695489399771,0.0,0.0,0.3778801843317972,0.1702205632404789,0.3859454386496021,0.0,0.0,0.0,0.011314550066589657,0.02167588970962503,0.0,0.0
25,order1,frame_drop_5,2,False,False,0.6883116883116883,0.24603586560282925,0.3039270654357781,0.0,0.0,0.6883116883116883,0.24030907506191249,0.2981807260734002,0.0,0.0,0.0,-0.005726790540916765,-0.005746339362377895,0.0,0.0
22,order1,frame_drop_5,3,False,False,0.24316939890710382,0.07583386158724723,0.4018888250605136,0.0,0.0,0.24316939890710382,0.07612013442625166,0.4006702051590356,0.0,0.0,0.0,0.00028627283900443945,-0.0012186199014779797,0.0,0.0
27,order1,frame_drop_5,4,True,True,0.875,0.6090937060226317,0.7012763158997896,1.0,1.0,0.8346774193548387,0.579561816426985,0.7011075454118367,1.0,1.0,-0.040322580645161255,-0.029531889595646676,-0.00016877048795282956,0.0,0.0
31,order1,frame_drop_5,5,False,False,0.6885964912280702,0.42627717963211853,0.5900949082643167,1.0,0.0,0.6885964912280702,0.4253764822389422,0.5890605357437714,1.0,0.0,0.0,-0.0009006973931763307,-0.0010343725205452792,0.0,0.0
11,order1,frame_drop_5,6,False,False,0.7013698630136986,0.2163962010534688,0.30399959459772175,0.0,0.0,0.7013698630136986,0.2152746899610326,0.30237419658966336,0.0,0.0,0.0,-0.0011215110924361893,-0.0016253980080583874,0.0,0.0
30,order1,frame_drop_5,7,False,False,0.8242424242424242,0.5939353976861155,0.7210677287253376,1.0,1.0,0.8242424242424242,0.5953659769384012,0.7227490627078551,1.0,1.0,0.0,0.0014305792522857352,0.0016813339825174634,0.0,0.0
26,order1,frame_drop_5,8,True,True,0.4473684210526316,0.23801653615873808,0.5348801627145893,0.0,0.0,0.4272300469483568,0.21693717881331911,0.47579274685582124,0.0,0.0,-0.02013837410427477,-0.021079357345418964,-0.05908741585876803,0.0,0.0
24,order1,frame_drop_5,9,False,False,0.30842911877394635,0.1455650779386745,0.40757924144314517,0.0,0.0,0.30842911877394635,0.10142594927115779,0.3216017494659136,0.0,0.0,0.0,-0.044139128667516694,-0.08597749197723159,0.0,0.0
19,order1,frame_drop_5,10,False,False,0.8853754940711462,0.10690844009771305,0.13505751302226854,0.0,0.0,0.8853754940711462,0.5577923369944797,0.636944837900717,1.0,1.0,0.0,0.45088389689676667,0.5018873248784484,1.0,1.0
13,order1,frame_drop_5,11,False,False,0.5476190476190477,0.3325030864205823,0.6076202126794175,1.0,0.0,0.5476190476190477,0.3340783145461306,0.610493663647403,1.0,0.0,0.0,0.001575228125548278,0.0028734509679855247,0.0,0.0
14,order1,frame_drop_5,12,True,True,0.7486033519553073,0.46052301812318025,0.6120120111910468,1.0,0.0,0.7928994082840237,0.4867502207164559,0.6106874331066956,1.0,0.0,0.04429605632871647,0.026227202593275656,-0.0013245780843511579,0.0,0.0
16,order1,frame_drop_5,13,False,False,0.3803191489361702,0.17874414097171398,0.4371062641224091,0.0,0.0,0.3803191489361702,0.180790970162019,0.44196408015592337,0.0,0.0,0.0,0.0020468291903050218,0.004857816033514262,0.0,0.0
17,order1,frame_drop_5,14,False,False,0.4533678756476684,0.28336562624929135,0.6238783541146361,0.0,0.0,0.4533678756476684,0.2845966527187615,0.626572481027017,0.0,0.0,0.0,0.0012310264694701534,0.002694126912380912,0.0,0.0
23,order1,frame_drop_5,15,False,False,0.8538205980066446,0.11100462006232936,0.13153902870534978,0.0,0.0,0.8538205980066446,0.10790784239637798,0.12739193532613072,0.0,0.0,0.0,-0.0030967776659513863,-0.004147093379219063,0.0,0.0
29,order1,frame_drop_5,16,True,True,0.4232209737827715,0.19522018981378295,0.45722623403754425,0.0,0.0,0.3992932862190813,0.18714345265574248,0.4645754131717116,0.0,0.0,-0.023927687563690236,-0.00807673715804047,0.007349179134167327,0.0,0.0
9,order1,frame_drop_5,17,False,False,0.0,0.0,0.6131255078721807,0.0,0.0,0.0,0.0,0.6093640947450869,0.0,0.0,0.0,0.0,-0.003761413127093771,0.0,0.0
5,order1,frame_drop_5,18,False,False,0.46996466431095407,0.23138993721420115,0.4930955285563311,0.0,0.0,0.46996466431095407,0.2319566526437739,0.49433206545066993,0.0,0.0,0.0,0.0005667154295727617,0.0012365368943388355,0.0,0.0
8,order1,frame_drop_5,19,False,False,0.7551020408163265,0.6556144707260723,0.8404679870338276,1.0,1.0,0.7551020408163265,0.6555873703330305,0.8409996622010123,1.0,1.0,0.0,-2.7100393041767923e-05,0.0005316751671846642,0.0,0.0
28,order1,frame_drop_5,20,True,True,0.6243093922651933,0.44638723167344463,0.7087376222183639,1.0,0.0,0.653179190751445,0.4666108588726442,0.7081024437277846,1.0,0.0,0.028869798486251708,0.020223627199199568,-0.0006351784905792579,0.0,0.0
10,order1,frame_drop_5,21,False,False,0.3598326359832636,0.2731953516105475,0.7446906062152817,0.0,0.0,0.3598326359832636,0.2740801859952343,0.7472184894567074,0.0,0.0,0.0,0.000884834384686839,0.0025278832414257213,0.0,0.0
21,order1,frame_drop_5,22,False,False,0.8664688427299704,0.5702289939048136,0.6686215232174779,1.0,1.0,0.8664688427299704,0.5733430316646861,0.6718208906932496,1.0,1.0,0.0,0.003114037759872512,0.003199367475771653,0.0,0.0
20,order1,frame_drop_5,23,False,False,0.890295358649789,0.5375069064196796,0.607930742427402,1.0,1.0,0.890295358649789,0.538963568562788,0.6094452189806283,1.0,1.0,0.0,0.001456662143108467,0.0015144765532263404,0.0,0.0
1,order1,frame_drop_5,24,True,True,0.6735537190082644,0.3784654263561456,0.5606758420293272,1.0,0.0,0.7520661157024794,0.420334430506258,0.5587020276371351,1.0,0.0,0.07851239669421495,0.04186900415011241,-0.0019738143921921303,0.0,0.0
7,order1,frame_drop_5,25,False,False,0.9619883040935673,0.6386943437695298,0.6594288797398109,1.0,1.0,0.9619883040935673,0.6381656211030132,0.6588669714338478,1.0,1.0,0.0,-0.0005287226665166012,-0.0005619083059631436,0.0,0.0
12,order1,frame_drop_5,26,False,False,0.8191489361702128,0.47016356583827695,0.5772640191740749,1.0,0.0,0.8191489361702128,0.4704418891187776,0.5779735941232199,1.0,0.0,0.0,0.0002783232805006475,0.0007095749491450309,0.0,0.0
18,order1,frame_drop_5,27,False,False,0.25,0.13706304984545212,0.6315322591269222,0.0,0.0,0.25,0.13799666934335073,0.6353280779537734,0.0,0.0,0.0,0.0009336194978986079,0.003795818826851205,0.0,0.0
3,order1,frame_drop_5,28,True,True,0.5028901734104047,0.2205204570121592,0.4374774282376588,0.0,0.0,0.5337423312883436,0.23419799711279005,0.4377596544658895,0.0,0.0,0.030852157877938935,0.013677540100630853,0.00028222622823070864,0.0,0.0
6,order1,frame_drop_5,29,False,False,0.6896551724137931,0.29161839625014774,0.42256656395361464,0.0,0.0,0.6896551724137931,0.2954510227233785,0.4280927522961969,0.0,0.0,0.0,0.003832626473230738,0.005526188342582283,0.0,0.0
15,order1,frame_drop_5,30,False,False,0.28044280442804426,0.06838345772354762,0.21753269732851452,0.0,0.0,0.28044280442804426,0.06665450747802934,0.21258612116242664,0.0,0.0,0.0,-0.0017289502455182792,-0.004946576166087874,0.0,0.0
4,order1,frame_drop_5,31,False,False,0.0,0.0,0.5070704046938872,0.0,0.0,0.0,0.0,0.5235305423609009,0.0,0.0,0.0,0.0,0.016460137667013708,0.0,0.0
16,order2,frame_drop_5,0,True,True,0.3803191489361702,0.17874414097171398,0.4371062641224091,0.0,0.0,0.41032608695652173,0.19472829767177785,0.4371062641224091,0.0,0.0,0.030006938020351537,0.015984156700063867,0.0,0.0,0.0
2,order2,frame_drop_5,1,False,False,0.16129032258064516,0.0762338369190863,0.40703294050968297,0.0,0.0,0.16129032258064516,0.07689661284032091,0.4063727435041861,0.0,0.0,0.0,0.0006627759212346068,-0.0006601970054968542,0.0,0.0
27,order2,frame_drop_5,2,False,False,0.875,0.6090937060226317,0.7012763158997896,1.0,1.0,0.875,0.6077190568744035,0.6997021343944824,1.0,1.0,0.0,-0.0013746491482281575,-0.0015741815053071928,0.0,0.0
22,order2,frame_drop_5,3,False,False,0.24316939890710382,0.07583386158724723,0.4018888250605136,0.0,0.0,0.24316939890710382,0.07614875277427983,0.4028227476471262,0.0,0.0,0.0,0.0003148911870326093,0.0009339225866126233,0.0,0.0
23,order2,frame_drop_5,4,True,False,0.8538205980066446,0.11100462006232936,0.13153902870534978,0.0,0.0,0.8280254777070064,0.10877937873400045,0.13086867786389328,0.0,0.0,-0.025795120299638152,-0.0022252413283289085,-0.0006703508414565018,0.0,0.0
26,order2,frame_drop_5,5,False,False,0.4473684210526316,0.23801653615873808,0.5348801627145893,0.0,0.0,0.4473684210526316,0.22894556982165404,0.514432508681703,0.0,0.0,0.0,-0.009070966337084041,-0.020447654032886287,0.0,0.0
15,order2,frame_drop_5,6,False,False,0.28044280442804426,0.06838345772354762,0.21753269732851452,0.0,0.0,0.28044280442804426,0.0681179261045003,0.21683010734040814,0.0,0.0,0.0,-0.0002655316190473128,-0.000702589988106378,0.0,0.0
12,order2,frame_drop_5,7,False,False,0.8191489361702128,0.47016356583827695,0.5772640191740749,1.0,0.0,0.8191489361702128,0.4706267113129243,0.5779111857681103,1.0,0.0,0.0,0.0004631454746473196,0.0006471665940354088,0.0,0.0
5,order2,frame_drop_5,8,True,True,0.46996466431095407,0.23138993721420115,0.4930955285563311,0.0,0.0,0.415625,0.20521826424056155,0.4945174888435881,0.0,0.0,-0.05433966431095405,-0.026171672973639593,0.0014219602872569959,0.0,0.0
17,order2,frame_drop_5,9,False,False,0.4533678756476684,0.28336562624929135,0.6238783541146361,0.0,0.0,0.4533678756476684,0.28404757525201624,0.62537795018148,0.0,0.0,0.0,0.0006819490027248909,0.0014995960668439112,0.0,0.0
11,order2,frame_drop_5,10,False,False,0.7013698630136986,0.2163962010534688,0.30399959459772175,0.0,0.0,0.7013698630136986,0.2180166586873233,0.3062964181804283,0.0,0.0,0.0,0.0016204576338545162,0.002296823582706553,0.0,0.0
3,order2,frame_drop_5,11,False,False,0.5028901734104047,0.2205204570121592,0.4374774282376588,0.0,0.0,0.5028901734104047,0.22026876553716632,0.43696375738639204,0.0,0.0,0.0,-0.0002516914749928767,-0.0005136708512667454,0.0,0.0
1,order2,frame_drop_5,12,True,True,0.6735537190082644,0.3784654263561456,0.5606758420293272,1.0,0.0,0.7520661157024794,0.42162816588238633,0.5604590489437493,1.0,0.0,0.07851239669421495,0.04316273952624072,-0.00021679308557787103,0.0,0.0
9,order2,frame_drop_5,13,False,False,0.0,0.0,0.6131255078721807,0.0,0.0,0.0,0.0,0.6145074638307726,0.0,0.0,0.0,0.0,0.0013819559585919183,0.0,0.0
14,order2,frame_drop_5,14,False,False,0.7486033519553073,0.46052301812318025,0.6120120111910468,1.0,0.0,0.7486033519553073,0.46191910391116986,0.6138368558776298,1.0,0.0,0.0,0.0013960857879896094,0.0018248446865830603,0.0,0.0
31,order2,frame_drop_5,15,False,False,0.6885964912280702,0.42627717963211853,0.5900949082643167,1.0,0.0,0.6885964912280702,0.42726108814549146,0.5916144115201887,1.0,0.0,0.0,0.000983908513372933,0.0015195032558720234,0.0,0.0
20,order2,frame_drop_5,16,True,True,0.890295358649789,0.5375069064196796,0.607930742427402,1.0,1.0,0.8,0.4842150003992834,0.611406271080619,1.0,0.0,-0.09029535864978899,-0.053291906020396185,0.003475528653216986,0.0,-1.0
0,order2,frame_drop_5,17,False,False,0.3778801843317972,0.15890601317388925,0.3642695489399771,0.0,0.0,0.3778801843317972,0.16708650752535642,0.3814389156157086,0.0,0.0,0.0,0.008180494351467171,0.01716936667573149,0.0,0.0
24,order2,frame_drop_5,18,False,False,0.30842911877394635,0.1455650779386745,0.40757924144314517,0.0,0.0,0.30842911877394635,0.11978127765506788,0.35830277040850433,0.0,0.0,0.0,-0.025783800283606606,-0.049276471034640834,0.0,0.0
6,order2,frame_drop_5,19,False,False,0.6896551724137931,0.29161839625014774,0.42256656395361464,0.0,0.0,0.6896551724137931,0.2942027466754585,0.42629988623153586,0.0,0.0,0.0,0.002584350425310744,0.003733322277921225,0.0,0.0
4,order2,frame_drop_5,20,True,True,0.0,0.0,0.5070704046938872,0.0,0.0,0.0,0.0,0.5131283399365162,0.0,0.0,0.0,0.0,0.006057935242628987,0.0,0.0
28,order2,frame_drop_5,21,False,False,0.6243093922651933,0.44638723167344463,0.7087376222183639,1.0,0.0,0.6243093922651933,0.4478630786355472,0.7110808529213513,1.0,0.0,0.0,0.0014758469621025672,0.0023432307029873645,0.0,0.0
30,order2,frame_drop_5,22,False,False,0.8242424242424242,0.5939353976861155,0.7210677287253376,1.0,1.0,0.8242424242424242,0.5920020086947936,0.7187299797676857,1.0,1.0,0.0,-0.0019333889913218938,-0.0023377489576519306,0.0,0.0
25,order2,frame_drop_5,23,False,False,0.6883116883116883,0.24603586560282925,0.3039270654357781,0.0,0.0,0.6883116883116883,0.2442300349340444,0.30261602370616353,0.0,0.0,0.0,-0.0018058306687848413,-0.0013110417296145482,0.0,0.0
29,order2,frame_drop_5,24,True,True,0.4232209737827715,0.19522018981378295,0.45722623403754425,0.0,0.0,0.3992932862190813,0.18663806287088153,0.4633208051970129,0.0,0.0,-0.023927687563690236,-0.008582126942901419,0.006094571159468654,0.0,0.0
21,order2,frame_drop_5,25,False,False,0.8664688427299704,0.5702289939048136,0.6686215232174779,1.0,1.0,0.8664688427299704,0.5743937424629649,0.673127106572672,1.0,1.0,0.0,0.004164748558151299,0.0045055833551941316,0.0,0.0
19,order2,frame_drop_5,26,False,False,0.8853754940711462,0.10690844009771305,0.13505751302226854,0.0,0.0,0.8853754940711462,0.5836301741838791,0.6628203067535707,1.0,1.0,0.0,0.476721734086166,0.5277627937313022,1.0,1.0
18,order2,frame_drop_5,27,False,False,0.25,0.13706304984545212,0.6315322591269222,0.0,0.0,0.25,0.1389799344092795,0.6388826071089421,0.0,0.0,0.0,0.0019168845638273813,0.007350347982019834,0.0,0.0
8,order2,frame_drop_5,28,True,True,0.7551020408163265,0.6556144707260723,0.8404679870338276,1.0,1.0,0.9770114942528736,0.8211752372542876,0.8403871042961372,1.0,1.0,0.2219094534365471,0.1655607665282154,-8.088273769046861e-05,0.0,0.0
7,order2,frame_drop_5,29,False,False,0.9619883040935673,0.6386943437695298,0.6594288797398109,1.0,1.0,0.9619883040935673,0.6391326207344327,0.6598624023295644,1.0,1.0,0.0,0.0004382769649028395,0.0004335225897534878,0.0,0.0
10,order2,frame_drop_5,30,False,False,0.3598326359832636,0.2731953516105475,0.7446906062152817,0.0,0.0,0.3598326359832636,0.27426464969984915,0.7477294737580321,0.0,0.0,0.0,0.0010692980893016735,0.003038867542750401,0.0,0.0
13,order2,frame_drop_5,31,False,False,0.5476190476190477,0.3325030864205823,0.6076202126794175,1.0,0.0,0.5476190476190477,0.33739491442225084,0.6165390902821583,1.0,0.0,0.0,0.004891828001668541,0.008918877602740793,0.0,0.0
2,order1,frame_freeze_5,0,True,True,0.31100478468899523,0.1639435272913389,0.5275171727517819,0.0,0.0,0.3686635944700461,0.18347001320842907,0.5275171727517819,0.0,0.0,0.05765880978105087,0.019526485917090164,0.0,0.0,0.0
0,order1,frame_freeze_5,1,False,False,0.3778801843317972,0.1596999418603052,0.36561842012911083,0.0,0.0,0.3778801843317972,0.1618379563708231,0.3704087088981593,0.0,0.0,0.0,0.0021380145105178994,0.0047902887690484675,0.0,0.0
25,order1,frame_freeze_5,2,False,False,0.6883116883116883,0.24585118600572545,0.3037689752504514,0.0,0.0,0.6883116883116883,0.24719853687288337,0.3052578863849132,0.0,0.0,0.0,0.001347350867157926,0.0014889111344618122,0.0,0.0
22,order1,frame_freeze_5,3,False,False,0.2870967741935484,0.062141512570560616,0.343538704337923,0.0,0.0,0.2870967741935484,0.062400174157435234,0.344314219857193,0.0,0.0,0.0,0.00025866158687461865,0.0007755155192700203,0.0,0.0
27,order1,frame_freeze_5,4,True,True,0.7426470588235294,0.572076449678192,0.7624121121410135,1.0,1.0,0.32987012987012987,0.2588227043895996,0.7614922237430316,0.0,0.0,-0.41277692895339957,-0.31325374528859246,-0.0009198883979818495,-1.0,-1.0
31,order1,frame_freeze_5,5,False,False,0.8092105263157895,0.4959836411716701,0.6053587859199269,1.0,0.0,0.8092105263157895,0.49543713893620567,0.604730848501581,1.0,0.0,0.0,-0.00054650223546443,-0.0006279374183458808,0.0,0.0
11,order1,frame_freeze_5,6,False,False,0.8641114982578397,0.2566516637114454,0.291844899158529,0.0,0.0,0.8641114982578397,0.2554000587928207,0.2903262291425098,0.0,0.0,0.0,-0.0012516049186246936,-0.0015186700160192412,0.0,0.0
30,order1,frame_freeze_5,7,False,False,0.723404255319149,0.521117011093551,0.7208532522901288,1.0,1.0,0.723404255319149,0.5228656876849226,0.7232370035743038,1.0,1.0,0.0,0.0017486765913715674,0.0023837512841750064,0.0,0.0
26,order1,frame_freeze_5,8,True,True,0.40476190476190477,0.19864228805547357,0.49325718751564607,0.0,0.0,0.4272300469483568,0.20174105045333324,0.438949823296659,0.0,0.0,0.022468142186452045,0.003098762397859667,-0.054307364218987075,0.0,0.0
24,order1,frame_freeze_5,9,False,False,0.342911877394636,0.16276372725733107,0.4443086148582263,0.0,0.0,0.342911877394636,0.13254192431748726,0.3850932458059614,0.0,0.0,0.0,-0.030221802939843806,-0.05921536905226493,0.0,0.0
19,order1,frame_freeze_5,10,False,False,0.8115942028985508,0.2649828569697214,0.36288885632048024,0.0,0.0,0.8115942028985508,0.4367196723196849,0.553992417053088,1.0,0.0,0.0,0.1717368153499635,0.19110356073260776,1.0,0.0
13,order1,frame_freeze_5,11,False,False,0.5476190476190477,0.332491927571699,0.6076017678560522,1.0,0.0,0.5476190476190477,0.3337641741116316,0.6099204322811842,1.0,0.0,0.0,0.001272246539932631,0.0023186644251319555,0.0,0.0
14,order1,frame_freeze_5,12,True,True,0.7175141242937854,0.4901025091781612,0.6776527030189392,1.0,0.0,0.6175115207373272,0.4189048809253218,0.6774579740469624,1.0,0.0,-0.10000260355645818,-0.07119762825283943,-0.00019472897197680972,0.0,0.0
16,order1,frame_freeze_5,13,False,False,0.3515625,0.16187544240107257,0.4362678391162366,0.0,0.0,0.3515625,0.16274016339538436,0.43962201915765947,0.0,0.0,0.0,0.0008647209943117851,0.0033541800414228495,0.0,0.0
17,order1,frame_freeze_5,14,False,False,0.4533678756476684,0.2833583999428657,0.623862483473101,0.0,0.0,0.4533678756476684,0.2842861020682552,0.6258925772588989,0.0,0.0,0.0,0.0009277021253895068,0.002030093785797882,0.0,0.0
23,order1,frame_freeze_5,15,False,False,0.6753246753246753,0.08705461227666514,0.12841389167247538,0.0,0.0,0.6753246753246753,0.08649804588639025,0.127592902935863,0.0,0.0,0.0,-0.0005565663902748902,-0.0008209887366123769,0.0,0.0
29,order1,frame_freeze_5,16,True,True,0.4232209737827715,0.1953206140445359,0.45746143815693935,0.0,0.0,0.3896551724137931,0.17859460049852655,0.4543195977594096,0.0,0.0,-0.03356580136897841,-0.01672601354600936,-0.003141840397529738,0.0,0.0
9,order1,frame_freeze_5,17,False,False,0.0,0.0,0.612268187570436,0.0,0.0,0.0,0.0,0.6160372368778151,0.0,0.0,0.0,0.0,0.003769049307379091,0.0,0.0
5,order1,frame_freeze_5,18,False,False,0.46996466431095407,0.2313203456114809,0.4929476174520814,0.0,0.0,0.46996466431095407,0.23213222724131563,0.49470942975249954,0.0,0.0,0.0,0.0008118816298347264,0.001761812300418164,0.0,0.0
8,order1,frame_freeze_5,19,False,False,0.8250728862973761,0.7034662202805724,0.8421541245045336,1.0,1.0,0.8250728862973761,0.7035912249193448,0.8424024802286326,1.0,1.0,0.0,0.00012500463877240797,0.0002483557240989809,0.0,0.0
28,order1,frame_freeze_5,20,True,True,0.6243093922651933,0.4459811433060172,0.7080928678806062,1.0,0.0,0.5736040609137056,0.4098993765110704,0.7083348874796567,1.0,0.0,-0.05070533135148769,-0.03608176679494679,0.0002420195990504581,0.0,0.0
10,order1,frame_freeze_5,21,False,False,0.3598326359832636,0.2735000943187468,0.7455930877033802,0.0,0.0,0.3598326359832636,0.27413632512361324,0.7474051862964523,0.0,0.0,0.0,0.0006362308048664667,0.0018120985930720757,0.0,0.0
21,order1,frame_freeze_5,22,False,False,0.8761329305135952,0.5775946060181623,0.6656001115887156,1.0,1.0,0.8761329305135952,0.5784529371266739,0.6666133957582002,1.0,1.0,0.0,0.0008583311085116341,0.0010132841694846517,0.0,0.0
20,order1,frame_freeze_5,23,False,False,0.890295358649789,0.5375113811812107,0.6079339596420577,1.0,1.0,0.890295358649789,0.5399276819313609,0.610584632656592,1.0,1.0,0.0,0.002416300750150202,0.002650673014534366,0.0,0.0
1,order1,frame_freeze_5,24,True,True,0.6735537190082644,0.37859689257930884,0.5608894021713628,1.0,0.0,0.7520661157024794,0.4212414842197018,0.5599327546177074,1.0,0.0,0.07851239669421495,0.04264459164039297,-0.000956647553655432,0.0,0.0
7,order1,frame_freeze_5,25,False,False,0.9619883040935673,0.6387705328137138,0.6593395375818826,1.0,1.0,0.9619883040935673,0.6387868934300995,0.6593333852553624,1.0,1.0,0.0,1.63606163857688e-05,-6.1523265201257615e-06,0.0,0.0
12,order1,frame_freeze_5,26,False,False,0.8191489361702128,0.47029432563005646,0.5773652785593338,1.0,0.0,0.8191489361702128,0.4707020669001831,0.5779420886575243,1.0,0.0,0.0,0.0004077412701266603,0.0005768100981904389,0.0,0.0
18,order1,frame_freeze_5,27,False,False,0.35435435435435436,0.2272026176703734,0.6567206383921249,0.0,0.0,0.35435435435435436,0.2287753813338269,0.6608306215169097,0.0,0.0,0.0,0.0015727636634535191,0.004109983124784833,0.0,0.0
3,order1,frame_freeze_5,28,True,True,0.5028901734104047,0.22055897919108788,0.437553035689823,0.0,0.0,0.5337423312883436,0.23457753831024605,0.438467362710326,0.0,0.0,0.030852157877938935,0.01401855911915817,0.0009143270205029808,0.0,0.0
6,order1,frame_freeze_5,29,False,False,0.6896551724137931,0.2915856773072253,0.422518223382275,0.0,0.0,0.6896551724137931,0.29464391751149677,0.42692908748522107,0.0,0.0,0.0,0.0030582402042714785,0.004410864102946055,0.0,0.0
15,order1,frame_freeze_5,30,False,False,0.28044280442804426,0.06828527285685666,0.2172473885299703,0.0,0.0,0.28044280442804426,0.06721355339928886,0.21423290054691768,0.0,0.0,0.0,-0.0010717194575678018,-0.0030144879830526217,0.0,0.0
4,order1,frame_freeze_5,31,False,False,0.0,0.0,0.5072973995703055,0.0,0.0,0.0,0.0,0.515746523685077,0.0,0.0,0.0,0.0,0.0084491241147715,0.0,0.0
16,order2,frame_freeze_5,0,True,True,0.3515625,0.16187544240107257,0.4362678391162366,0.0,0.0,0.3803191489361702,0.17823281925139112,0.4362678391162366,0.0,0.0,0.028756648936170193,0.016357376850318545,0.0,0.0,0.0
2,order2,frame_freeze_5,1,False,False,0.31100478468899523,0.1639435272913389,0.5275171727517819,0.0,0.0,0.31100478468899523,0.16442212557079602,0.5280510541237267,0.0,0.0,0.0,0.00047859827945712086,0.0005338813719447666,0.0,0.0
27,order2,frame_freeze_5,2,False,False,0.7426470588235294,0.572076449678192,0.7624121121410135,1.0,1.0,0.7426470588235294,0.5706715696293952,0.7605273819567021,1.0,1.0,0.0,-0.0014048800487967972,-0.001884730184311345,0.0,0.0
22,order2,frame_freeze_5,3,False,False,0.2870967741935484,0.062141512570560616,0.343538704337923,0.0,0.0,0.2870967741935484,0.06252101276347209,0.3446564542907068,0.0,0.0,0.0,0.00037950019291147635,0.0011177499527837975,0.0,0.0
23,order2,frame_freeze_5,4,True,False,0.6753246753246753,0.08705461227666514,0.12841389167247538,0.0,0.0,0.5739514348785872,0.07396459664553759,0.12837533440777213,0.0,0.0,-0.10137324044608809,-0.01309001563112755,-3.8557264703253935e-05,0.0,0.0
26,order2,frame_freeze_5,5,False,False,0.40476190476190477,0.19864228805547357,0.49325718751564607,0.0,0.0,0.40476190476190477,0.18516753926649443,0.4600564464258316,0.0,0.0,0.0,-0.01347474878897914,-0.03320074108981447,0.0,0.0
15,order2,frame_freeze_5,6,False,False,0.28044280442804426,0.06828527285685666,0.2172473885299703,0.0,0.0,0.28044280442804426,0.06802662061220616,0.21656220586580133,0.0,0.0,0.0,-0.0002586522446505063,-0.0006851826641689762,0.0,0.0
12,order2,frame_freeze_5,7,False,False,0.8191489361702128,0.47029432563005646,0.5773652785593338,1.0,0.0,0.8191489361702128,0.4707764374262871,0.5780468495029273,1.0,0.0,0.0,0.00048211179623064426,0.0006815709435934458,0.0,0.0
5,order2,frame_freeze_5,8,True,True,0.46996466431095407,0.2313203456114809,0.4929476174520814,0.0,0.0,0.4276315789473684,0.21150873541153917,0.4944475572483437,0.0,0.0,-0.042333085363585654,-0.019811610199941737,0.0014999397962623395,0.0,0.0
17,order2,frame_freeze_5,9,False,False,0.4533678756476684,0.2833583999428657,0.623862483473101,0.0,0.0,0.4533678756476684,0.2839720449994235,0.6252127067507441,0.0,0.0,0.0,0.00061364505655781,0.0013502232776431145,0.0,0.0
11,order2,frame_freeze_5,10,False,False,0.8641114982578397,0.2566516637114454,0.291844899158529,0.0,0.0,0.8641114982578397,0.2595347479376016,0.2951106619025495,0.0,0.0,0.0,0.0028830842261562406,0.0032657627440204617,0.0,0.0
3,order2,frame_freeze_5,11,False,False,0.5028901734104047,0.22055897919108788,0.437553035689823,0.0,0.0,0.5028901734104047,0.22027407172779026,0.43697195464837085,0.0,0.0,0.0,-0.0002849074632976234,-0.0005810810414521583,0.0,0.0
1,order2,frame_freeze_5,12,True,True,0.6735537190082644,0.37859689257930884,0.5608894021713628,1.0,0.0,0.7520661157024794,0.4218199354403124,0.5607150890114443,1.0,0.0,0.07851239669421495,0.043223042861003536,-0.0001743131599185599,0.0,0.0
9,order2,frame_freeze_5,13,False,False,0.0,0.0,0.612268187570436,0.0,0.0,0.0,0.0,0.6132825258744922,0.0,0.0,0.0,0.0,0.0010143383040561726,0.0,0.0
14,order2,frame_freeze_5,14,False,False,0.7175141242937854,0.4901025091781612,0.6776527030189392,1.0,0.0,0.7175141242937854,0.4919033335660257,0.6802129468244206,1.0,0.0,0.0,0.001800824387864497,0.002560243805481366,0.0,0.0
31,order2,frame_freeze_5,15,False,False,0.8092105263157895,0.4959836411716701,0.6053587859199269,1.0,0.0,0.8092105263157895,0.49712627527350156,0.6070006751251672,1.0,0.0,0.0,0.0011426341018314634,0.0016418892052403322,0.0,0.0
20,order2,frame_freeze_5,16,True,True,0.890295358649789,0.5375113811812107,0.6079339596420577,1.0,1.0,0.8,0.4843915629061409,0.6116336965551898,1.0,0.0,-0.09029535864978899,-0.053119818275069786,0.00369973691313219,0.0,-1.0
0,order2,frame_freeze_5,17,False,False,0.3778801843317972,0.1596999418603052,0.36561842012911083,0.0,0.0,0.3778801843317972,0.16730529555064758,0.3817509171725776,0.0,0.0,0.0,0.007605353690342376,0.016132497043466754,0.0,0.0
24,order2,frame_freeze_5,18,False,False,0.342911877394636,0.16276372725733107,0.4443086148582263,0.0,0.0,0.342911877394636,0.11838793453995322,0.3581299637215998,0.0,0.0,0.0,-0.04437579271737785,-0.08617865113662654,0.0,0.0
6,order2,frame_freeze_5,19,False,False,0.6896551724137931,0.2915856773072253,0.422518223382275,0.0,0.0,0.6896551724137931,0.29416022445439627,0.42623491428789495,0.0,0.0,0.0,0.00257454714717098,0.003716690905619935,0.0,0.0
4,order2,frame_freeze_5,20,True,True,0.0,0.0,0.5072973995703055,0.0,0.0,0.0,0.0,0.511880987313784,0.0,0.0,0.0,0.0,0.0045835877434784456,0.0,0.0
28,order2,frame_freeze_5,21,False,False,0.6243093922651933,0.4459811433060172,0.7080928678806062,1.0,0.0,0.6243093922651933,0.4476651561922728,0.7107666076386087,1.0,0.0,0.0,0.001684012886255637,0.002673739758002447,0.0,0.0
30,order2,frame_freeze_5,22,False,False,0.723404255319149,0.521117011093551,0.7208532522901288,1.0,1.0,0.723404255319149,0.519311982692561,0.7183802905010308,1.0,1.0,0.0,-0.0018050284009900608,-0.0024729617890979494,0.0,0.0
25,order2,frame_freeze_5,23,False,False,0.6883116883116883,0.24585118600572545,0.3037689752504514,0.0,0.0,0.6883116883116883,0.24334748049145577,0.30167584144696563,0.0,0.0,0.0,-0.0025037055142696774,-0.002093133803485747,0.0,0.0
29,order2,frame_freeze_5,24,True,True,0.4232209737827715,0.1953206140445359,0.45746143815693935,0.0,0.0,0.3896551724137931,0.18158556992174085,0.4619282041868847,0.0,0.0,-0.03356580136897841,-0.013735044122795054,0.004466766029945335,0.0,0.0
21,order2,frame_freeze_5,25,False,False,0.8761329305135952,0.5775946060181623,0.6656001115887156,1.0,1.0,0.8761329305135952,0.580322165746927,0.6686136976024172,1.0,1.0,0.0,0.0027275597287647058,0.003013586013701608,0.0,0.0
19,order2,frame_freeze_5,26,False,False,0.8115942028985508,0.2649828569697214,0.36288885632048024,0.0,0.0,0.8115942028985508,0.5610831332929839,0.6915323700918337,1.0,1.0,0.0,0.29610027632326247,0.3286435137713534,1.0,1.0
18,order2,frame_freeze_5,27,False,False,0.35435435435435436,0.2272026176703734,0.6567206383921249,0.0,0.0,0.35435435435435436,0.23082633090490723,0.6653625849848795,0.0,0.0,0.0,0.0036237132345338374,0.008641946592754635,0.0,0.0
8,order2,frame_freeze_5,28,True,True,0.8250728862973761,0.7034662202805724,0.8421541245045336,1.0,1.0,0.9825072886297376,0.8272769561914142,0.8412526656793251,1.0,1.0,0.1574344023323615,0.1238107359108418,-0.0009014588252085343,0.0,0.0
7,order2,frame_freeze_5,29,False,False,0.9619883040935673,0.6387705328137138,0.6593395375818826,1.0,1.0,0.9619883040935673,0.6396080701337942,0.6601856523195635,1.0,1.0,0.0,0.0008375373200804059,0.0008461147376809253,0.0,0.0
10,order2,frame_freeze_5,30,False,False,0.3598326359832636,0.2735000943187468,0.7455930877033802,0.0,0.0,0.3598326359832636,0.2748593763002528,0.74946282324391,0.0,0.0,0.0,0.001359281981506033,0.0038697355405298284,0.0,0.0
13,order2,frame_freeze_5,31,False,False,0.5476190476190477,0.332491927571699,0.6076017678560522,1.0,0.0,0.5476190476190477,0.33686945097091314,0.6155836270238618,1.0,0.0,0.0,0.004377523399214156,0.00798185916780958,0.0,0.0
2,order1,motion_blur_5,0,True,True,0.23923444976076555,0.11291931930219233,0.45657362323973494,0.0,0.0,0.2995391705069124,0.13294191470798217,0.45657362323973494,0.0,0.0,0.06030472074614687,0.020022595405789836,0.0,0.0,0.0
0,order1,motion_blur_5,1,False,False,0.3778801843317972,0.15379030158459384,0.35536154182101903,0.0,0.0,0.3778801843317972,0.17179922362277775,0.3893994732684888,0.0,0.0,0.0,0.01800892203818391,0.03403793144746975,0.0,0.0
25,order1,motion_blur_5,2,False,False,0.6883116883116883,0.24486874115552204,0.30267436175505175,0.0,0.0,0.6883116883116883,0.2390800608235282,0.29684888226409095,0.0,0.0,0.0,-0.00578868033199384,-0.005825479490960794,0.0,0.0
22,order1,motion_blur_5,3,False,False,0.22084367245657568,0.06256619359759444,0.37980370024170174,0.0,0.0,0.22084367245657568,0.06253351024754297,0.3763210767411419,0.0,0.0,0.0,-3.268335005146561e-05,-0.003482623500559834,0.0,0.0
27,order1,motion_blur_5,4,True,True,0.8022813688212928,0.5975936387192605,0.7419663055901734,1.0,1.0,0.7984189723320159,0.5952302530807254,0.7423307681350578,1.0,1.0,-0.003862396489276887,-0.0023633856385351093,0.0003644625448844252,0.0,0.0
31,order1,motion_blur_5,5,False,False,0.7741228070175439,0.47552294030972464,0.6047118904556144,1.0,0.0,0.7741228070175439,0.4742237218630843,0.6036437722547497,1.0,0.0,0.0,-0.0012992184466403267,-0.0010681182008646095,0.0,0.0
11,order1,motion_blur_5,6,False,False,0.6794520547945205,0.19496170002404561,0.28233008250729713,0.0,0.0,0.6794520547945205,0.19359427434106768,0.280215841362645,0.0,0.0,0.0,-0.0013674256829779297,-0.0021142411446521403,0.0,0.0
30,order1,motion_blur_5,7,False,False,0.7861271676300579,0.5670075434669042,0.7217468206711113,1.0,1.0,0.7861271676300579,0.5687800438019834,0.7239354624370498,1.0,1.0,0.0,0.0017725003350792523,0.0021886417659384705,0.0,0.0
26,order1,motion_blur_5,8,True,True,0.40476190476190477,0.19255134920687436,0.4785247908856265,0.0,0.0,0.4272300469483568,0.18788853331084654,0.4180136999113603,0.0,0.0,0.022468142186452045,-0.004662815896027822,-0.06051109097426621,0.0,0.0
24,order1,motion_blur_5,9,False,False,0.342911877394636,0.14051836775590865,0.40144219966435996,0.0,0.0,0.342911877394636,0.06661281330821069,0.25682803039198704,0.0,0.0,0.0,-0.07390555444769796,-0.14461416927237292,0.0,0.0
19,order1,motion_blur_5,10,False,False,0.8582375478927203,0.1811539992977759,0.2278962302793787,0.0,0.0,0.8582375478927203,0.5959192404236648,0.6949507906051291,1.0,1.0,0.0,0.414765241125889,0.46705456032575043,1.0,1.0
13,order1,motion_blur_5,11,False,False,0.5476190476190477,0.33237661859008233,0.6073923211941497,1.0,0.0,0.5476190476190477,0.33391879629855314,0.6102068415275448,1.0,0.0,0.0,0.0015421777084708155,0.002814520333395132,0.0,0.0
14,order1,motion_blur_5,12,True,True,0.7928994082840237,0.5335559663902151,0.6741940349861543,1.0,1.0,0.7486033519553073,0.5030439019558264,0.6732462704507929,1.0,1.0,-0.04429605632871647,-0.030512064434388697,-0.0009477645353613839,0.0,0.0
16,order1,motion_blur_5,13,False,False,0.38858695652173914,0.18237146848708402,0.43679801264839757,0.0,0.0,0.38858695652173914,0.18537056080871947,0.4423969268916707,0.0,0.0,0.0,0.0029990923216354493,0.005598914243273134,0.0,0.0
17,order1,motion_blur_5,14,False,False,0.4533678756476684,0.28336488401010496,0.6238766627956241,0.0,0.0,0.4533678756476684,0.28458598075418806,0.6265485121375898,0.0,0.0,0.0,0.0012210967440831055,0.0026718493419656264,0.0,0.0
23,order1,motion_blur_5,15,False,False,0.8074534161490683,0.1114154584422522,0.13745508666055636,0.0,0.0,0.8074534161490683,0.10788485799880794,0.13309932672649868,0.0,0.0,0.0,-0.0035306004434442623,-0.004355759934057679,0.0,0.0
29,order1,motion_blur_5,16,True,True,0.37919463087248323,0.178816318555371,0.4674321309605312,0.0,0.0,0.3434650455927052,0.16592645637395928,0.4791757371057733,0.0,0.0,-0.03572958527977804,-0.012889862181411721,0.011743606145242114,0.0,0.0
9,order1,motion_blur_5,17,False,False,0.0,0.0,0.6139973291556613,0.0,0.0,0.0,0.0,0.6001533103323949,0.0,0.0,0.0,0.0,-0.013844018823266357,0.0,0.0
5,order1,motion_blur_5,18,False,False,0.46996466431095407,0.23137887011671118,0.493074386375508,0.0,0.0,0.46996466431095407,0.23133829100258402,0.49298089882775137,0.0,0.0,0.0,-4.057911412716497e-05,-9.348754775662105e-05,0.0,0.0
8,order1,motion_blur_5,19,False,False,0.7988338192419825,0.6931464695499765,0.8460714737207505,1.0,1.0,0.7988338192419825,0.6931994316361126,0.8466061464304856,1.0,1.0,0.0,5.2962086136143505e-05,0.0005346727097350623,0.0,0.0
28,order1,motion_blur_5,20,True,True,0.6243093922651933,0.4464546941761277,0.7088447337357817,1.0,0.0,0.5978835978835979,0.42665920334472723,0.7073560476504689,1.0,0.0,-0.026425794381595424,-0.019795490831400475,-0.0014886860853128292,0.0,0.0
10,order1,motion_blur_5,21,False,False,0.3598326359832636,0.27321372874420286,0.7447839043094497,0.0,0.0,0.3598326359832636,0.2737005054317416,0.7461544002950868,0.0,0.0,0.0,0.00048677668753877024,0.001370495985637099,0.0,0.0
21,order1,motion_blur_5,22,False,False,0.8664688427299704,0.5741949806821354,0.6726086931874807,1.0,1.0,0.8664688427299704,0.5757445946592259,0.6740977543006832,1.0,1.0,0.0,0.0015496139770905248,0.0014890611132024612,0.0,0.0
20,order1,motion_blur_5,23,False,False,0.890295358649789,0.5374650278117468,0.6078828730101619,1.0,1.0,0.890295358649789,0.5373959360243279,0.6077266075926009,1.0,1.0,0.0,-6.909178741887345e-05,-0.00015626541756097456,0.0,0.0
1,order1,motion_blur_5,24,True,True,0.6735537190082644,0.3784774790579939,0.5606992930715049,1.0,0.0,0.7520661157024794,0.42059473160968225,0.5590936680828266,1.0,0.0,0.07851239669421495,0.042117252551688356,-0.0016056249886783336,0.0,0.0
7,order1,motion_blur_5,25,False,False,0.9619883040935673,0.6387346132144243,0.6593339517713166,1.0,1.0,0.9619883040935673,0.6380004080610292,0.6585591207697813,1.0,1.0,0.0,-0.0007342051533950622,-0.0007748310015353033,0.0,0.0
12,order1,motion_blur_5,26,False,False,0.8191489361702128,0.47026070306028595,0.5773451942755896,1.0,0.0,0.8191489361702128,0.4699369055509233,0.5770648190509944,1.0,0.0,0.0,-0.0003237975093626222,-0.0002803752245952307,0.0,0.0
18,order1,motion_blur_5,27,False,False,0.27298850574712646,0.17486827905916555,0.6776029374446477,0.0,0.0,0.27298850574712646,0.17524717659699895,0.6796461669428967,0.0,0.0,0.0,0.00037889753783340585,0.0020432294982489774,0.0,0.0
3,order1,motion_blur_5,28,True,True,0.5028901734104047,0.22051441683942713,0.4374660423440387,0.0,0.0,0.5337423312883436,0.23462006009473327,0.43855803710023894,0.0,0.0,0.030852157877938935,0.014105643255306138,0.001091994756200254,0.0,0.0
6,order1,motion_blur_5,29,False,False,0.6896551724137931,0.29156761926792574,0.4224922250978182,0.0,0.0,0.6896551724137931,0.2939544897266462,0.4259318003282943,0.0,0.0,0.0,0.002386870458720436,0.0034395752304761107,0.0,0.0
15,order1,motion_blur_5,30,False,False,0.28044280442804426,0.06826765752160936,0.21719669217219176,0.0,0.0,0.28044280442804426,0.06764611632933328,0.21541756681796806,0.0,0.0,0.0,-0.0006215411922760872,-0.0017791253542236984,0.0,0.0
4,order1,motion_blur_5,31,False,False,0.0,0.0,0.507346831191196,0.0,0.0,0.0,0.0,0.5178221173706926,0.0,0.0,0.0,0.0,0.010475286179496668,0.0,0.0
16,order2,motion_blur_5,0,True,True,0.38858695652173914,0.18237146848708402,0.43679801264839757,0.0,0.0,0.41032608695652173,0.19445586209986043,0.43679801264839757,0.0,0.0,0.021739130434782594,0.012084393612776412,0.0,0.0,0.0
2,order2,motion_blur_5,1,False,False,0.23923444976076555,0.11291931930219233,0.45657362323973494,0.0,0.0,0.23923444976076555,0.1133617374303663,0.45634493629265777,0.0,0.0,0.0,0.0004424181281739714,-0.0002286869470771724,0.0,0.0
27,order2,motion_blur_5,2,False,False,0.8022813688212928,0.5975936387192605,0.7419663055901734,1.0,1.0,0.8022813688212928,0.5961674099996893,0.7401926362708396,1.0,1.0,0.0,-0.0014262287195712098,-0.0017736693193337594,0.0,0.0
22,order2,motion_blur_5,3,False,False,0.22084367245657568,0.06256619359759444,0.37980370024170174,0.0,0.0,0.22084367245657568,0.06287040640992551,0.3808319512684613,0.0,0.0,0.0,0.00030421281233107555,0.0010282510267595746,0.0,0.0
23,order2,motion_blur_5,4,True,False,0.8074534161490683,0.1114154584422522,0.13745508666055636,0.0,0.0,0.6666666666666666,0.0917773663392361,0.13713859338046774,0.0,0.0,-0.14078674948240166,-0.019638092103016105,-0.00031649328008862,0.0,0.0
26,order2,motion_blur_5,5,False,False,0.40476190476190477,0.19255134920687436,0.4785247908856265,0.0,0.0,0.40476190476190477,0.19068738873339447,0.47370619610480447,0.0,0.0,0.0,-0.001863960473479892,-0.0048185947808220275,0.0,0.0
15,order2,motion_blur_5,6,False,False,0.28044280442804426,0.06826765752160936,0.21719669217219176,0.0,0.0,0.28044280442804426,0.06801523847507264,0.21652965379968053,0.0,0.0,0.0,-0.00025241904653672265,-0.000667038372511225,0.0,0.0
12,order2,motion_blur_5,7,False,False,0.8191489361702128,0.47026070306028595,0.5773451942755896,1.0,0.0,0.8191489361702128,0.4707069745017462,0.5779726094191402,1.0,0.0,0.0,0.0004462714414602553,0.0006274151435505804,0.0,0.0
5,order2,motion_blur_5,8,True,True,0.46996466431095407,0.23137887011671118,0.493074386375508,0.0,0.0,0.415625,0.20519554496589865,0.4944645076804656,0.0,0.0,-0.05433966431095405,-0.026183325150812536,0.0013901213049576366,0.0,0.0
17,order2,motion_blur_5,9,False,False,0.4533678756476684,0.28336488401010496,0.6238766627956241,0.0,0.0,0.4533678756476684,0.28400550364191396,0.6252857460296088,0.0,0.0,0.0,0.0006406196318090029,0.0014090832339846981,0.0,0.0
11,order2,motion_blur_5,10,False,False,0.6794520547945205,0.19496170002404561,0.28233008250729713,0.0,0.0,0.6794520547945205,0.19699251026018663,0.2852533823457312,0.0,0.0,0.0,0.0020308102361410174,0.0029232998384340902,0.0,0.0
3,order2,motion_blur_5,11,False,False,0.5028901734104047,0.22051441683942713,0.4374660423440387,0.0,0.0,0.5028901734104047,0.2202338450692468,0.43689455503871116,0.0,0.0,0.0,-0.0002805717701803434,-0.0005714873053275227,0.0,0.0
1,order2,motion_blur_5,12,True,True,0.6735537190082644,0.3784774790579939,0.5606992930715049,1.0,0.0,0.7520661157024794,0.42167583310066936,0.560523924844315,1.0,0.0,0.07851239669421495,0.04319835404267547,-0.0001753682271898871,0.0,0.0
9,order2,motion_blur_5,13,False,False,0.0,0.0,0.6139973291556613,0.0,0.0,0.0,0.0,0.6154739733908361,0.0,0.0,0.0,0.0,0.0014766442351747955,0.0,0.0
14,order2,motion_blur_5,14,False,False,0.7928994082840237,0.5335559663902151,0.6741940349861543,1.0,1.0,0.7928994082840237,0.5358750109522556,0.6771052634930409,1.0,1.0,0.0,0.002319044562040573,0.0029112285068866317,0.0,0.0
31,order2,motion_blur_5,15,False,False,0.7741228070175439,0.47552294030972464,0.6047118904556144,1.0,0.0,0.7741228070175439,0.47653438457070396,0.6062701212266719,1.0,0.0,0.0,0.0010114442609793217,0.001558230771057545,0.0,0.0
20,order2,motion_blur_5,16,True,True,0.890295358649789,0.5374650278117468,0.6078828730101619,1.0,1.0,0.8,0.48417089069853136,0.6113525503820338,1.0,0.0,-0.09029535864978899,-0.0532941371132154,0.003469677371871982,0.0,-1.0
0,order2,motion_blur_5,17,False,False,0.3778801843317972,0.15379030158459384,0.35536154182101903,0.0,0.0,0.3778801843317972,0.161526902317443,0.3716756436988866,0.0,0.0,0.0,0.007736600732849153,0.01631410187786758,0.0,0.0
24,order2,motion_blur_5,18,False,False,0.342911877394636,0.14051836775590865,0.40144219966435996,0.0,0.0,0.342911877394636,0.11990650116878535,0.36172028998483013,0.0,0.0,0.0,-0.0206118665871233,-0.03972190967952982,0.0,0.0
6,order2,motion_blur_5,19,False,False,0.6896551724137931,0.29156761926792574,0.4224922250978182,0.0,0.0,0.6896551724137931,0.2941475369236593,0.4262190468058102,0.0,0.0,0.0,0.0025799176557335657,0.0037268217079919896,0.0,0.0
4,order2,motion_blur_5,20,True,True,0.0,0.0,0.507346831191196,0.0,0.0,0.0,0.0,0.5129518131568691,0.0,0.0,0.0,0.0,0.005604981965673161,0.0,0.0
28,order2,motion_blur_5,21,False,False,0.6243093922651933,0.4464546941761277,0.7088447337357817,1.0,0.0,0.6243093922651933,0.44802379182595764,0.7113360203552486,1.0,0.0,0.0,0.0015690976498299314,0.002491286619466848,0.0,0.0
30,order2,motion_blur_5,22,False,False,0.7861271676300579,0.5670075434669042,0.7217468206711113,1.0,1.0,0.7861271676300579,0.5649319246242379,0.7191170329927743,1.0,1.0,0.0,-0.0020756188426662714,-0.0026297876783369922,0.0,0.0
25,order2,motion_blur_5,23,False,False,0.6883116883116883,0.24486874115552204,0.30267436175505175,0.0,0.0,0.6883116883116883,0.2428249072474519,0.30109876614478653,0.0,0.0,0.0,-0.0020438339080701418,-0.0015755956102652124,0.0,0.0
29,order2,motion_blur_5,24,True,True,0.37919463087248323,0.178816318555371,0.4674321309605312,0.0,0.0,0.3434650455927052,0.16093702616914354,0.46445861061094934,0.0,0.0,-0.03572958527977804,-0.017879292386227458,-0.0029735203495818707,0.0,0.0
21,order2,motion_blur_5,25,False,False,0.8664688427299704,0.5741949806821354,0.6726086931874807,1.0,1.0,0.8664688427299704,0.5788616560863145,0.6775359957031195,1.0,1.0,0.0,0.004666675404179088,0.004927302515638776,0.0,0.0
19,order2,motion_blur_5,26,False,False,0.8582375478927203,0.1811539992977759,0.2278962302793787,0.0,0.0,0.8582375478927203,0.5961405188370476,0.6946124229264061,1.0,1.0,0.0,0.4149865195392717,0.46671619264702746,1.0,1.0
18,order2,motion_blur_5,27,False,False,0.27298850574712646,0.17486827905916555,0.6776029374446477,0.0,0.0,0.27298850574712646,0.17766539820073318,0.6862855410994446,0.0,0.0,0.0,0.0027971191415676333,0.008682603654796894,0.0,0.0
8,order2,motion_blur_5,28,True,True,0.7988338192419825,0.6931464695499765,0.8460714737207505,1.0,1.0,0.9825072886297376,0.8316648336447824,0.8456703874067016,1.0,1.0,0.18367346938775508,0.1385183640948059,-0.00040108631404889294,0.0,0.0
7,order2,motion_blur_5,29,False,False,0.9619883040935673,0.6387346132144243,0.6593339517713166,1.0,1.0,0.9619883040935673,0.6390412636321176,0.6596285658516965,1.0,1.0,0.0,0.00030665041769328827,0.0002946140803798958,0.0,0.0
10,order2,motion_blur_5,30,False,False,0.3598326359832636,0.27321372874420286,0.7447839043094497,0.0,0.0,0.3598326359832636,0.274141368538867,0.7474363922401339,0.0,0.0,0.0,0.0009276397946641479,0.0026524879306841775,0.0,0.0
13,order2,motion_blur_5,31,False,False,0.5476190476190477,0.33237661859008233,0.6073923211941497,1.0,0.0,0.5476190476190477,0.33725002836313056,0.6162794062104047,1.0,0.0,0.0,0.004873409773048232,0.008887085016255014,0.0,0.0
2,order1,occlusion_5,0,True,True,0.31100478468899523,0.15153262670837478,0.49806474914135335,0.0,0.0,0.3686635944700461,0.16975747517562523,0.49806474914135335,0.0,0.0,0.05765880978105087,0.01822484846725045,0.0,0.0,0.0
0,order1,occlusion_5,1,False,False,0.3778801843317972,0.15777221219501072,0.36247121964208423,0.0,0.0,0.3778801843317972,0.16901214597564793,0.3839956872988909,0.0,0.0,0.0,0.011239933780637201,0.021524467656806656,0.0,0.0
25,order1,occlusion_5,2,False,False,0.6883116883116883,0.24612730724705661,0.3039962642422822,0.0,0.0,0.6883116883116883,0.24010240972585167,0.29794022102664525,0.0,0.0,0.0,-0.006024897521204942,-0.006056043215636964,0.0,0.0
22,order1,occlusion_5,3,False,False,0.24316939890710382,0.05534890741233835,0.3520150499507208,0.0,0.0,0.24316939890710382,0.056303101247222466,0.3533086178943687,0.0,0.0,0.0,0.0009541938348841192,0.0012935679436478775,0.0,0.0
27,order1,occlusion_5,4,True,True,0.8022813688212928,0.6184139031532834,0.7639512692030653,1.0,1.0,0.32987012987012987,0.2598902761507625,0.7632405119770691,0.0,0.0,-0.4724112389511629,-0.3585236270025209,-0.000710757225996228,-1.0,-1.0
31,order1,occlusion_5,5,False,False,0.8092105263157895,0.49138232476755755,0.6009995865025899,1.0,0.0,0.8092105263157895,0.4904987490276171,0.600244505527607,1.0,0.0,0.0,-0.0008835757399404676,-0.0007550809749828913,0.0,0.0
11,order1,occlusion_5,6,False,False,0.7013698630136986,0.2035849768969415,0.2861464464468175,0.0,0.0,0.7013698630136986,0.20241716183291292,0.28446304158730135,0.0,0.0,0.0,-0.0011678150640285767,-0.00168340485951618,0.0,0.0
30,order1,occlusion_5,7,False,False,0.7861271676300579,0.5665875626150948,0.7212141505405616,1.0,1.0,0.7861271676300579,0.5677578978899336,0.722656896078042,1.0,1.0,0.0,0.0011703352748387852,0.001442745537480361,0.0,0.0
26,order1,occlusion_5,8,True,True,0.4180327868852459,0.20313471904731228,0.4890403134351198,0.0,0.0,0.4473684210526316,0.21217715128415812,0.47623795517583656,0.0,0.0,0.02933563416738566,0.009042432236845838,-0.01280235825928322,0.0,0.0
24,order1,occlusion_5,9,False,False,0.342911877394636,0.14597503598165526,0.40908894094075354,0.0,0.0,0.342911877394636,0.10059802442938694,0.31928142794895925,0.0,0.0,0.0,-0.04537701155226832,-0.08980751299179429,0.0,0.0
19,order1,occlusion_5,10,False,False,0.8327137546468402,0.04428525519690245,0.07455202806564576,0.0,0.0,0.8327137546468402,0.31545181446293136,0.41057406121537615,1.0,0.0,0.0,0.2711665592660289,0.3360220331497304,1.0,0.0
13,order1,occlusion_5,11,False,False,0.5476190476190477,0.332569742114565,0.6077436601959864,1.0,0.0,0.5476190476190477,0.3340266726738846,0.6104017688948726,1.0,0.0,0.0,0.001456930559319558,0.0026581086988862745,0.0,0.0
14,order1,occlusion_5,12,True,True,0.788235294117647,0.5186419724879302,0.6586456022068905,1.0,1.0,0.5275590551181102,0.3469633130258236,0.6583400630867082,1.0,0.0,-0.26067623899953685,-0.1716786594621066,-0.00030553912018227436,0.0,-1.0
16,order1,occlusion_5,13,False,False,0.35904255319148937,0.16546849710802855,0.4365642223420422,0.0,0.0,0.35904255319148937,0.16684720909903777,0.44077609383761823,0.0,0.0,0.0,0.0013787119910092238,0.004211871495576058,0.0,0.0
17,order1,occlusion_5,14,False,False,0.4533678756476684,0.2833746513145709,0.623898092961369,0.0,0.0,0.4533678756476684,0.2843932483710999,0.6261271626230495,0.0,0.0,0.0,0.0010185970565290137,0.0022290696616804606,0.0,0.0
23,order1,occlusion_5,15,False,False,0.8074534161490683,0.10712628830315347,0.13216346679546137,0.0,0.0,0.8074534161490683,0.1046136645460784,0.12906360147064078,0.0,0.0,0.0,-0.002512623757075075,-0.0030998653248205943,0.0,0.0
29,order1,occlusion_5,16,True,True,0.4232209737827715,0.19550266218206017,0.45788781405798307,0.0,0.0,0.3896551724137931,0.18177044064992187,0.46239848937260825,0.0,0.0,-0.03356580136897841,-0.013732221532138295,0.004510675314625179,0.0,0.0
9,order1,occlusion_5,17,False,False,0.0,0.0,0.6120940201502412,0.0,0.0,0.0,0.0,0.6104876384207951,0.0,0.0,0.0,0.0,-0.0016063817294460492,0.0,0.0
5,order1,occlusion_5,18,False,False,0.46996466431095407,0.2314257467303915,0.4931738789151145,0.0,0.0,0.46996466431095407,0.23191132886314073,0.4942392225436352,0.0,0.0,0.0,0.0004855821327492127,0.0010653436285207318,0.0,0.0
8,order1,occlusion_5,19,False,False,0.8688046647230321,0.7404155000224335,0.8475569201607018,1.0,1.0,0.8688046647230321,0.740421940663459,0.847751334036558,1.0,1.0,0.0,6.440641025506899e-06,0.00019441387585616976,0.0,0.0
28,order1,occlusion_5,20,True,True,0.5978835978835979,0.4265669267458895,0.707203062762922,1.0,0.0,0.5736040609137056,0.40900488874380564,0.7067891498467519,1.0,0.0,-0.024279536969892268,-0.017562038002083835,-0.0004139129161701005,0.0,0.0
10,order1,occlusion_5,21,False,False,0.3598326359832636,0.27333346800086294,0.7450972048215769,0.0,0.0,0.3598326359832636,0.27427666230977127,0.7478021184421345,0.0,0.0,0.0,0.0009431943089083239,0.0027049136205575808,0.0,0.0
21,order1,occlusion_5,22,False,False,0.9244712990936556,0.6171355664331404,0.6678948551096112,1.0,1.0,0.9244712990936556,0.6200544177326561,0.6698670171077205,1.0,1.0,0.0,0.0029188512995157456,0.001972161998109234,0.0,0.0
20,order1,occlusion_5,23,False,False,0.890295358649789,0.5375299034006488,0.6079542441471728,1.0,1.0,0.890295358649789,0.5392154413400119,0.6097352091424296,1.0,1.0,0.0,0.001685537939363102,0.0017809649952568174,0.0,0.0
1,order1,occlusion_5,24,True,True,0.6735537190082644,0.3784743595392145,0.5606948826623038,1.0,0.0,0.7520661157024794,0.42050045710334105,0.5589282563874725,1.0,0.0,0.07851239669421495,0.04202609756412656,-0.0017666262748313732,0.0,0.0
7,order1,occlusion_5,25,False,False,0.9824561403508771,0.6496879889964025,0.659373119837449,1.0,1.0,0.9824561403508771,0.6492523332073139,0.6589080696734919,1.0,1.0,0.0,-0.0004356557890885515,-0.000465050163957037,0.0,0.0
12,order1,occlusion_5,26,False,False,0.8191489361702128,0.4702831555410465,0.5773748713293035,1.0,0.0,0.8191489361702128,0.47054109357683854,0.5780982291587231,1.0,0.0,0.0,0.0002579380357920491,0.0007233578294195686,0.0,0.0
18,order1,occlusion_5,27,False,False,0.3390804597701149,0.21436082489989394,0.6492404054387535,0.0,0.0,0.3390804597701149,0.21647077057537203,0.6546664225598833,0.0,0.0,0.0,0.002109945675478092,0.005426017121129778,0.0,0.0
3,order1,occlusion_5,28,True,True,0.5028901734104047,0.22040757690862256,0.43725423998488994,0.0,0.0,0.5337423312883436,0.23413974450433256,0.4376507627746651,0.0,0.0,0.030852157877938935,0.013732167595709999,0.00039652278977514444,0.0,0.0
6,order1,occlusion_5,29,False,False,0.6896551724137931,0.2916823440937887,0.4226581484987571,0.0,0.0,0.6896551724137931,0.2954203232738308,0.4280483815525644,0.0,0.0,0.0,0.0037379791800420947,0.005390233053807314,0.0,0.0
15,order1,occlusion_5,30,False,False,0.28044280442804426,0.06828380570412668,0.2172441872568741,0.0,0.0,0.28044280442804426,0.06664321483164605,0.21255600786761752,0.0,0.0,0.0,-0.0016405908724806267,-0.004688179389256586,0.0,0.0
4,order1,occlusion_5,31,False,False,0.0,0.0,0.5047847398965932,0.0,0.0,0.0,0.0,0.5214464146672788,0.0,0.0,0.0,0.0,0.016661674770685586,0.0,0.0
16,order2,occlusion_5,0,True,True,0.35904255319148937,0.16546849710802855,0.4365642223420422,0.0,0.0,0.4015957446808511,0.19023184838131987,0.4365642223420422,0.0,0.0,0.04255319148936171,0.024763351273291323,0.0,0.0,0.0
2,order2,occlusion_5,1,False,False,0.31100478468899523,0.15153262670837478,0.49806474914135335,0.0,0.0,0.31100478468899523,0.1526231612787617,0.49973543374921986,0.0,0.0,0.0,0.0010905345703869085,0.0016706846078665127,0.0,0.0
27,order2,occlusion_5,2,False,False,0.8022813688212928,0.6184139031532834,0.7639512692030653,1.0,1.0,0.8022813688212928,0.6173505900813144,0.7625511217587301,1.0,1.0,0.0,-0.001063313071968941,-0.0014001474443352535,0.0,0.0
22,order2,occlusion_5,3,False,False,0.24316939890710382,0.05534890741233835,0.3520150499507208,0.0,0.0,0.24316939890710382,0.05581346447369812,0.3535675696181733,0.0,0.0,0.0,0.00046455706135977576,0.0015525196674525121,0.0,0.0
23,order2,occlusion_5,4,True,False,0.8074534161490683,0.10712628830315347,0.13216346679546137,0.0,0.0,0.6666666666666666,0.08806428950499826,0.13159031765114682,0.0,0.0,-0.14078674948240166,-0.01906199879815522,-0.0005731491443145553,0.0,0.0
26,order2,occlusion_5,5,False,False,0.4180327868852459,0.20313471904731228,0.4890403134351198,0.0,0.0,0.4180327868852459,0.20036561256152244,0.4821151855317862,0.0,0.0,0.0,-0.002769106485789846,-0.0069251279033336055,0.0,0.0
15,order2,occlusion_5,6,False,False,0.28044280442804426,0.06828380570412668,0.2172441872568741,0.0,0.0,0.28044280442804426,0.06802843399942181,0.2165676135174961,0.0,0.0,0.0,-0.00025537170470486814,-0.0006765737393780169,0.0,0.0
12,order2,occlusion_5,7,False,False,0.8191489361702128,0.4702831555410465,0.5773748713293035,1.0,0.0,0.8191489361702128,0.47075813046711595,0.5780463659532094,1.0,0.0,0.0,0.00047497492606946023,0.0006714946239058106,0.0,0.0
5,order2,occlusion_5,8,True,True,0.46996466431095407,0.2314257467303915,0.4931738789151145,0.0,0.0,0.415625,0.20527313449376292,0.4946514025936199,0.0,0.0,-0.05433966431095405,-0.026152612236628597,0.0014775236785053991,0.0,0.0
17,order2,occlusion_5,9,False,False,0.4533678756476684,0.2833746513145709,0.623898092961369,0.0,0.0,0.4533678756476684,0.28398189768271065,0.6252343251809914,0.0,0.0,0.0,0.0006072463681397466,0.0013362322196224241,0.0,0.0
11,order2,occlusion_5,10,False,False,0.7013698630136986,0.2035849768969415,0.2861464464468175,0.0,0.0,0.7013698630136986,0.20581620706670192,0.289300661968815,0.0,0.0,0.0,0.0022312301697604286,0.003154215521997461,0.0,0.0
3,order2,occlusion_5,11,False,False,0.5028901734104047,0.22040757690862256,0.43725423998488994,0.0,0.0,0.5028901734104047,0.22012798053176963,0.4366835880267416,0.0,0.0,0.0,-0.0002795963768529308,-0.000570651958148316,0.0,0.0
1,order2,occlusion_5,12,True,True,0.6735537190082644,0.3784743595392145,0.5606948826623038,1.0,0.0,0.7520661157024794,0.4216938038432109,0.5605486438895234,1.0,0.0,0.07851239669421495,0.043219444303996435,-0.00014623877278041597,0.0,0.0
9,order2,occlusion_5,13,False,False,0.0,0.0,0.6120940201502412,0.0,0.0,0.0,0.0,0.6135198491444627,0.0,0.0,0.0,0.0,0.0014258289942215008,0.0,0.0
14,order2,occlusion_5,14,False,False,0.788235294117647,0.5186419724879302,0.6586456022068905,1.0,1.0,0.788235294117647,0.5209074060912416,0.6615061573634229,1.0,1.0,0.0,0.0022654336033114397,0.002860555156532385,0.0,0.0
31,order2,occlusion_5,15,False,False,0.8092105263157895,0.49138232476755755,0.6009995865025899,1.0,0.0,0.8092105263157895,0.49254204079290287,0.6026690454538414,1.0,0.0,0.0,0.0011597160253453143,0.001669458951251479,0.0,0.0
20,order2,occlusion_5,16,True,True,0.890295358649789,0.5375299034006488,0.6079542441471728,1.0,1.0,0.8,0.48434115655921084,0.6115647567668656,1.0,0.0,-0.09029535864978899,-0.05318874684143793,0.0036105126196928072,0.0,-1.0
0,order2,occlusion_5,17,False,False,0.3778801843317972,0.15777221219501072,0.36247121964208423,0.0,0.0,0.3778801843317972,0.16692869016881867,0.3813813167524943,0.0,0.0,0.0,0.009156477973807947,0.018910097110410085,0.0,0.0
24,order2,occlusion_5,18,False,False,0.342911877394636,0.14597503598165526,0.40908894094075354,0.0,0.0,0.342911877394636,0.11962080851676456,0.3574315116148915,0.0,0.0,0.0,-0.026354227464890703,-0.051657429325862037,0.0,0.0
6,order2,occlusion_5,19,False,False,0.6896551724137931,0.2916823440937887,0.4226581484987571,0.0,0.0,0.6896551724137931,0.2943361446919181,0.4264894799762032,0.0,0.0,0.0,0.002653800598129419,0.003831331477446076,0.0,0.0
4,order2,occlusion_5,20,True,True,0.0,0.0,0.5047847398965932,0.0,0.0,0.0,0.0,0.5109561125703299,0.0,0.0,0.0,0.0,0.006171372673736686,0.0,0.0
28,order2,occlusion_5,21,False,False,0.5978835978835979,0.4265669267458895,0.707203062762922,1.0,0.0,0.5978835978835979,0.42827803632969136,0.7100399023360672,1.0,0.0,0.0,0.0017111095838018842,0.002836839573145178,0.0,0.0
30,order2,occlusion_5,22,False,False,0.7861271676300579,0.5665875626150948,0.7212141505405616,1.0,1.0,0.7861271676300579,0.5642344087084257,0.7182407601105233,1.0,1.0,0.0,-0.0023531539066691254,-0.002973390430038303,0.0,0.0
25,order2,occlusion_5,23,False,False,0.6883116883116883,0.24612730724705661,0.3039962642422822,0.0,0.0,0.6883116883116883,0.24389894145251026,0.30208157206641806,0.0,0.0,0.0,-0.0022283657945463553,-0.0019146921758641522,0.0,0.0
29,order2,occlusion_5,24,True,True,0.4232209737827715,0.19550266218206017,0.45788781405798307,0.0,0.0,0.3896551724137931,0.18224020786674253,0.46359351123995907,0.0,0.0,-0.03356580136897841,-0.01326245431531764,0.005705697181975999,0.0,0.0
21,order2,occlusion_5,25,False,False,0.9244712990936556,0.6171355664331404,0.6678948551096112,1.0,1.0,0.9244712990936556,0.6215213756295364,0.6713479323902922,1.0,1.0,0.0,0.004385809196395973,0.003453077280681005,0.0,0.0
19,order2,occlusion_5,26,False,False,0.8327137546468402,0.04428525519690245,0.07455202806564576,0.0,0.0,0.8327137546468402,0.5735938917584583,0.6891031946000179,1.0,1.0,0.0,0.5293086365615559,0.6145511665343721,1.0,1.0
18,order2,occlusion_5,27,False,False,0.3390804597701149,0.21436082489989394,0.6492404054387535,0.0,0.0,0.3390804597701149,0.21884087616830586,0.6600224653804161,0.0,0.0,0.0,0.0044800512684119165,0.010782059941662592,0.0,0.0
8,order2,occlusion_5,28,True,True,0.8688046647230321,0.7404155000224335,0.8475569201607018,1.0,1.0,0.9825072886297376,0.8326615772474965,0.8466450055736742,1.0,1.0,0.11370262390670549,0.09224607722506295,-0.0009119145870276624,0.0,0.0
7,order2,occlusion_5,29,False,False,0.9824561403508771,0.6496879889964025,0.659373119837449,1.0,1.0,0.9824561403508771,0.6503646744063185,0.6600189321510243,1.0,1.0,0.0,0.0006766854099160557,0.0006458123135753002,0.0,0.0
10,order2,occlusion_5,30,False,False,0.3598326359832636,0.27333346800086294,0.7450972048215769,0.0,0.0,0.3598326359832636,0.27477924616130234,0.7492152337512894,0.0,0.0,0.0,0.0014457781604393927,0.0041180289297124695,0.0,0.0
13,order2,occlusion_5,31,False,False,0.5476190476190477,0.332569742114565,0.6077436601959864,1.0,0.0,0.5476190476190477,0.33651559028245476,0.6149410447315327,1.0,0.0,0.0,0.003945848167889732,0.007197384535546303,0.0,0.0
2,order1,exposure_5,0,True,True,0.2727272727272727,0.13354719995744505,0.48553917099523203,0.0,0.0,0.33505154639175255,0.16293801230959684,0.48553917099523203,0.0,0.0,0.062324273664479846,0.029390812352151796,0.0,0.0,0.0
0,order1,exposure_5,1,False,False,0.3778801843317972,0.13839778553542686,0.3280043216040731,0.0,0.0,0.3778801843317972,0.1566229830433601,0.3630203570177348,0.0,0.0,0.0,0.018225197507933222,0.03501603541366166,0.0,0.0
25,order1,exposure_5,2,False,False,0.6883116883116883,0.2464332457832445,0.30438085051736674,0.0,0.0,0.6883116883116883,0.2388999737138216,0.29677588103723085,0.0,0.0,0.0,-0.007533272069422892,-0.0076049694801358925,0.0,0.0
22,order1,exposure_5,3,False,False,0.24316939890710382,0.06242772887501566,0.37048271631438057,0.0,0.0,0.24316939890710382,0.06934657962727662,0.3855778181433088,0.0,0.0,0.0,0.006918850752260966,0.015095101828928259,0.0,0.0
27,order1,exposure_5,4,True,True,0.8022813688212928,0.617180859880252,0.7626466568354799,1.0,1.0,0.35324675324675325,0.27329978963607826,0.7630867075911534,0.0,0.0,-0.4490346155745395,-0.3438810702441737,0.0004400507556734379,-1.0,-1.0
31,order1,exposure_5,5,False,False,0.8092105263157895,0.4937852715622707,0.6051424670454766,1.0,0.0,0.8092105263157895,0.4925660738994272,0.6042107947031643,1.0,0.0,0.0,-0.0012191976628435075,-0.0009316723423122841,0.0,0.0
11,order1,exposure_5,6,False,False,0.779874213836478,0.23896749934076292,0.300745354349559,0.0,0.0,0.779874213836478,0.23663560147803414,0.2977054982899778,0.0,0.0,0.0,-0.0023318978627287767,-0.0030398560595812363,0.0,0.0
30,order1,exposure_5,7,False,False,0.723404255319149,0.5217477160398859,0.7217205411768874,1.0,1.0,0.723404255319149,0.5235444035309006,0.724132788542767,1.0,1.0,0.0,0.0017966874910146924,0.0024122473658795274,0.0,0.0
26,order1,exposure_5,8,True,True,0.4473684210526316,0.2105424168051434,0.47409102185981916,0.0,0.0,0.4272300469483568,0.14818280291704117,0.3523243554295228,0.0,0.0,-0.02013837410427477,-0.06235961388810224,-0.12176666643029638,0.0,0.0
24,order1,exposure_5,9,False,False,0.4521072796934866,0.18633464495635527,0.40787332659094416,0.0,0.0,0.4521072796934866,0.05818494473612811,0.16355754186557767,0.0,0.0,0.0,-0.12814970022022715,-0.2443157847253665,0.0,0.0
19,order1,exposure_5,10,False,False,0.8327137546468402,0.11511745789476395,0.1505450172109725,0.0,0.0,0.8327137546468402,0.5821644114139762,0.6998299758723581,1.0,1.0,0.0,0.46704695351921227,0.5492849586613856,1.0,1.0
13,order1,exposure_5,11,False,False,0.5476190476190477,0.3325683645450803,0.6077471915254096,1.0,0.0,0.5476190476190477,0.3364610142852435,0.6148281215047081,1.0,0.0,0.0,0.0038926497401631788,0.007080929979298545,0.0,0.0
14,order1,exposure_5,12,True,True,0.708994708994709,0.4744237585124018,0.6698419861781614,1.0,0.0,0.6175115207373272,0.4133485085436991,0.6700541670608179,1.0,0.0,-0.09148318825738178,-0.06107524996870273,0.0002121808826565097,0.0,0.0
16,order1,exposure_5,13,False,False,0.35904255319148937,0.16534931003450817,0.4364555037470744,0.0,0.0,0.35904255319148937,0.17401574881855905,0.45380859153581493,0.0,0.0,0.0,0.008666438784050878,0.017353087788740507,0.0,0.0
17,order1,exposure_5,14,False,False,0.4533678756476684,0.28337168644486604,0.6238916223734807,0.0,0.0,0.4533678756476684,0.28561361820478137,0.6287980470763925,0.0,0.0,0.0,0.0022419317599153277,0.004906424702911805,0.0,0.0
23,order1,exposure_5,15,False,False,0.5739514348785872,0.0796019279905229,0.13815966812148228,0.0,0.0,0.5739514348785872,0.06668524797477811,0.11574106257691373,0.0,0.0,0.0,-0.012916680015744794,-0.02241860554456855,0.0,0.0
29,order1,exposure_5,16,True,True,0.4232209737827715,0.19520122497716288,0.45718181639388145,0.0,0.0,0.3896551724137931,0.2041066117736565,0.5208637257835002,0.0,0.0,-0.03356580136897841,0.008905386796493608,0.06368190938961871,0.0,0.0
9,order1,exposure_5,17,False,False,0.0,0.0,0.6127888218851221,0.0,0.0,0.0,0.0,0.5980107672484447,0.0,0.0,0.0,0.0,-0.014778054636677362,0.0,0.0
5,order1,exposure_5,18,False,False,0.46996466431095407,0.2314842297447186,0.4933019690434212,0.0,0.0,0.46996466431095407,0.23029686355184825,0.49082610903896495,0.0,0.0,0.0,-0.0011873661928703538,-0.002475860004456265,0.0,0.0
8,order1,exposure_5,19,False,False,0.8250728862973761,0.7043324253823068,0.8464076907160837,1.0,1.0,0.8250728862973761,0.7046624105899418,0.8469953064562252,1.0,1.0,0.0,0.0003299852076350529,0.0005876157401415449,0.0,0.0
28,order1,exposure_5,20,True,True,0.5736040609137056,0.40917948895100853,0.7070908712574445,1.0,0.0,0.5736040609137056,0.4070461031126042,0.703404230817395,1.0,0.0,0.0,-0.0021333858384043336,-0.0036866404400495156,0.0,0.0
10,order1,exposure_5,21,False,False,0.3598326359832636,0.27355103975222206,0.7457190524091796,0.0,0.0,0.3598326359832636,0.2732136542261347,0.7450471892284981,0.0,0.0,0.0,-0.0003373855260873637,-0.0006718631806814646,0.0,0.0
21,order1,exposure_5,22,False,False,0.8761329305135952,0.5819058003904386,0.6699446934379694,1.0,1.0,0.8761329305135952,0.5861237739381623,0.6711488123057626,1.0,1.0,0.0,0.004217973547723686,0.001204118867793258,0.0,0.0
20,order1,exposure_5,23,False,False,0.890295358649789,0.5374855306194347,0.6078985116071567,1.0,1.0,0.890295358649789,0.5346976627928055,0.6045554943368656,1.0,1.0,0.0,-0.002787867826629209,-0.003343017270291071,0.0,0.0
1,order1,exposure_5,24,True,True,0.6735537190082644,0.37852759966658417,0.560775708605069,1.0,0.0,0.7520661157024794,0.41953752208769074,0.5575829753476592,1.0,0.0,0.07851239669421495,0.04100992242110657,-0.0031927332574097633,0.0,0.0
7,order1,exposure_5,25,False,False,0.9824561403508771,0.650142653310123,0.6598403910581547,1.0,1.0,0.9824561403508771,0.644358302902213,0.654038396579547,1.0,1.0,0.0,-0.005784350407910033,-0.0058019944786077415,0.0,0.0
12,order1,exposure_5,26,False,False,0.8191489361702128,0.47024745633143555,0.5773162291424206,1.0,0.0,0.8191489361702128,0.46826812009360996,0.5762304471061045,1.0,0.0,0.0,-0.0019793362378255908,-0.0010857820363161519,0.0,0.0
18,order1,exposure_5,27,False,False,0.35435435435435436,0.2316278143980737,0.6656687801503055,0.0,0.0,0.35435435435435436,0.23289785152751316,0.6696918560369621,0.0,0.0,0.0,0.0012700371294394608,0.004023075886656624,0.0,0.0
3,order1,exposure_5,28,True,True,0.5028901734104047,0.22054982304658982,0.43753619736822463,0.0,0.0,0.5337423312883436,0.23479348287504145,0.43889981045644383,0.0,0.0,0.030852157877938935,0.014243659828451632,0.0013636130882191955,0.0,0.0
6,order1,exposure_5,29,False,False,0.6896551724137931,0.2915474835923805,0.42246245981885233,0.0,0.0,0.6896551724137931,0.29527501460331573,0.4278497770340103,0.0,0.0,0.0,0.003727531010935259,0.00538731721515795,0.0,0.0
15,order1,exposure_5,30,False,False,0.28044280442804426,0.06828387713642813,0.2172444386875314,0.0,0.0,0.28044280442804426,0.058875526316342824,0.1898717135938544,0.0,0.0,0.0,-0.009408350820085301,-0.027372725093676997,0.0,0.0
4,order1,exposure_5,31,False,False,0.0,0.0,0.5048666607620181,0.0,0.0,0.0,0.0,0.5245000152233258,0.0,0.0,0.0,0.0,0.01963335446130765,0.0,0.0
16,order2,exposure_5,0,True,True,0.35904255319148937,0.16534931003450817,0.4364555037470744,0.0,0.0,0.3803191489361702,0.1782922477924347,0.4364555037470744,0.0,0.0,0.021276595744680826,0.012942937757926515,0.0,0.0,0.0
2,order2,exposure_5,1,False,False,0.2727272727272727,0.13354719995744505,0.48553917099523203,0.0,0.0,0.2727272727272727,0.13487442239183298,0.49661892050894435,0.0,0.0,0.0,0.0013272224343879313,0.011079749513712323,0.0,0.0
27,order2,exposure_5,2,False,False,0.8022813688212928,0.617180859880252,0.7626466568354799,1.0,1.0,0.8022813688212928,0.6157471616696154,0.7608528796945836,1.0,1.0,0.0,-0.001433698210636547,-0.0017937771408963465,0.0,0.0
22,order2,exposure_5,3,False,False,0.24316939890710382,0.06242772887501566,0.37048271631438057,0.0,0.0,0.24316939890710382,0.06315180210006092,0.3726287048601321,0.0,0.0,0.0,0.0007240732250452658,0.0021459885457515426,0.0,0.0
23,order2,exposure_5,4,True,False,0.5739514348785872,0.0796019279905229,0.13815966812148228,0.0,0.0,0.6132075471698113,0.08437237493054407,0.13706470103659266,0.0,0.0,0.039256112291224055,0.00477044694002117,-0.0010949670848896254,0.0,0.0
26,order2,exposure_5,5,False,False,0.4473684210526316,0.2105424168051434,0.47409102185981916,0.0,0.0,0.4473684210526316,0.20498061465781087,0.4615570881727038,0.0,0.0,0.0,-0.00556180214733254,-0.012533933687115362,0.0,0.0
15,order2,exposure_5,6,False,False,0.28044280442804426,0.06828387713642813,0.2172444386875314,0.0,0.0,0.28044280442804426,0.06802005092003693,0.21654481202400191,0.0,0.0,0.0,-0.0002638262163911914,-0.0006996266635294901,0.0,0.0
12,order2,exposure_5,7,False,False,0.8191489361702128,0.47024745633143555,0.5773162291424206,1.0,0.0,0.8191489361702128,0.47072233655950907,0.5779894509811475,1.0,0.0,0.0,0.0004748802280735154,0.0006732218387268674,0.0,0.0
5,order2,exposure_5,8,True,True,0.46996466431095407,0.2314842297447186,0.4933019690434212,0.0,0.0,0.415625,0.20532236851382057,0.49477380565962575,0.0,0.0,-0.05433966431095405,-0.02616186123089803,0.001471836616204536,0.0,0.0
17,order2,exposure_5,9,False,False,0.4533678756476684,0.28337168644486604,0.6238916223734807,0.0,0.0,0.4533678756476684,0.28399865151150117,0.6252708850404264,0.0,0.0,0.0,0.0006269650666351212,0.0013792626669456576,0.0,0.0
11,order2,exposure_5,10,False,False,0.779874213836478,0.23896749934076292,0.300745354349559,0.0,0.0,0.779874213836478,0.24157475921259638,0.30401073943399504,0.0,0.0,0.0,0.002607259871833467,0.0032653850844360233,0.0,0.0
3,order2,exposure_5,11,False,False,0.5028901734104047,0.22054982304658982,0.43753619736822463,0.0,0.0,0.5028901734104047,0.2202648552415976,0.4369554006246107,0.0,0.0,0.0,-0.00028496780499220886,-0.0005807967436139427,0.0,0.0
1,order2,exposure_5,12,True,True,0.6735537190082644,0.37852759966658417,0.560775708605069,1.0,0.0,0.7520661157024794,0.4217258028173826,0.5605908033256464,1.0,0.0,0.07851239669421495,0.04319820315079842,-0.00018490527942260915,0.0,0.0
9,order2,exposure_5,13,False,False,0.0,0.0,0.6127888218851221,0.0,0.0,0.0,0.0,0.6136807676844714,0.0,0.0,0.0,0.0,0.0008919457993493696,0.0,0.0
14,order2,exposure_5,14,False,False,0.708994708994709,0.4744237585124018,0.6698419861781614,1.0,0.0,0.708994708994709,0.4764831866310826,0.6727331360681895,1.0,0.0,0.0,0.0020594281186807617,0.002891149890028144,0.0,0.0
31,order2,exposure_5,15,False,False,0.8092105263157895,0.4937852715622707,0.6051424670454766,1.0,0.0,0.8092105263157895,0.49487409073949085,0.6067449838419964,1.0,0.0,0.0,0.001088819177220146,0.0016025167965197928,0.0,0.0
20,order2,exposure_5,16,True,True,0.890295358649789,0.5374855306194347,0.6078985116071567,1.0,1.0,0.8,0.4843049361988942,0.6115168118073012,1.0,0.0,-0.09029535864978899,-0.05318059442054052,0.003618300200144531,0.0,-1.0
0,order2,exposure_5,17,False,False,0.3778801843317972,0.13839778553542686,0.3280043216040731,0.0,0.0,0.3778801843317972,0.14674261297182564,0.34527673358622096,0.0,0.0,0.0,0.008344827436398777,0.01727241198214785,0.0,0.0
24,order2,exposure_5,18,False,False,0.4521072796934866,0.18633464495635527,0.40787332659094416,0.0,0.0,0.4521072796934866,0.16723980875173503,0.3736422402696953,0.0,0.0,0.0,-0.01909483620462024,-0.03423108632124888,0.0,0.0
6,order2,exposure_5,19,False,False,0.6896551724137931,0.2915474835923805,0.42246245981885233,0.0,0.0,0.6896551724137931,0.2941608660763019,0.42623534035017013,0.0,0.0,0.0,0.0026133824839214004,0.0037728805313178015,0.0,0.0
4,order2,exposure_5,20,True,True,0.0,0.0,0.5048666607620181,0.0,0.0,0.21603563474387527,0.09647481892000608,0.5107031708105354,0.0,0.0,0.21603563474387527,0.09647481892000608,0.005836510048517263,0.0,0.0
28,order2,exposure_5,21,False,False,0.5736040609137056,0.40917948895100853,0.7070908712574445,1.0,0.0,0.5736040609137056,0.4107088389024837,0.7097336952963973,1.0,0.0,0.0,0.0015293499514751896,0.0026428240389527735,0.0,0.0
30,order2,exposure_5,22,False,False,0.723404255319149,0.5217477160398859,0.7217205411768874,1.0,1.0,0.723404255319149,0.5196059987324539,0.7187769238650157,1.0,1.0,0.0,-0.002141717307431956,-0.00294361731187176,0.0,0.0
25,order2,exposure_5,23,False,False,0.6883116883116883,0.2464332457832445,0.30438085051736674,0.0,0.0,0.6883116883116883,0.24404784094200943,0.30242663723441265,0.0,0.0,0.0,-0.0023854048412350615,-0.001954213282954087,0.0,0.0
29,order2,exposure_5,24,True,True,0.4232209737827715,0.19520122497716288,0.45718181639388145,0.0,0.0,0.3896551724137931,0.18215299653937359,0.4633716578633188,0.0,0.0,-0.03356580136897841,-0.0130482284377893,0.006189841469437352,0.0,0.0
21,order2,exposure_5,25,False,False,0.8761329305135952,0.5819058003904386,0.6699446934379694,1.0,1.0,0.8761329305135952,0.5847140775119647,0.6729391539774916,1.0,1.0,0.0,0.0028082771215260927,0.002994460539522237,0.0,0.0
19,order2,exposure_5,26,False,False,0.8327137546468402,0.11511745789476395,0.1505450172109725,0.0,0.0,0.8327137546468402,0.5800142557760161,0.6961691249507398,1.0,1.0,0.0,0.4648967978812521,0.5456241077397673,1.0,1.0
18,order2,exposure_5,27,False,False,0.35435435435435436,0.2316278143980737,0.6656687801503055,0.0,0.0,0.35435435435435436,0.2362127199572494,0.6765097573795225,0.0,0.0,0.0,0.004584905559175706,0.010840977229216953,0.0,0.0
8,order2,exposure_5,28,True,True,0.8250728862973761,0.7043324253823068,0.8464076907160837,1.0,1.0,0.9770114942528736,0.8264099345832056,0.8456636197904932,1.0,1.0,0.15193860795549752,0.12207750920089877,-0.0007440709255904787,0.0,0.0
7,order2,exposure_5,29,False,False,0.9824561403508771,0.650142653310123,0.6598403910581547,1.0,1.0,0.9824561403508771,0.6508273317103288,0.6605000299643121,1.0,1.0,0.0,0.0006846784002058071,0.0006596389061573893,0.0,0.0
10,order2,exposure_5,30,False,False,0.3598326359832636,0.27355103975222206,0.7457190524091796,0.0,0.0,0.3598326359832636,0.27484013502954446,0.7493994049924454,0.0,0.0,0.0,0.0012890952773224051,0.0036803525832658224,0.0,0.0
13,order2,exposure_5,31,False,False,0.5476190476190477,0.3325683645450803,0.6077471915254096,1.0,0.0,0.5476190476190477,0.33717303667123033,0.616142878677017,1.0,0.0,0.0,0.004604672126150011,0.008395687151607434,0.0,0.0
