number,tag,stage,state,lr,rho,teacher_temperature,objective_pp,reused_from
0,A_coarse_000,A,COMPLETE,0.005,0.05,1.0,0.979990553299084,
1,A_coarse_001,A,COMPLETE,1e-06,0.05,1.0,-0.14794977874092952,
2,A_coarse_002,A,COMPLETE,1.9952623149689e-06,0.05,1.0,-0.14790233594232124,
3,A_coarse_003,A,COMPLETE,3.981071705535e-06,0.05,1.0,-0.14780323789076716,
4,A_coarse_004,A,COMPLETE,7.9432823472428e-06,0.05,1.0,-0.14760210430340004,
5,A_coarse_005,A,COMPLETE,1.5848931924611e-05,0.05,1.0,-0.14717405337133588,
6,A_coarse_006,A,COMPLETE,3.1622776601684e-05,0.05,1.0,-0.14628407723981546,
7,A_coarse_007,A,COMPLETE,6.3095734448019e-05,0.05,1.0,-0.14401510006874116,
8,A_coarse_008,A,COMPLETE,0.00012589254117942,0.05,1.0,-0.13392334358781027,
9,A_coarse_009,A,COMPLETE,0.00025118864315096,0.05,1.0,-0.12733082825163383,
10,A_coarse_010,A,COMPLETE,0.00050118723362727,0.05,1.0,-0.09593466284795811,
11,A_coarse_011,A,COMPLETE,0.001,0.05,1.0,-0.020597632843428245,
12,A_coarse_012,A,COMPLETE,0.0019952623149689,0.05,1.0,0.236121632236735,
13,A_coarse_013,A,COMPLETE,0.003981071705535,0.05,1.0,0.7629354442193512,
14,A_coarse_014,A,COMPLETE,0.0079432823472428,0.05,1.0,1.0020363964225985,
15,A_coarse_015,A,COMPLETE,0.015848931924611,0.05,1.0,0.649507100653571,
16,A_coarse_016,A,COMPLETE,0.031622776601684,0.05,1.0,0.796232964307838,
17,A_coarse_017,A,COMPLETE,0.05,0.05,1.0,0.8420767871450513,
18,A_coarse_018,A,COMPLETE,0.063095734448019,0.05,1.0,0.7747542075494375,
19,A_coarse_019,A,COMPLETE,0.12589254117942,0.05,1.0,0.5754251000535913,
20,A_coarse_020,A,COMPLETE,0.25118864315096,0.05,1.0,0.04911195908852053,
21,A_coarse_021,A,COMPLETE,0.5,0.05,1.0,-2.2666943450810395,
22,A_coarse_022,A,COMPLETE,0.50118723362727,0.05,1.0,-2.263740573139852,
23,A_coarse_023,A,COMPLETE,1.0,0.05,1.0,-7.366151572079907,
24,A_fine_000,A,COMPLETE,0.005341811702004428,0.05,1.0,1.0228358355403557,
25,A_fine_001,A,COMPLETE,0.0057069904519342915,0.05,1.0,1.0521497201217345,
26,A_fine_002,A,COMPLETE,0.006097133675874025,0.05,1.0,1.0539786957865112,
27,A_fine_003,A,COMPLETE,0.006513948003693826,0.05,1.0,1.0342337669593253,
28,A_fine_004,A,COMPLETE,0.00695925673447601,0.05,1.0,1.0148312740238883,
29,A_fine_005,A,COMPLETE,0.007435007812295418,0.05,1.0,1.00507532108296,
30,A_fine_006,A,COMPLETE,0.008767123872968659,0.05,1.0,1.0050258745488296,
31,A_fine_007,A,COMPLETE,0.009676410537094495,0.05,1.0,1.0061497830076946,
32,A_fine_008,A,COMPLETE,0.010680004325145707,0.05,1.0,0.9850615760116909,
33,A_fine_009,A,COMPLETE,0.011787686347935802,0.05,1.0,0.9838337765347269,
34,A_fine_010,A,COMPLETE,0.013010252169108227,0.05,1.0,0.9025108541289437,
35,A_fine_011,A,COMPLETE,0.014359617019622031,0.05,1.0,0.672838080435355,
36,B_coarse_000,B,COMPLETE,0.006097133675874025,0.05,1.0,1.0539786957865112,A_fine_002
37,B_coarse_001,B,COMPLETE,0.006097133675874025,0.05,0.01,-3.430565274956042,
38,B_coarse_002,B,COMPLETE,0.006097133675874025,0.05,0.015848931924611,-1.5283112892090494,
39,B_coarse_003,B,COMPLETE,0.006097133675874025,0.05,0.025118864315096,0.005365895075391987,
40,B_coarse_004,B,COMPLETE,0.006097133675874025,0.05,0.03981071705535,0.41972436616654113,
41,B_coarse_005,B,COMPLETE,0.006097133675874025,0.05,0.05,0.6139458093080694,
42,B_coarse_006,B,COMPLETE,0.006097133675874025,0.05,0.063095734448019,0.6742647818936205,
43,B_coarse_007,B,COMPLETE,0.006097133675874025,0.05,0.1,0.7986227932958757,
44,B_coarse_008,B,COMPLETE,0.006097133675874025,0.05,0.15848931924611,0.7920942370780605,
45,B_coarse_009,B,COMPLETE,0.006097133675874025,0.05,0.25118864315096,0.25882494726428656,
46,B_coarse_010,B,COMPLETE,0.006097133675874025,0.05,0.3981071705535,0.7297630859030766,
47,B_coarse_011,B,COMPLETE,0.006097133675874025,0.05,0.63095734448019,1.0042122901267307,
48,B_coarse_012,B,COMPLETE,0.006097133675874025,0.05,1.5848931924611,0.7509161421612242,
49,B_coarse_013,B,COMPLETE,0.006097133675874025,0.05,2.5118864315096,0.31859935161291664,
50,B_coarse_014,B,COMPLETE,0.006097133675874025,0.05,3.981071705535,0.13989020559438273,
51,B_coarse_015,B,COMPLETE,0.006097133675874025,0.05,6.3095734448019,0.024733809221083376,
52,B_coarse_016,B,COMPLETE,0.006097133675874025,0.05,10.0,-0.034920634491890284,
53,B_coarse_017,B,COMPLETE,0.006097133675874025,0.05,15.848931924611,-0.07312170896101627,
54,B_coarse_018,B,COMPLETE,0.006097133675874025,0.05,20.0,-0.08110844935695569,
55,B_coarse_019,B,COMPLETE,0.006097133675874025,0.05,25.118864315096,-0.08353597683401327,
56,B_coarse_020,B,COMPLETE,0.006097133675874025,0.05,39.81071705535,-0.09151874443225974,
57,B_coarse_021,B,COMPLETE,0.006097133675874025,0.05,63.095734448019,-0.09398256187560831,
58,B_coarse_022,B,COMPLETE,0.006097133675874025,0.05,100.0,-0.09755870468682258,
59,B_fine_000,B,COMPLETE,0.006097133675874025,0.05,0.6738627168030916,0.997442074510312,
60,B_fine_001,B,COMPLETE,0.006097133675874025,0.05,0.7196856730011494,1.0015885834508194,
61,B_fine_002,B,COMPLETE,0.006097133675874025,0.05,0.7686246100397716,1.0020371184866155,
62,B_fine_003,B,COMPLETE,0.006097133675874025,0.05,0.8208914159638238,1.0035275752101047,
63,B_fine_004,B,COMPLETE,0.006097133675874025,0.05,0.876712387296867,1.0144848015528778,
64,B_fine_005,B,COMPLETE,0.006097133675874025,0.05,0.9363292088239408,1.023289074265791,
65,B_fine_006,B,COMPLETE,0.006097133675874025,0.05,1.0680004325145744,1.0517856641442458,
66,B_fine_007,B,COMPLETE,0.006097133675874025,0.05,1.140624923851318,1.0218599731114408,
67,B_fine_008,B,COMPLETE,0.006097133675874025,0.05,1.2181879120101113,0.9804090277264138,
68,B_fine_009,B,COMPLETE,0.006097133675874025,0.05,1.3010252169108252,0.9608739767290635,
69,B_fine_010,B,COMPLETE,0.006097133675874025,0.05,1.3894954943731292,0.8706214207809239,
70,B_fine_011,B,COMPLETE,0.006097133675874025,0.05,1.4839817889675546,0.7888468123390995,
