tag,stage,reused_from,lr,rho,teacher_temperature,steps,student_temperature,direction_count,inner_steps,spatial_candidate_replays,native_replays,backward_calls,spatial_provider_calls,temporal_provider_calls,worker_wall_seconds
screen_anchor,screen,,0.006097133675874025,0.05,1.0,1,1.0,4,96,864,1428,90,96,96,137.39904880523682
screen_rho_000,screen,,0.006097133675874025,0.0001,1.0,1,1.0,4,96,864,1428,90,96,96,115.65810012817383
screen_rho_001,screen,,0.006097133675874025,0.0003,1.0,1,1.0,4,96,864,1428,90,96,96,115.54258942604065
screen_rho_002,screen,,0.006097133675874025,0.001,1.0,1,1.0,4,96,864,1428,90,96,96,115.43857145309448
screen_rho_003,screen,,0.006097133675874025,0.003,1.0,1,1.0,4,96,864,1428,90,96,96,115.12088561058044
screen_rho_004,screen,,0.006097133675874025,0.01,1.0,1,1.0,4,96,864,1428,90,96,96,114.81521844863892
screen_rho_005,screen,,0.006097133675874025,0.03,1.0,1,1.0,4,96,864,1428,90,96,96,115.30163073539734
screen_rho_007,screen,,0.006097133675874025,0.1,1.0,1,1.0,4,96,864,1428,90,96,96,115.9536383152008
screen_rho_008,screen,,0.006097133675874025,0.3,1.0,1,1.0,4,96,864,1428,90,96,96,115.53338265419006
screen_rho_009,screen,,0.006097133675874025,1,1.0,1,1.0,4,96,864,1428,90,96,96,114.60560250282288
screen_steps_001,screen,,0.006097133675874025,0.05,1.0,2,1.0,4,186,1674,2508,180,96,96,161.67558026313782
screen_steps_002,screen,,0.006097133675874025,0.05,1.0,3,1.0,4,276,2484,3588,270,96,96,209.1178297996521
screen_steps_003,screen,,0.006097133675874025,0.05,1.0,5,1.0,4,456,4104,5748,450,96,96,315.8493022918701
screen_steps_004,screen,,0.006097133675874025,0.05,1.0,10,1.0,4,906,8154,11148,900,96,96,551.0019228458405
screen_student_temperature_000,screen,,0.006097133675874025,0.05,1.0,1,0.03,4,96,864,1428,90,96,96,115.53201389312744
screen_student_temperature_001,screen,,0.006097133675874025,0.05,1.0,1,0.1,4,96,864,1428,90,96,96,115.08605933189392
screen_student_temperature_002,screen,,0.006097133675874025,0.05,1.0,1,0.3,4,96,864,1428,90,96,96,116.14543914794922
screen_student_temperature_004,screen,,0.006097133675874025,0.05,1.0,1,3,4,96,864,1428,90,96,96,115.28525733947754
screen_student_temperature_005,screen,,0.006097133675874025,0.05,1.0,1,10,4,96,864,1428,90,96,96,115.31209063529968
screen_student_temperature_006,screen,,0.006097133675874025,0.05,1.0,1,30,4,96,864,1428,90,96,96,114.86540198326111
screen_direction_count_000,screen,,0.006097133675874025,0.05,1.0,1,1.0,1,96,288,852,90,96,96,91.63078236579895
screen_direction_count_001,screen,,0.006097133675874025,0.05,1.0,1,1.0,2,96,480,1044,90,96,96,99.27967953681946
screen_direction_count_003,screen,,0.006097133675874025,0.05,1.0,1,1.0,8,96,1632,2196,90,96,96,147.72266173362732
screen_direction_count_004,screen,,0.006097133675874025,0.05,1.0,1,1.0,16,96,3168,3732,90,96,96,212.73611092567444
focus1_coarse_000,focus1,screen_anchor,0.006097133675874025,0.05,1.0,1,1.0,4,96,864,1428,90,96,96,137.39904880523682
focus1_coarse_001,focus1,screen_steps_001,0.006097133675874025,0.05,1.0,2,1.0,4,186,1674,2508,180,96,96,161.67558026313782
focus1_coarse_002,focus1,screen_steps_002,0.006097133675874025,0.05,1.0,3,1.0,4,276,2484,3588,270,96,96,209.1178297996521
focus1_coarse_003,focus1,,0.006097133675874025,0.05,1.0,4,1.0,4,366,3294,4668,360,96,96,254.6774036884308
focus1_coarse_004,focus1,screen_steps_003,0.006097133675874025,0.05,1.0,5,1.0,4,456,4104,5748,450,96,96,315.8493022918701
focus1_coarse_005,focus1,,0.006097133675874025,0.05,1.0,6,1.0,4,546,4914,6828,540,96,96,349.24222803115845
focus1_coarse_006,focus1,,0.006097133675874025,0.05,1.0,8,1.0,4,726,6534,8988,720,96,96,441.9677777290344
focus1_coarse_007,focus1,screen_steps_004,0.006097133675874025,0.05,1.0,10,1.0,4,906,8154,11148,900,96,96,551.0019228458405
