number,tag,stage,state,lr,rho,teacher_temperature,steps,student_temperature,direction_count,objective_pp,reused_from
0,screen_anchor,screen,COMPLETE,0.006097133675874025,0.05,1.0,1,1.0,4,1.0539786957865112,
1,screen_rho_000,screen,COMPLETE,0.006097133675874025,0.0001,1.0,1,1.0,4,0.9369450957885596,
2,screen_rho_001,screen,COMPLETE,0.006097133675874025,0.0003,1.0,1,1.0,4,0.9456452527472095,
3,screen_rho_002,screen,COMPLETE,0.006097133675874025,0.001,1.0,1,1.0,4,0.9333752397539193,
4,screen_rho_003,screen,COMPLETE,0.006097133675874025,0.003,1.0,1,1.0,4,0.9616340510596066,
5,screen_rho_004,screen,COMPLETE,0.006097133675874025,0.01,1.0,1,1.0,4,1.0148680606157214,
6,screen_rho_005,screen,COMPLETE,0.006097133675874025,0.03,1.0,1,1.0,4,1.0124627996963687,
7,screen_rho_007,screen,COMPLETE,0.006097133675874025,0.1,1.0,1,1.0,4,0.9716587595634332,
8,screen_rho_008,screen,COMPLETE,0.006097133675874025,0.3,1.0,1,1.0,4,0.6171990990489971,
9,screen_rho_009,screen,COMPLETE,0.006097133675874025,1,1.0,1,1.0,4,-0.0655626965216607,
10,screen_steps_001,screen,COMPLETE,0.006097133675874025,0.05,1.0,2,1.0,4,1.0333032477977329,
11,screen_steps_002,screen,COMPLETE,0.006097133675874025,0.05,1.0,3,1.0,4,0.9932578006388998,
12,screen_steps_003,screen,COMPLETE,0.006097133675874025,0.05,1.0,5,1.0,4,0.993962077523105,
13,screen_steps_004,screen,COMPLETE,0.006097133675874025,0.05,1.0,10,1.0,4,1.0732357105119672,
14,screen_student_temperature_000,screen,COMPLETE,0.006097133675874025,0.05,1.0,1,0.03,4,0.8828739265987399,
15,screen_student_temperature_001,screen,COMPLETE,0.006097133675874025,0.05,1.0,1,0.1,4,0.9905000555312191,
16,screen_student_temperature_002,screen,COMPLETE,0.006097133675874025,0.05,1.0,1,0.3,4,0.8609060524086734,
17,screen_student_temperature_004,screen,COMPLETE,0.006097133675874025,0.05,1.0,1,3,4,0.2669081720859477,
18,screen_student_temperature_005,screen,COMPLETE,0.006097133675874025,0.05,1.0,1,10,4,-0.07489042954120714,
19,screen_student_temperature_006,screen,COMPLETE,0.006097133675874025,0.05,1.0,1,30,4,-0.1275104748849868,
20,screen_direction_count_000,screen,COMPLETE,0.006097133675874025,0.05,1.0,1,1.0,1,0.026116580190757924,
21,screen_direction_count_001,screen,COMPLETE,0.006097133675874025,0.05,1.0,1,1.0,2,0.8138971837198099,
22,screen_direction_count_003,screen,COMPLETE,0.006097133675874025,0.05,1.0,1,1.0,8,0.9102654036854044,
23,screen_direction_count_004,screen,COMPLETE,0.006097133675874025,0.05,1.0,1,1.0,16,0.6301672341999152,
24,focus1_coarse_000,focus1,COMPLETE,0.006097133675874025,0.05,1.0,1,1.0,4,1.0539786957865112,screen_anchor
25,focus1_coarse_001,focus1,COMPLETE,0.006097133675874025,0.05,1.0,2,1.0,4,1.0333032477977329,screen_steps_001
26,focus1_coarse_002,focus1,COMPLETE,0.006097133675874025,0.05,1.0,3,1.0,4,0.9932578006388998,screen_steps_002
27,focus1_coarse_003,focus1,COMPLETE,0.006097133675874025,0.05,1.0,4,1.0,4,1.015672695229059,
28,focus1_coarse_004,focus1,COMPLETE,0.006097133675874025,0.05,1.0,5,1.0,4,0.993962077523105,screen_steps_003
29,focus1_coarse_005,focus1,COMPLETE,0.006097133675874025,0.05,1.0,6,1.0,4,1.0491032706609988,
30,focus1_coarse_006,focus1,COMPLETE,0.006097133675874025,0.05,1.0,8,1.0,4,1.096974175039828,
31,focus1_coarse_007,focus1,COMPLETE,0.006097133675874025,0.05,1.0,10,1.0,4,1.0732357105119672,screen_steps_004
