cell_key,dataset,split,source_id,condition,order,proposal_count,unique_intervals,Confidence_index,Consensus_index,Oracle_index,Confidence_t,Consensus_t,Oracle_t,Consensus_minus_Confidence_t,selected_Confidence_agreement,selected_Consensus_agreement
vidstg/search/clean/order1/0,vidstg,search,8,clean,order1,55,54,47,50,50,0.9640752046536176,0.9806851035509354,0.9806851035509354,0.016609898897317787,0.39420972742045485,0.39475709972068657
vidstg/search/clean/order1/4,vidstg,search,7,clean,order1,79,78,70,75,4,0.0,0.04195813150073818,0.30564701792172444,0.04195813150073818,0.2709731144741637,0.2780267281593832
vidstg/search/clean/order1/8,vidstg,search,4,clean,order1,27,24,10,22,2,0.0,0.4174784990529751,0.989367635626542,0.4174784990529751,0.3265530351471104,0.6011908167425307
vidstg/search/clean/order1/12,vidstg,search,24,clean,order1,49,48,38,43,45,0.9834259389926351,0.9874999237959767,0.9945208046248634,0.004073984803341646,0.41846214428212186,0.41926568074212606
vidstg/search/clean/order1/16,vidstg,search,26,clean,order1,312,312,303,303,296,0.8495077636006667,0.8495077636006667,0.9548760756362434,0.0,0.09737189790534,0.09737189790534
vidstg/search/clean/order1/20,vidstg,search,18,clean,order1,166,166,141,161,136,0.0,0.2927858477309474,0.8698434109609378,0.2927858477309474,0.09599062063063225,0.14913350997116673
vidstg/search/clean/order1/24,vidstg,search,23,clean,order1,267,267,260,258,88,0.04283696276711118,0.04199079781398576,0.8758941650390625,-0.0008461649531254223,0.10890492923972758,0.10938041608853062
vidstg/search/clean/order1/28,vidstg,search,29,clean,order1,170,170,165,164,145,0.20615572645288838,0.21924837475221276,0.9624403168809058,0.013092648299324383,0.16050388634184867,0.16087696390563627
vidstg/search/clean/order2/0,vidstg,search,1,clean,order2,254,254,249,248,35,0.03537099797121673,0.034578513687416275,0.7991518048535041,-0.0007924842838004584,0.10730569162029843,0.10760239902005604
vidstg/search/clean/order2/4,vidstg,search,10,clean,order2,26,23,15,20,17,0.36480556479858084,0.874971302345915,0.9232803128046185,0.5101657375473342,0.4054223688769353,0.5895431857534981
vidstg/search/clean/order2/8,vidstg,search,15,clean,order2,61,61,31,58,1,0.24824783115541343,0.07430934171868415,0.5051975933427636,-0.1739384894367293,0.23730344405803827,0.3372674968885693
vidstg/search/clean/order2/12,vidstg,search,30,clean,order2,31,28,22,26,14,0.40463397293131065,0.38104278978211115,0.9595402143072407,-0.0235911831491995,0.5377077755362599,0.551243638326405
vidstg/search/clean/order2/16,vidstg,search,11,clean,order2,82,79,39,72,39,0.7189258237204177,0.0,0.7189258237204177,-0.7189258237204177,0.05116030485383579,0.2543101012289865
vidstg/search/clean/order2/20,vidstg,search,19,clean,order2,120,119,113,114,107,0.542416868131786,0.5454257132516873,0.8044123222115901,0.0030088451199012933,0.20299734407924175,0.20307894456788833
vidstg/search/clean/order2/24,vidstg,search,3,clean,order2,33,30,25,27,11,0.49844144786733424,0.44378045881529354,0.8604006767272949,-0.0546609890520407,0.5270390779086217,0.5424203669499101
vidstg/search/clean/order2/28,vidstg,search,6,clean,order2,278,278,270,274,142,0.02914546041016326,0.06521354004447859,0.9255685675634097,0.036068079634315325,0.10589608715154436,0.10727439800402681
vidstg/search/frame_drop_5/order1/0,vidstg,search,8,frame_drop_5,order1,55,55,42,50,51,0.9384325565435947,0.9819356264212192,0.9876111929233258,0.043503069877624534,0.3883272419051349,0.3905516041366127
vidstg/search/frame_drop_5/order1/4,vidstg,search,7,frame_drop_5,order1,79,78,54,73,4,0.0,0.04108104560723896,0.3062785838296894,0.04108104560723896,0.15967563549172947,0.27474652941408667
vidstg/search/frame_drop_5/order1/8,vidstg,search,4,frame_drop_5,order1,27,24,10,22,2,0.0,0.4174784990529751,0.989367635626542,0.4174784990529751,0.3265530351471104,0.6011908167425307
vidstg/search/frame_drop_5/order1/12,vidstg,search,24,frame_drop_5,order1,49,47,38,45,42,0.9304867501245188,0.9828080229226361,0.9964419099401802,0.05232127279811738,0.3987713687964429,0.40764584073328985
vidstg/search/frame_drop_5/order1/16,vidstg,search,26,frame_drop_5,order1,312,312,303,307,305,0.8896068984111738,0.8723185848164018,0.9310194955807305,-0.01728831359477201,0.09518102386348078,0.09546578090371956
vidstg/search/frame_drop_5/order1/20,vidstg,search,18,frame_drop_5,order1,166,166,152,161,136,0.2252515302805712,0.28588844580729517,0.7114024974681713,0.060636915526723956,0.12351092960125322,0.14525823251853157
vidstg/search/frame_drop_5/order1/24,vidstg,search,23,frame_drop_5,order1,267,267,260,258,88,0.04283696276711118,0.04199079781398576,0.8758941650390625,-0.0008461649531254223,0.10890492923972758,0.10938041608853062
vidstg/search/frame_drop_5/order1/28,vidstg,search,29,frame_drop_5,order1,170,170,165,164,145,0.22065798961307115,0.22456960184687205,0.9502350639461031,0.003911612233800904,0.1592463822271041,0.15929665622933512
vidstg/search/frame_drop_5/order2/0,vidstg,search,1,frame_drop_5,order2,254,254,244,252,35,0.0,0.031119857118316167,0.7997204924265778,0.031119857118316167,0.09437873480298177,0.1028598495295081
vidstg/search/frame_drop_5/order2/4,vidstg,search,10,frame_drop_5,order2,26,23,14,20,17,0.5939743222328914,0.8707861940466528,0.9143105366586964,0.27681187181376143,0.5318495512475883,0.6004759819594117
vidstg/search/frame_drop_5/order2/8,vidstg,search,15,frame_drop_5,order2,61,61,31,58,1,0.24824783115541343,0.07430934171868415,0.5051975933427636,-0.1739384894367293,0.23730344405803827,0.3372674968885693
vidstg/search/frame_drop_5/order2/12,vidstg,search,30,frame_drop_5,order2,31,28,22,26,14,0.40463397293131065,0.38104278978211115,0.9595402143072407,-0.0235911831491995,0.5377077755362599,0.551243638326405
vidstg/search/frame_drop_5/order2/16,vidstg,search,11,frame_drop_5,order2,82,80,39,72,39,0.7187669590253699,0.0,0.7187669590253699,-0.7187669590253699,0.05030176616785313,0.24181805020535185
vidstg/search/frame_drop_5/order2/20,vidstg,search,19,frame_drop_5,order2,120,119,113,114,106,0.5516997106158728,0.5505778789727295,0.8120415671806008,-0.0011218316431432784,0.2025772691162863,0.20258934715534443
vidstg/search/frame_drop_5/order2/24,vidstg,search,3,frame_drop_5,order2,33,30,25,27,11,0.49844144786733424,0.44378045881529354,0.8604006767272949,-0.0546609890520407,0.5270390779086217,0.5424203669499101
vidstg/search/frame_drop_5/order2/28,vidstg,search,6,frame_drop_5,order2,278,278,270,274,142,0.033211131580259345,0.0930818276719344,0.9300983376698951,0.05987069609167506,0.1025795905123992,0.1043559322248881
vidstg/search/frame_freeze_5/order1/0,vidstg,search,8,frame_freeze_5,order1,55,54,47,50,50,0.963733012859638,0.9808481711607713,0.9808481711607713,0.017115158301133304,0.39254962025735485,0.3931503049502023
vidstg/search/frame_freeze_5/order1/4,vidstg,search,7,frame_freeze_5,order1,79,78,55,73,4,0.0,0.03349370708886702,0.30568609396178625,0.03349370708886702,0.13228031552991013,0.2799334994711215
vidstg/search/frame_freeze_5/order1/8,vidstg,search,4,frame_freeze_5,order1,27,24,10,22,2,0.0,0.4174784990529751,0.989367635626542,0.4174784990529751,0.3265530351471104,0.6011908167425307
vidstg/search/frame_freeze_5/order1/12,vidstg,search,24,frame_freeze_5,order1,49,48,38,43,45,0.9838953222409587,0.9879991096564888,0.9941757691497358,0.004103787415530191,0.41851481900280557,0.4193448081436973
vidstg/search/frame_freeze_5/order1/16,vidstg,search,26,frame_freeze_5,order1,312,312,303,307,296,0.8556473188809288,0.8299539592579643,0.8771258443133783,-0.025693359622964485,0.09723943089589691,0.0973611531051982
vidstg/search/frame_freeze_5/order1/20,vidstg,search,18,frame_freeze_5,order1,166,166,141,156,136,0.0,0.2922769865701431,0.911715296717402,0.2922769865701431,0.09521169869313656,0.14930965008951716
vidstg/search/frame_freeze_5/order1/24,vidstg,search,23,frame_freeze_5,order1,267,267,260,258,88,0.04283696276711118,0.04199079781398576,0.8758941650390625,-0.0008461649531254223,0.10890492923972758,0.10938041608853062
vidstg/search/frame_freeze_5/order1/28,vidstg,search,29,frame_freeze_5,order1,170,170,165,164,145,0.20481760007950534,0.21759232222825423,0.96273221236099,0.01277472214874889,0.1605576210787719,0.1609248849035304
vidstg/search/frame_freeze_5/order2/0,vidstg,search,1,frame_freeze_5,order2,254,254,249,248,35,0.03536914362170141,0.03463313208786085,0.7974097299069633,-0.0007360115338405637,0.10701928083221823,0.10729563850938735
vidstg/search/frame_freeze_5/order2/4,vidstg,search,10,frame_freeze_5,order2,26,23,15,20,17,0.3720774411882499,0.8751668162370367,0.923086696346599,0.5030893750487868,0.40959395136185583,0.5912968752835894
vidstg/search/frame_freeze_5/order2/8,vidstg,search,15,frame_freeze_5,order2,61,61,31,58,1,0.24824783115541343,0.07430934171868415,0.5051975933427636,-0.1739384894367293,0.23730344405803827,0.3372674968885693
vidstg/search/frame_freeze_5/order2/12,vidstg,search,30,frame_freeze_5,order2,31,28,22,26,14,0.40463397293131065,0.38104278978211115,0.9595402143072407,-0.0235911831491995,0.5377077755362599,0.551243638326405
vidstg/search/frame_freeze_5/order2/16,vidstg,search,11,frame_freeze_5,order2,82,79,39,72,39,0.7189234869661314,0.0,0.7189234869661314,-0.7189234869661314,0.05115282790735768,0.2540478012471078
vidstg/search/frame_freeze_5/order2/20,vidstg,search,19,frame_freeze_5,order2,120,119,113,113,107,0.5467880420581047,0.5467880420581047,0.7883765971706845,0.0,0.20292916064622646,0.20292916064622646
vidstg/search/frame_freeze_5/order2/24,vidstg,search,3,frame_freeze_5,order2,33,30,25,27,11,0.49844144786733424,0.44378045881529354,0.8604006767272949,-0.0546609890520407,0.5270390779086217,0.5424203669499101
vidstg/search/frame_freeze_5/order2/28,vidstg,search,6,frame_freeze_5,order2,278,278,270,274,142,0.03138067975446442,0.062231313747946555,0.9258054968428938,0.030850633993482132,0.10613397004608205,0.1074877933475259
vidstg/search/motion_blur_5/order1/0,vidstg,search,8,motion_blur_5,order1,55,54,42,50,51,0.9488596965105106,0.9825644499216324,0.9846746765650236,0.03370475341112178,0.388784408985429,0.39022669222635104
vidstg/search/motion_blur_5/order1/4,vidstg,search,7,motion_blur_5,order1,79,78,54,73,4,0.0,0.04176897728013442,0.30576542701228165,0.04176897728013442,0.15722062982447288,0.2790513261734529
vidstg/search/motion_blur_5/order1/8,vidstg,search,4,motion_blur_5,order1,27,24,10,22,2,0.0,0.4174784990529751,0.989367635626542,0.4174784990529751,0.3265530351471104,0.6011908167425307
vidstg/search/motion_blur_5/order1/12,vidstg,search,24,motion_blur_5,order1,49,47,37,45,45,0.8107097239257991,0.9828080229226361,0.9828080229226361,0.17209829899683704,0.37818460156871564,0.4071560997418959
vidstg/search/motion_blur_5/order1/16,vidstg,search,26,motion_blur_5,order1,312,312,303,303,304,0.8674838340739429,0.8674838340739429,0.9063036454044128,0.0,0.09718806491765765,0.09718806491765765
vidstg/search/motion_blur_5/order1/20,vidstg,search,18,motion_blur_5,order1,166,166,152,161,136,0.22922081542776257,0.2921125684118816,0.8312594943576389,0.06289175298411903,0.12423613656332777,0.14590892118562157
vidstg/search/motion_blur_5/order1/24,vidstg,search,23,motion_blur_5,order1,267,267,260,258,88,0.04283696276711118,0.04199079781398576,0.8758941650390625,-0.0008461649531254223,0.10890492923972758,0.10938041608853062
vidstg/search/motion_blur_5/order1/28,vidstg,search,29,motion_blur_5,order1,170,170,165,169,145,0.21162454883022033,0.22502818016558043,0.9597517581808644,0.0134036313353601,0.16018132418145117,0.16039943963026343
vidstg/search/motion_blur_5/order2/0,vidstg,search,1,motion_blur_5,order2,254,254,249,248,35,0.035458534836906155,0.034470074209608646,0.8013203636577368,-0.0009884606272975091,0.10702890211004,0.10729023130053607
vidstg/search/motion_blur_5/order2/4,vidstg,search,10,motion_blur_5,order2,26,23,15,20,17,0.44684620194787517,0.8712811716138454,0.9337769672363251,0.4244349696659703,0.44712903023525735,0.5933948662853882
vidstg/search/motion_blur_5/order2/8,vidstg,search,15,motion_blur_5,order2,61,61,31,58,1,0.24824783115541343,0.07430934171868415,0.5051975933427636,-0.1739384894367293,0.23730344405803827,0.3372674968885693
vidstg/search/motion_blur_5/order2/12,vidstg,search,30,motion_blur_5,order2,31,28,22,26,14,0.40463397293131065,0.38104278978211115,0.9595402143072407,-0.0235911831491995,0.5377077755362599,0.551243638326405
vidstg/search/motion_blur_5/order2/16,vidstg,search,11,motion_blur_5,order2,82,80,39,72,39,0.719957814971779,0.0,0.719957814971779,-0.719957814971779,0.050385684038623875,0.23747325774398811
vidstg/search/motion_blur_5/order2/20,vidstg,search,19,motion_blur_5,order2,120,119,113,114,106,0.5474629850046762,0.5477259526008708,0.8136703350809644,0.00026296759619459653,0.20234038405561153,0.20234059986889083
vidstg/search/motion_blur_5/order2/24,vidstg,search,3,motion_blur_5,order2,33,30,25,27,11,0.49844144786733424,0.44378045881529354,0.8604006767272949,-0.0546609890520407,0.5270390779086217,0.5424203669499101
vidstg/search/motion_blur_5/order2/28,vidstg,search,6,motion_blur_5,order2,278,278,270,274,142,0.036481068353923216,0.08322316655464343,0.9278474050025417,0.046742098200720214,0.10414034753429402,0.10632526945918713
vidstg/search/occlusion_5/order1/0,vidstg,search,8,occlusion_5,order1,55,54,42,50,51,0.9447146537976387,0.9775811378772442,0.9806063840022454,0.03286648407960546,0.3894011500244152,0.3912468218598499
vidstg/search/occlusion_5/order1/4,vidstg,search,7,occlusion_5,order1,79,78,70,73,4,0.0,0.043042680309860956,0.3058467800527736,0.043042680309860956,0.27358844180656156,0.2794147953320307
vidstg/search/occlusion_5/order1/8,vidstg,search,4,occlusion_5,order1,27,24,10,22,2,0.0,0.4174784990529751,0.989367635626542,0.4174784990529751,0.3265530351471104,0.6011908167425307
vidstg/search/occlusion_5/order1/12,vidstg,search,24,occlusion_5,order1,49,48,38,43,42,0.9759540684639698,0.980578902286923,0.9952497304207674,0.0046248338229532004,0.4169270291800473,0.4175808265666334
vidstg/search/occlusion_5/order1/16,vidstg,search,26,occlusion_5,order1,312,312,303,303,296,0.8846703237472411,0.8846703237472411,0.95459282199419,0.0,0.09704211976622062,0.09704211976622062
vidstg/search/occlusion_5/order1/20,vidstg,search,18,occlusion_5,order1,166,166,152,161,136,0.06433399711993217,0.29108268119307656,0.9313456745942497,0.2267486840731444,0.10844480380715223,0.14746974614914196
vidstg/search/occlusion_5/order1/24,vidstg,search,23,occlusion_5,order1,267,267,260,258,88,0.04283696276711118,0.04199079781398576,0.8758941650390625,-0.0008461649531254223,0.10890492923972758,0.10938041608853062
vidstg/search/occlusion_5/order1/28,vidstg,search,29,occlusion_5,order1,170,170,165,169,145,0.2114514899346567,0.22493594677994272,0.9627242726845756,0.013484456845286014,0.16059749303606594,0.1608903478467869
vidstg/search/occlusion_5/order2/0,vidstg,search,1,occlusion_5,order2,254,254,249,248,35,0.03524438886099212,0.034120860076305985,0.8000921844150938,-0.0011235287846861342,0.1072449500545246,0.10754353784033838
vidstg/search/occlusion_5/order2/4,vidstg,search,10,occlusion_5,order2,26,23,15,20,17,0.42677145512528014,0.8715742036409734,0.9254994648714362,0.44480274851569324,0.4402464704382059,0.5923672396198464
vidstg/search/occlusion_5/order2/8,vidstg,search,15,occlusion_5,order2,61,61,31,58,1,0.24824783115541343,0.07430934171868415,0.5051975933427636,-0.1739384894367293,0.23730344405803827,0.3372674968885693
vidstg/search/occlusion_5/order2/12,vidstg,search,30,occlusion_5,order2,31,28,22,26,14,0.40463397293131065,0.38104278978211115,0.9595402143072407,-0.0235911831491995,0.5377077755362599,0.551243638326405
vidstg/search/occlusion_5/order2/16,vidstg,search,11,occlusion_5,order2,82,79,39,72,39,0.7200234382629643,0.0,0.7200234382629643,-0.7200234382629643,0.05097940773237977,0.24754678285858192
vidstg/search/occlusion_5/order2/20,vidstg,search,19,occlusion_5,order2,120,119,113,114,107,0.5473447784205366,0.546615524964216,0.8429642546454769,-0.0007292534563206887,0.2024911879281445,0.20253189341803965
vidstg/search/occlusion_5/order2/24,vidstg,search,3,occlusion_5,order2,33,30,25,27,11,0.49844144786733424,0.44378045881529354,0.8604006767272949,-0.0546609890520407,0.5270390779086217,0.5424203669499101
vidstg/search/occlusion_5/order2/28,vidstg,search,6,occlusion_5,order2,278,278,270,274,142,0.0321680853559976,0.06927315946028788,0.9267877030046019,0.03710507410429028,0.10577624499182793,0.10724274285318247
vidstg/search/exposure_5/order1/0,vidstg,search,8,exposure_5,order1,55,54,47,50,51,0.9605891331648215,0.978164038902674,0.9782264087444696,0.017574905737852475,0.3937176029366125,0.3943501114613359
vidstg/search/exposure_5/order1/4,vidstg,search,7,exposure_5,order1,79,78,70,73,4,0.0,0.02294221575238821,0.3056802448805351,0.02294221575238821,0.27228698613964286,0.27875502019007176
vidstg/search/exposure_5/order1/8,vidstg,search,4,exposure_5,order1,27,24,10,22,2,0.0,0.4174784990529751,0.989367635626542,0.4174784990529751,0.3265530351471104,0.6011908167425307
vidstg/search/exposure_5/order1/12,vidstg,search,24,exposure_5,order1,49,48,38,43,45,0.9822808209728343,0.9840407380206908,0.997577633871629,0.0017599170478564963,0.41885446365359075,0.4195041034843847
vidstg/search/exposure_5/order1/16,vidstg,search,26,exposure_5,order1,312,312,303,303,296,0.8598301337902723,0.8598301337902723,0.9567189074477283,0.0,0.09752487807572617,0.09752487807572617
vidstg/search/exposure_5/order1/20,vidstg,search,18,exposure_5,order1,166,166,152,161,136,0.1018676387082593,0.2906832658117196,0.9267413682222689,0.1888156271034603,0.11289125558501735,0.14726817724321015
vidstg/search/exposure_5/order1/24,vidstg,search,23,exposure_5,order1,267,267,260,258,88,0.04283696276711118,0.04199079781398576,0.8758941650390625,-0.0008461649531254223,0.10890492923972758,0.10938041608853062
vidstg/search/exposure_5/order1/28,vidstg,search,29,exposure_5,order1,170,170,165,164,145,0.2059492947053855,0.2188425722486038,0.9625036020931098,0.012893277543218284,0.16052033509707286,0.16088872589572262
vidstg/search/exposure_5/order2/0,vidstg,search,1,exposure_5,order2,254,254,249,248,35,0.03551009042888672,0.03466315670630788,0.7969419020266854,-0.0008469337225788381,0.10704880761370128,0.10735204347302273
vidstg/search/exposure_5/order2/4,vidstg,search,10,exposure_5,order2,26,23,15,20,17,0.3603939433129945,0.8767620388983507,0.9243775614161515,0.5163680955853562,0.400449774055377,0.5907731321332932
vidstg/search/exposure_5/order2/8,vidstg,search,15,exposure_5,order2,61,61,31,58,1,0.24824783115541343,0.07430934171868415,0.5051975933427636,-0.1739384894367293,0.23730344405803827,0.3372674968885693
vidstg/search/exposure_5/order2/12,vidstg,search,30,exposure_5,order2,31,28,22,26,14,0.40463397293131065,0.38104278978211115,0.9595402143072407,-0.0235911831491995,0.5377077755362599,0.551243638326405
vidstg/search/exposure_5/order2/16,vidstg,search,11,exposure_5,order2,82,79,39,72,39,0.7196907578774745,0.0,0.7196907578774745,-0.7196907578774745,0.05103728246720975,0.25220984907632515
vidstg/search/exposure_5/order2/20,vidstg,search,19,exposure_5,order2,120,119,113,113,107,0.548404290290413,0.548404290290413,0.7953185403765737,0.0,0.20270977456363098,0.20270977456363098
vidstg/search/exposure_5/order2/24,vidstg,search,3,exposure_5,order2,33,30,25,27,11,0.49844144786733424,0.44378045881529354,0.8604006767272949,-0.0546609890520407,0.5270390779086217,0.5424203669499101
vidstg/search/exposure_5/order2/28,vidstg,search,6,exposure_5,order2,278,278,270,274,142,0.03038499200102431,0.0656590809777202,0.9259907970689747,0.0352740889766959,0.10602120415166966,0.10738314046609898
vidstg/confirm/clean/order1/0,vidstg,confirm,38,clean,order1,252,252,234,246,221,0.0,0.028362639350437677,0.9507234042452816,0.028362639350437677,0.08481123511324576,0.10993200868741801
vidstg/confirm/clean/order1/4,vidstg,confirm,34,clean,order1,31,28,23,26,12,0.38280902149613916,0.23138413132662977,0.864244061569777,-0.15142489016950939,0.4441114055871878,0.5306306817467894
vidstg/confirm/clean/order1/8,vidstg,confirm,36,clean,order1,74,73,49,71,56,0.0,0.45808768200073224,0.8224553072051634,0.45808768200073224,0.18175268870171837,0.27959031512358223
vidstg/confirm/clean/order1/12,vidstg,confirm,41,clean,order1,34,31,26,28,30,0.7469983274637446,0.9672411771921011,1.0,0.2202428497283565,0.49284361312910985,0.523671228759291
vidstg/confirm/clean/order2/0,vidstg,confirm,45,clean,order2,191,190,189,182,143,0.07810320781032078,0.07877799590339035,0.9751913983907018,0.0006747880930695754,0.13863921453585643,0.1388992405751034
vidstg/confirm/clean/order2/4,vidstg,confirm,33,clean,order2,64,63,56,59,31,0.04842105263157895,0.04972268235841784,0.3546199369727882,0.0013016297268388932,0.3317141336108011,0.3330778931239444
vidstg/confirm/clean/order2/8,vidstg,confirm,40,clean,order2,47,45,36,42,37,0.7061847073770644,0.6470220028108797,0.7872674678635756,-0.059162704566184665,0.4269515693613492,0.43620558108267565
vidstg/confirm/clean/order2/12,vidstg,confirm,37,clean,order2,72,71,36,66,5,0.4689739463992713,0.11508144506911167,0.8684938844746005,-0.35389250133015965,0.2162062930176047,0.31624799043417684
vidstg/confirm/frame_drop_5/order1/0,vidstg,confirm,38,frame_drop_5,order1,252,252,234,246,191,0.0,0.07121240840204482,0.9171662063723613,0.07121240840204482,0.08427593843428406,0.10859266925072704
vidstg/confirm/frame_drop_5/order1/4,vidstg,confirm,34,frame_drop_5,order1,31,28,23,26,12,0.3689930299770228,0.20814565266148324,0.812401710976432,-0.16084737731553958,0.4580402870493819,0.5274373101020206
vidstg/confirm/frame_drop_5/order1/8,vidstg,confirm,36,frame_drop_5,order1,74,73,60,71,56,0.006608570821245626,0.4695020606363745,0.7311042541919849,0.4628934898151289,0.22131095483182842,0.26759013673226584
vidstg/confirm/frame_drop_5/order1/12,vidstg,confirm,41,frame_drop_5,order1,34,31,26,28,30,0.7094496445134584,0.947751325634327,1.0,0.23830168112086858,0.49263942476844697,0.5253012503347616
vidstg/confirm/frame_drop_5/order2/0,vidstg,confirm,45,frame_drop_5,order2,191,190,189,182,143,0.07810320781032078,0.079653163423531,0.9659177703516824,0.0015499556132102243,0.13856705228736496,0.13922257043281977
vidstg/confirm/frame_drop_5/order2/4,vidstg,confirm,33,frame_drop_5,order2,64,63,56,59,31,0.04842105263157895,0.04972268235841784,0.3546199369727882,0.0013016297268388932,0.3317141336108011,0.3330778931239444
vidstg/confirm/frame_drop_5/order2/8,vidstg,confirm,40,frame_drop_5,order2,47,45,36,42,37,0.7061847073770644,0.6470220028108797,0.7872674678635756,-0.059162704566184665,0.4269515693613492,0.43620558108267565
vidstg/confirm/frame_drop_5/order2/12,vidstg,confirm,37,frame_drop_5,order2,72,71,36,68,5,0.46852009060385175,0.1142914451689228,0.8684103986949034,-0.35422864543492893,0.21671422782457786,0.3046441431789157
vidstg/confirm/frame_freeze_5/order1/0,vidstg,confirm,38,frame_freeze_5,order1,252,252,234,246,221,0.0,0.028974962263311595,0.9453461662006349,0.028974962263311595,0.08479826467272938,0.10983078324245911
vidstg/confirm/frame_freeze_5/order1/4,vidstg,confirm,34,frame_freeze_5,order1,31,28,23,26,12,0.4082748828266883,0.22814707778857657,0.8562017666416134,-0.1801278050381117,0.43295661466139546,0.5240905313299652
vidstg/confirm/frame_freeze_5/order1/8,vidstg,confirm,36,frame_freeze_5,order1,74,73,49,71,56,0.0,0.4575159054571504,0.8245318475766683,0.4575159054571504,0.18191016313822564,0.277940991267674
vidstg/confirm/frame_freeze_5/order1/12,vidstg,confirm,41,frame_freeze_5,order1,34,31,26,28,30,0.7441444705855026,0.9669298416207194,1.0,0.22278537103521678,0.4908463527613447,0.522523477433329
vidstg/confirm/frame_freeze_5/order2/0,vidstg,confirm,45,frame_freeze_5,order2,191,190,189,182,143,0.07810320781032078,0.07878680358136199,0.9743555725685188,0.0006835957710412122,0.13853536242185593,0.13880361614899223
vidstg/confirm/frame_freeze_5/order2/4,vidstg,confirm,33,frame_freeze_5,order2,64,63,56,59,31,0.04842105263157895,0.04972268235841784,0.3546199369727882,0.0013016297268388932,0.3317141336108011,0.3330778931239444
vidstg/confirm/frame_freeze_5/order2/8,vidstg,confirm,40,frame_freeze_5,order2,47,45,36,42,37,0.7061847073770644,0.6470220028108797,0.7872674678635756,-0.059162704566184665,0.4269515693613492,0.43620558108267565
vidstg/confirm/frame_freeze_5/order2/12,vidstg,confirm,37,frame_freeze_5,order2,72,71,36,66,5,0.4686765195081592,0.11494822949438427,0.8685925334634829,-0.3537282900137749,0.21634623918912574,0.31539893958297127
vidstg/confirm/motion_blur_5/order1/0,vidstg,confirm,38,motion_blur_5,order1,252,252,234,246,221,0.0,0.03988303530347092,0.9941041978740088,0.03988303530347092,0.08497928252193733,0.10914697275566222
vidstg/confirm/motion_blur_5/order1/4,vidstg,confirm,34,motion_blur_5,order1,31,28,23,26,12,0.3820106173874506,0.23219145998430024,0.8593565963643769,-0.14981915740315038,0.4510151018737962,0.529629206780043
vidstg/confirm/motion_blur_5/order1/8,vidstg,confirm,36,motion_blur_5,order1,74,73,49,71,56,0.0,0.46663208152051616,0.7517673600831265,0.46663208152051616,0.18384785160857386,0.27450940196426227
vidstg/confirm/motion_blur_5/order1/12,vidstg,confirm,41,motion_blur_5,order1,34,31,26,28,30,0.741080990687073,0.9659803179111558,1.0,0.2248993272240828,0.49285730466827854,0.5241832392417186
vidstg/confirm/motion_blur_5/order2/0,vidstg,confirm,45,motion_blur_5,order2,191,190,189,182,143,0.07810320781032078,0.07902187962044514,0.9765540079346725,0.0009186718101243663,0.13902910042023361,0.139427371867363
vidstg/confirm/motion_blur_5/order2/4,vidstg,confirm,33,motion_blur_5,order2,64,63,56,59,31,0.04842105263157895,0.04972268235841784,0.3546199369727882,0.0013016297268388932,0.3317141336108011,0.3330778931239444
vidstg/confirm/motion_blur_5/order2/8,vidstg,confirm,40,motion_blur_5,order2,47,45,36,42,37,0.7061847073770644,0.6470220028108797,0.7872674678635756,-0.059162704566184665,0.4269515693613492,0.43620558108267565
vidstg/confirm/motion_blur_5/order2/12,vidstg,confirm,37,motion_blur_5,order2,72,71,36,66,5,0.4677923944995321,0.11494166817983685,0.8692047184210315,-0.3528507263196952,0.21683786594761406,0.309260533133943
vidstg/confirm/occlusion_5/order1/0,vidstg,confirm,38,occlusion_5,order1,252,252,234,246,190,0.0,0.034031028717239745,0.9500232479436611,0.034031028717239745,0.08509385717738008,0.10949012579072546
vidstg/confirm/occlusion_5/order1/4,vidstg,confirm,34,occlusion_5,order1,31,28,23,26,12,0.376082605632638,0.23246129962245812,0.8557972901452635,-0.1436213060101799,0.4480505977211944,0.5309692324111017
vidstg/confirm/occlusion_5/order1/8,vidstg,confirm,36,occlusion_5,order1,74,73,49,71,56,0.0,0.4652554093230663,0.8491530193035975,0.4652554093230663,0.1799255111800003,0.27734070896082463
vidstg/confirm/occlusion_5/order1/12,vidstg,confirm,41,occlusion_5,order1,34,31,26,28,30,0.7424089841031836,0.9659597936429476,1.0,0.22355080953976403,0.4915348993609603,0.5230383090939542
vidstg/confirm/occlusion_5/order2/0,vidstg,confirm,45,occlusion_5,order2,191,190,189,182,143,0.07810320781032078,0.07883181976899241,0.9722931262637887,0.0007286119586716322,0.13904516704351527,0.13931039679263135
vidstg/confirm/occlusion_5/order2/4,vidstg,confirm,33,occlusion_5,order2,64,63,56,59,31,0.04842105263157895,0.04972268235841784,0.3546199369727882,0.0013016297268388932,0.3317141336108011,0.3330778931239444
vidstg/confirm/occlusion_5/order2/8,vidstg,confirm,40,occlusion_5,order2,47,45,36,42,37,0.7061847073770644,0.6470220028108797,0.7872674678635756,-0.059162704566184665,0.4269515693613492,0.43620558108267565
vidstg/confirm/occlusion_5/order2/12,vidstg,confirm,37,occlusion_5,order2,72,71,36,66,5,0.4680306208420262,0.11469242845449834,0.8687676224314748,-0.35333819238752784,0.21676728709942125,0.3125495713893619
vidstg/confirm/exposure_5/order1/0,vidstg,confirm,38,exposure_5,order1,252,252,234,246,221,0.0,0.03127695357509838,0.9530397047856002,0.03127695357509838,0.08490861284330993,0.10974277324686742
vidstg/confirm/exposure_5/order1/4,vidstg,confirm,34,exposure_5,order1,31,28,23,26,12,0.37561349233904734,0.23037953353954843,0.8662362010938048,-0.1452339587994989,0.4488213062333922,0.5319023237667988
vidstg/confirm/exposure_5/order1/8,vidstg,confirm,36,exposure_5,order1,74,73,49,71,56,0.0,0.4589567174541689,0.8262704685017241,0.4589567174541689,0.1820301345700758,0.2786986455615202
vidstg/confirm/exposure_5/order1/12,vidstg,confirm,41,exposure_5,order1,34,31,26,28,30,0.7453869653616839,0.9672716146538615,1.0,0.22188464929217755,0.4909344243610715,0.5224335534653125
vidstg/confirm/exposure_5/order2/0,vidstg,confirm,45,exposure_5,order2,191,190,189,182,143,0.07810320781032078,0.07879551172416281,0.9748636220714876,0.000692303913842035,0.13875726363749322,0.13901255848255095
vidstg/confirm/exposure_5/order2/4,vidstg,confirm,33,exposure_5,order2,64,63,56,59,31,0.04842105263157895,0.04972268235841784,0.3546199369727882,0.0013016297268388932,0.3317141336108011,0.3330778931239444
vidstg/confirm/exposure_5/order2/8,vidstg,confirm,40,exposure_5,order2,47,45,36,42,37,0.7061847073770644,0.6470220028108797,0.7872674678635756,-0.059162704566184665,0.4269515693613492,0.43620558108267565
vidstg/confirm/exposure_5/order2/12,vidstg,confirm,37,exposure_5,order2,72,71,36,66,5,0.4687799271430227,0.11505783340914875,0.8686273234309336,-0.3537220937338739,0.21620773792098635,0.31625522616601726
hc2/search/clean/order1/0,hc2,search,2,clean,order1,81,79,60,78,59,0.7339803661075782,0.1941544885177453,0.8969145077148344,-0.5398258775898329,0.20465882471552127,0.2562508313790244
hc2/search/clean/order1/4,hc2,search,27,clean,order1,81,80,72,71,63,0.49360636720490414,0.5923023978988038,0.9272941466300718,0.09869603069389965,0.2707198341802945,0.27393457398513654
hc2/search/clean/order1/8,hc2,search,26,clean,order1,81,80,67,78,52,0.23730101095536393,0.2108586060114401,0.7610948827321242,-0.02644240494392383,0.20378060939299095,0.27087876576814124
hc2/search/clean/order1/12,hc2,search,14,clean,order1,81,79,55,77,53,0.4022927558308718,0.2265426880811496,0.9281402938275003,-0.1757500677497222,0.16150785814465182,0.23244963741892763
hc2/search/clean/order1/16,hc2,search,29,clean,order1,81,80,72,71,50,0.33445035549955665,0.3237030219129482,0.832060582397735,-0.010747333586608454,0.27388494519240003,0.2801374448582777
hc2/search/clean/order1/20,hc2,search,28,clean,order1,81,80,72,72,50,0.3332720693793577,0.3332720693793577,0.9325973368674865,0.0,0.27868090948999535,0.27868090948999535
hc2/search/clean/order1/24,hc2,search,1,clean,order1,81,80,62,75,60,0.7282641361389518,0.3029931433078445,0.8594318858829609,-0.4252709928311073,0.20940886363674682,0.2696175204236136
hc2/search/clean/order1/28,hc2,search,3,clean,order1,81,79,67,77,34,0.7842661273927369,0.17808280704104035,0.8505462997261135,-0.6061833203516966,0.19057187743526138,0.26270043124547104
hc2/search/clean/order2/0,hc2,search,16,clean,order2,81,80,71,78,70,0.5837178981183212,0.5540528439293525,0.9540585041046142,-0.029665054188968698,0.26037998440592647,0.2785192408870748
hc2/search/clean/order2/4,hc2,search,23,clean,order2,81,80,71,75,65,0.6043980191316893,0.5614694831048035,0.835842271418021,-0.042928536026885844,0.29814909732046235,0.3020787285514696
hc2/search/clean/order2/8,hc2,search,5,clean,order2,81,80,70,77,49,0.10605339249539446,0.23883601281390554,0.9134394165130881,0.13278262031851107,0.2345734453164444,0.2636929388919791
hc2/search/clean/order2/12,hc2,search,1,clean,order2,81,80,62,75,60,0.7282641361389518,0.3029931433078445,0.8594318858829609,-0.4252709928311073,0.20940886363674682,0.2696175204236136
hc2/search/clean/order2/16,hc2,search,20,clean,order2,81,79,66,77,69,0.0,0.4617838709930825,0.9437066915112701,0.4617838709930825,0.20417710408641182,0.2562872115485476
hc2/search/clean/order2/20,hc2,search,4,clean,order2,81,80,57,75,44,0.0,0.35141371902458823,0.7832071701152212,0.35141371902458823,0.12701708134072404,0.2798524997873467
hc2/search/clean/order2/24,hc2,search,29,clean,order2,81,80,72,71,50,0.33445035549955665,0.3237030219129482,0.832060582397735,-0.010747333586608454,0.27388494519240003,0.2801374448582777
hc2/search/clean/order2/28,hc2,search,8,clean,order2,81,80,67,77,74,0.0420744399551408,0.71694320288919,0.9706370618738587,0.6748687629340492,0.21865620296823723,0.27036485100057595
hc2/search/frame_drop_5/order1/0,hc2,search,2,frame_drop_5,order1,81,79,2,78,41,0.5900019595497533,0.1941544885177453,0.8770742757254169,-0.395847471032008,0.1264277032841921,0.2519406626767057
hc2/search/frame_drop_5/order1/4,hc2,search,27,frame_drop_5,order1,81,80,72,78,63,0.5089777381027547,0.4236835486700454,0.8797442528509325,-0.08529418943270933,0.2650319140440581,0.2678262600934592
hc2/search/frame_drop_5/order1/8,hc2,search,26,frame_drop_5,order1,81,80,67,78,52,0.2340286538450649,0.20958248743760186,0.8912751019250087,-0.024446166407463055,0.20587237331332017,0.26780433308529067
hc2/search/frame_drop_5/order1/12,hc2,search,14,frame_drop_5,order1,81,79,32,77,66,0.4171713044307332,0.2265426880811496,0.9390844088881763,-0.19062861634958359,0.11656791067929326,0.22136234922120032
hc2/search/frame_drop_5/order1/16,hc2,search,29,frame_drop_5,order1,81,80,72,77,50,0.3629415546204258,0.23804120326658126,0.8326457552377889,-0.12490035135384456,0.2741168193327886,0.276255667860963
hc2/search/frame_drop_5/order1/20,hc2,search,28,frame_drop_5,order1,81,80,72,72,50,0.3564848085337217,0.3564848085337217,0.9036841738537911,0.0,0.2749272122708374,0.2749272122708374
hc2/search/frame_drop_5/order1/24,hc2,search,1,frame_drop_5,order1,81,80,71,78,61,0.3207052977625518,0.3326332945146209,0.8489921399678321,0.011927996752069125,0.2575201682831879,0.26503503367043646
hc2/search/frame_drop_5/order1/28,hc2,search,3,frame_drop_5,order1,81,79,67,77,34,0.7847164474906584,0.17656013270053303,0.8472584691540949,-0.6081563147901253,0.1916924722144446,0.2632857675320181
hc2/search/frame_drop_5/order2/0,hc2,search,16,frame_drop_5,order2,81,80,71,78,74,0.634847677290463,0.5556969490700271,0.9642155093552223,-0.0791507282204359,0.2596035381958851,0.28016266869719536
hc2/search/frame_drop_5/order2/4,hc2,search,23,frame_drop_5,order2,81,80,72,78,64,0.7671472517470701,0.5453014491827052,0.8583361296601758,-0.22184580256436492,0.2711405001172224,0.27558930416381944
hc2/search/frame_drop_5/order2/8,hc2,search,5,frame_drop_5,order2,81,80,70,78,49,0.12062330456998202,0.24218745149048912,0.9000285627340182,0.1215641469205071,0.23581347756010676,0.2643107516127262
hc2/search/frame_drop_5/order2/12,hc2,search,1,frame_drop_5,order2,81,80,71,78,61,0.3207052977625518,0.3326332945146209,0.8489921399678321,0.011927996752069125,0.2575201682831879,0.26503503367043646
hc2/search/frame_drop_5/order2/16,hc2,search,20,frame_drop_5,order2,81,79,66,77,69,0.0,0.4617838709930825,0.9441105893714096,0.4617838709930825,0.2029463849186041,0.25669470765660835
hc2/search/frame_drop_5/order2/20,hc2,search,4,frame_drop_5,order2,81,80,57,77,44,0.0,0.32228873670825114,0.8038431974065384,0.32228873670825114,0.12825237514186932,0.2740296106943806
hc2/search/frame_drop_5/order2/24,hc2,search,29,frame_drop_5,order2,81,80,72,77,50,0.3629415546204258,0.23804120326658126,0.8326457552377889,-0.12490035135384456,0.2741168193327886,0.276255667860963
hc2/search/frame_drop_5/order2/28,hc2,search,8,frame_drop_5,order2,81,80,67,77,70,0.03905283702295969,0.7255429311357982,0.9459064667148424,0.6864900941128385,0.20909379913441137,0.27179428609010103
hc2/search/frame_freeze_5/order1/0,hc2,search,2,frame_freeze_5,order1,81,79,60,78,59,0.7610343445134814,0.1941544885177453,0.9708015843441612,-0.5668798559957361,0.197587960397893,0.25455899800413084
hc2/search/frame_freeze_5/order1/4,hc2,search,27,frame_freeze_5,order1,81,80,72,71,63,0.49422273627615726,0.5966380382808569,0.9219036717568675,0.10241530200469967,0.270477152015892,0.27360490531637977
hc2/search/frame_freeze_5/order1/8,hc2,search,26,frame_freeze_5,order1,81,80,67,78,52,0.19862599107252013,0.2105756169254779,0.7705796357336866,0.01194962585295778,0.1994151073637688,0.2697849085208764
hc2/search/frame_freeze_5/order1/12,hc2,search,14,frame_freeze_5,order1,81,79,55,77,53,0.39819275906968266,0.2265426880811496,0.8893672359150993,-0.17165007098853305,0.16332801245315037,0.23202455851030396
hc2/search/frame_freeze_5/order1/16,hc2,search,29,frame_freeze_5,order1,81,80,72,71,50,0.33640735956512885,0.32160586140245706,0.8338015812529394,-0.014801498162671789,0.27346364795739875,0.2802217345438468
hc2/search/frame_freeze_5/order1/20,hc2,search,28,frame_freeze_5,order1,81,80,72,72,50,0.33671682400131675,0.33671682400131675,0.927022685340558,0.0,0.27790265914714296,0.27790265914714296
hc2/search/frame_freeze_5/order1/24,hc2,search,1,frame_freeze_5,order1,81,80,71,75,61,0.32413311243575355,0.2814454474044367,0.8560376210985013,-0.042687665031316824,0.2567127633742156,0.26869919537630227
hc2/search/frame_freeze_5/order1/28,hc2,search,3,frame_freeze_5,order1,81,79,67,77,34,0.7844849624256707,0.17668798897187543,0.8475552262931034,-0.6077969734537952,0.19061932940648493,0.26219355994280025
hc2/search/frame_freeze_5/order2/0,hc2,search,16,frame_freeze_5,order2,81,80,71,78,70,0.5757508455626036,0.5545674510836213,0.9530455185816838,-0.02118339447898232,0.26076735630867287,0.2786128123917305
hc2/search/frame_freeze_5/order2/4,hc2,search,23,frame_freeze_5,order2,81,80,71,75,65,0.604839012758101,0.5616609151326952,0.8449501398707823,-0.04317809762540581,0.2978104026754475,0.30181198410525983
hc2/search/frame_freeze_5/order2/8,hc2,search,5,frame_freeze_5,order2,81,80,70,77,49,0.10689727652099637,0.23956934257235077,0.9128174507262211,0.1326720660513544,0.23473365484069184,0.26375317925935016
hc2/search/frame_freeze_5/order2/12,hc2,search,1,frame_freeze_5,order2,81,80,71,75,61,0.32413311243575355,0.2814454474044367,0.8560376210985013,-0.042687665031316824,0.2567127633742156,0.26869919537630227
hc2/search/frame_freeze_5/order2/16,hc2,search,20,frame_freeze_5,order2,81,79,66,77,69,0.0,0.4617838709930825,0.9442178780341388,0.4617838709930825,0.20395801623782472,0.256479150273144
hc2/search/frame_freeze_5/order2/20,hc2,search,4,frame_freeze_5,order2,81,80,57,77,44,0.0,0.3422777077751015,0.7851602951152212,0.3422777077751015,0.12732149995602413,0.27972682912265245
hc2/search/frame_freeze_5/order2/24,hc2,search,29,frame_freeze_5,order2,81,80,72,71,50,0.33640735956512885,0.32160586140245706,0.8338015812529394,-0.014801498162671789,0.27346364795739875,0.2802217345438468
hc2/search/frame_freeze_5/order2/28,hc2,search,8,frame_freeze_5,order2,81,80,67,77,74,0.04161835601391347,0.7177974173926764,0.9744797478814341,0.6761790613787629,0.21821018304168444,0.2702481447643359
hc2/search/motion_blur_5/order1/0,hc2,search,2,motion_blur_5,order1,81,79,40,78,60,0.6648079911393633,0.1941544885177453,0.906189132484401,-0.470653502621618,0.14318208641226512,0.25155481411171354
hc2/search/motion_blur_5/order1/4,hc2,search,27,motion_blur_5,order1,81,80,72,76,63,0.48709767157973183,0.5828818700808853,0.9183499120896862,0.0957841985011535,0.27184604875756097,0.27509845041686687
hc2/search/motion_blur_5/order1/8,hc2,search,26,motion_blur_5,order1,81,80,67,78,52,0.237195547039045,0.2101456177820398,0.8122714045536091,-0.027049929257005195,0.20690085596055088,0.26969649887915115
hc2/search/motion_blur_5/order1/12,hc2,search,14,motion_blur_5,order1,81,79,55,77,53,0.42637081078138256,0.2265426880811496,0.8950578201409373,-0.19982812270023295,0.15577172699332595,0.23020344622910976
hc2/search/motion_blur_5/order1/16,hc2,search,29,motion_blur_5,order1,81,80,72,71,50,0.33612561718913964,0.322334257490454,0.834802401476354,-0.013791359698685612,0.2742280609832942,0.28100333564984553
hc2/search/motion_blur_5/order1/20,hc2,search,28,motion_blur_5,order1,81,80,72,72,50,0.34132282431569677,0.34132282431569677,0.9212323987201014,0.0,0.277241645410918,0.277241645410918
hc2/search/motion_blur_5/order1/24,hc2,search,1,motion_blur_5,order1,81,80,71,75,61,0.30161813966628254,0.2464756966222613,0.8489478893181197,-0.055142443044021244,0.2569687217186403,0.26389712020152134
hc2/search/motion_blur_5/order1/28,hc2,search,3,motion_blur_5,order1,81,79,67,77,57,0.7826521678613109,0.17656013270053303,0.8469892801849651,-0.6060920351607778,0.18964097261690266,0.26165281058503226
hc2/search/motion_blur_5/order2/0,hc2,search,16,motion_blur_5,order2,81,80,71,78,70,0.6157087771835843,0.5551775311996078,0.9764183638299172,-0.06053124598397652,0.2609441020437083,0.2799171429928783
hc2/search/motion_blur_5/order2/4,hc2,search,23,motion_blur_5,order2,81,80,72,78,65,0.7280904691514343,0.5440956207773281,0.8175350584098922,-0.18399484837410618,0.28042062016996205,0.2920237342875948
hc2/search/motion_blur_5/order2/8,hc2,search,5,motion_blur_5,order2,81,80,70,77,49,0.11076133739354518,0.23983695051972892,0.9017983774831821,0.12907561312618374,0.2351095369465152,0.26430917456267455
hc2/search/motion_blur_5/order2/12,hc2,search,1,motion_blur_5,order2,81,80,71,75,61,0.30161813966628254,0.2464756966222613,0.8489478893181197,-0.055142443044021244,0.2569687217186403,0.26389712020152134
hc2/search/motion_blur_5/order2/16,hc2,search,20,motion_blur_5,order2,81,79,66,77,69,0.0,0.4617838709930825,0.9394310005177385,0.4617838709930825,0.202203300828636,0.2571820403658094
hc2/search/motion_blur_5/order2/20,hc2,search,4,motion_blur_5,order2,81,80,57,77,44,0.0,0.33349446480274647,0.7832759370739828,0.33349446480274647,0.12858454028856592,0.27623304171038565
hc2/search/motion_blur_5/order2/24,hc2,search,29,motion_blur_5,order2,81,80,72,71,50,0.33612561718913964,0.322334257490454,0.834802401476354,-0.013791359698685612,0.2742280609832942,0.28100333564984553
hc2/search/motion_blur_5/order2/28,hc2,search,8,motion_blur_5,order2,81,80,67,77,74,0.04086596529755792,0.7189482697218955,0.9639635391902646,0.6780823044243376,0.21419480672794725,0.2700845903204983
hc2/search/occlusion_5/order1/0,hc2,search,2,occlusion_5,order1,81,79,40,78,41,0.7056752803574177,0.1941544885177453,0.8808169450662714,-0.5115207918396724,0.1479173227547099,0.25275244216953785
hc2/search/occlusion_5/order1/4,hc2,search,27,occlusion_5,order1,81,80,72,71,63,0.4922093081489353,0.5952421601863034,0.9169544712189706,0.10303285203736806,0.27092380379345754,0.27430341266480296
hc2/search/occlusion_5/order1/8,hc2,search,26,occlusion_5,order1,81,80,67,78,52,0.25579631766767436,0.21010271179376802,0.8254199846638456,-0.045693605873906334,0.20842880808586414,0.2698034565471029
hc2/search/occlusion_5/order1/12,hc2,search,14,occlusion_5,order1,81,79,55,77,53,0.3967841226754885,0.2265426880811496,0.9153627888292232,-0.1702414345943389,0.15642369845334111,0.23143223258768003
hc2/search/occlusion_5/order1/16,hc2,search,29,occlusion_5,order1,81,80,72,71,50,0.3391529438186892,0.3190585577694688,0.8368536310051226,-0.020094386049220425,0.27303536767125036,0.279605376848865
hc2/search/occlusion_5/order1/20,hc2,search,28,occlusion_5,order1,81,80,72,72,50,0.33982905408713704,0.33982905408713704,0.9188965104091636,0.0,0.27868586123626493,0.27868586123626493
hc2/search/occlusion_5/order1/24,hc2,search,1,occlusion_5,order1,81,80,62,75,60,0.728247347960635,0.30486414899544795,0.8587009051256663,-0.423383198965187,0.20913110014900277,0.2691847171358968
hc2/search/occlusion_5/order1/28,hc2,search,3,occlusion_5,order1,81,79,67,77,34,0.7836131543358512,0.1787023118149786,0.8525117019127155,-0.6049108425208727,0.19075700107958432,0.26293241826595304
hc2/search/occlusion_5/order2/0,hc2,search,16,occlusion_5,order2,81,80,71,78,70,0.5863790021843919,0.554760065724607,0.9568454082195575,-0.03161893645978486,0.26050393833123525,0.2786717255825546
hc2/search/occlusion_5/order2/4,hc2,search,23,occlusion_5,order2,81,80,72,78,65,0.7095036271508339,0.5440229513434071,0.8177032884808153,-0.16548067580742687,0.2814729970061607,0.2943380037344434
hc2/search/occlusion_5/order2/8,hc2,search,5,occlusion_5,order2,81,80,70,77,49,0.10980414273047427,0.23981551777338292,0.9041066828496803,0.13001137504290866,0.23502360198877428,0.26435198561397766
hc2/search/occlusion_5/order2/12,hc2,search,1,occlusion_5,order2,81,80,62,75,60,0.728247347960635,0.30486414899544795,0.8587009051256663,-0.423383198965187,0.20913110014900277,0.2691847171358968
hc2/search/occlusion_5/order2/16,hc2,search,20,occlusion_5,order2,81,79,66,77,69,0.0,0.4617838709930825,0.9427635639745733,0.4617838709930825,0.2043817789485239,0.2560437543401881
hc2/search/occlusion_5/order2/20,hc2,search,4,occlusion_5,order2,81,80,57,77,44,0.0,0.3284997280798481,0.7823762317631868,0.3284997280798481,0.127923278935039,0.2770233039229047
hc2/search/occlusion_5/order2/24,hc2,search,29,occlusion_5,order2,81,80,72,71,50,0.3391529438186892,0.3190585577694688,0.8368536310051226,-0.020094386049220425,0.27303536767125036,0.279605376848865
hc2/search/occlusion_5/order2/28,hc2,search,8,occlusion_5,order2,81,80,67,77,74,0.04204931222254278,0.7171834657468695,0.970168174864225,0.6751341535243267,0.21849471985683389,0.2703414892481558
hc2/search/exposure_5/order1/0,hc2,search,2,exposure_5,order1,81,79,60,78,59,0.7411082461945779,0.1941544885177453,0.9070177917576591,-0.5469537576768326,0.20357240350223246,0.2559261783117541
hc2/search/exposure_5/order1/4,hc2,search,27,exposure_5,order1,81,80,72,71,63,0.4915755522290257,0.5936744852049693,0.9259436822706654,0.10209893297594363,0.27086073194570254,0.2739592536130019
hc2/search/exposure_5/order1/8,hc2,search,26,exposure_5,order1,81,80,67,78,52,0.2893928171785726,0.21141804550572127,0.7612743024688363,-0.07797477167285136,0.2109764033620833,0.2719701395744241
hc2/search/exposure_5/order1/12,hc2,search,14,exposure_5,order1,81,79,55,77,53,0.38332335271505014,0.2265426880811496,0.9180700574010395,-0.15678066463390053,0.15781767281769213,0.2313387684978403
hc2/search/exposure_5/order1/16,hc2,search,29,exposure_5,order1,81,80,72,71,50,0.33499416779400937,0.3229444061030372,0.8328615083972543,-0.01204976169097216,0.27377230929448215,0.28029597001199724
hc2/search/exposure_5/order1/20,hc2,search,28,exposure_5,order1,81,80,72,72,50,0.33262488095704895,0.33262488095704895,0.9327707160925434,0.0,0.2785590002446209,0.2785590002446209
hc2/search/exposure_5/order1/24,hc2,search,1,exposure_5,order1,81,80,71,75,60,0.3269563908089216,0.2812445398644045,0.8537042910453353,-0.045711850944517074,0.254832340247273,0.26761938402337726
hc2/search/exposure_5/order1/28,hc2,search,3,exposure_5,order1,81,79,67,77,34,0.7836855335123474,0.17891664782826608,0.8497293406519396,-0.6047688856840813,0.19061853079955132,0.2627437225225361
hc2/search/exposure_5/order2/0,hc2,search,16,exposure_5,order2,81,80,71,78,70,0.5855273402863748,0.5542548005017626,0.9557077884674072,-0.0312725397846122,0.26025328526141916,0.2784952446597317
hc2/search/exposure_5/order2/4,hc2,search,23,exposure_5,order2,81,80,71,75,65,0.6110287699394397,0.5631055954230684,0.8416423113037697,-0.04792317451637129,0.2975337048991035,0.30213565906579026
hc2/search/exposure_5/order2/8,hc2,search,5,exposure_5,order2,81,80,70,77,49,0.1053510405496623,0.2390969993421398,0.9243415025462455,0.1337459587924775,0.23358212931186823,0.2639208217745554
hc2/search/exposure_5/order2/12,hc2,search,1,exposure_5,order2,81,80,71,75,60,0.3269563908089216,0.2812445398644045,0.8537042910453353,-0.045711850944517074,0.254832340247273,0.26761938402337726
hc2/search/exposure_5/order2/16,hc2,search,20,exposure_5,order2,81,79,66,77,69,0.0,0.4617838709930825,0.94453731819887,0.4617838709930825,0.20363162489268735,0.25653642755344774
hc2/search/exposure_5/order2/20,hc2,search,4,exposure_5,order2,81,80,57,75,44,0.0,0.3523798163863579,0.7815990063968121,0.3523798163863579,0.1269429635732348,0.2799494473629133
hc2/search/exposure_5/order2/24,hc2,search,29,exposure_5,order2,81,80,72,71,50,0.33499416779400937,0.3229444061030372,0.8328615083972543,-0.01204976169097216,0.27377230929448215,0.28029597001199724
hc2/search/exposure_5/order2/28,hc2,search,8,exposure_5,order2,81,80,67,77,74,0.04201337795545601,0.7175261348468441,0.9810906511051356,0.6755127568913881,0.218290703150155,0.27014667664257175
hc2/confirm/clean/order1/0,hc2,confirm,33,clean,order1,81,80,72,77,65,0.8351758134138891,0.605669237384889,0.8883045414190155,-0.22950657602900015,0.2798177192780085,0.2897770453388179
hc2/confirm/clean/order1/4,hc2,confirm,47,clean,order1,81,79,64,77,61,0.0,0.29570370686399144,0.948766045912335,0.29570370686399144,0.21422296232639107,0.2436514511257631
hc2/confirm/clean/order1/8,hc2,confirm,42,clean,order1,81,80,67,77,52,0.27616699261385097,0.1984350647487976,0.8552152523130326,-0.07773192786505337,0.20762590238957218,0.2565286541649028
hc2/confirm/clean/order1/12,hc2,confirm,34,clean,order1,81,80,71,75,73,0.598227163292908,0.8271802244549029,0.9081328869108852,0.22895306116199488,0.26033938928026823,0.2677618112928074
hc2/confirm/clean/order2/0,hc2,confirm,43,clean,order2,81,79,67,77,60,0.0,0.2362931663092926,0.9340328659330096,0.2362931663092926,0.17219816676650257,0.244714171465314
hc2/confirm/clean/order2/4,hc2,confirm,34,clean,order2,81,80,71,75,73,0.598227163292908,0.8271802244549029,0.9081328869108852,0.22895306116199488,0.26033938928026823,0.2677618112928074
hc2/confirm/clean/order2/8,hc2,confirm,41,clean,order2,81,79,67,77,66,0.916389905489408,0.35106225858442613,0.934419191800631,-0.5653276469049819,0.22601166172263826,0.27348054666663246
hc2/confirm/clean/order2/12,hc2,confirm,44,clean,order2,81,80,72,77,71,0.6875788894034323,0.6800133205073087,0.9471346738353091,-0.007565568896123587,0.26982909221554463,0.2784471610112179
hc2/confirm/frame_drop_5/order1/0,hc2,confirm,33,frame_drop_5,order1,81,80,72,77,66,0.7882493956172503,0.5493093958309594,0.8783987590244838,-0.23893999978629088,0.2842488533118694,0.29209003117992605
hc2/confirm/frame_drop_5/order1/4,hc2,confirm,47,frame_drop_5,order1,81,79,64,77,44,0.0,0.29573209415124047,0.8076373281131137,0.29573209415124047,0.2129915346547496,0.2408308005308475
hc2/confirm/frame_drop_5/order1/8,hc2,confirm,42,frame_drop_5,order1,81,80,67,78,52,0.27196552369949323,0.20652376150165813,0.8622817520361038,-0.0654417621978351,0.20407022047586346,0.24998618636032782
hc2/confirm/frame_drop_5/order1/12,hc2,confirm,34,frame_drop_5,order1,81,80,63,78,72,0.33080190017952404,0.6183313234887942,0.9207571053230612,0.2875294233092701,0.21575623974134542,0.2585584767908954
hc2/confirm/frame_drop_5/order2/0,hc2,confirm,43,frame_drop_5,order2,81,80,67,78,41,0.0,0.23703227584029674,0.9541002341679165,0.23703227584029674,0.17087659396574317,0.24511151342399065
hc2/confirm/frame_drop_5/order2/4,hc2,confirm,34,frame_drop_5,order2,81,80,63,78,72,0.33080190017952404,0.6183313234887942,0.9207571053230612,0.2875294233092701,0.21575623974134542,0.2585584767908954
hc2/confirm/frame_drop_5/order2/8,hc2,confirm,41,frame_drop_5,order2,81,79,67,77,66,0.9174666771521935,0.35106225858442613,0.936892582820012,-0.5664044185677675,0.22483401004163256,0.2728819172564514
hc2/confirm/frame_drop_5/order2/12,hc2,confirm,44,frame_drop_5,order2,81,80,72,77,71,0.6883927323990889,0.6952122837792077,0.944007339477539,0.006819551380118805,0.2678330856217697,0.2778049356012485
hc2/confirm/frame_freeze_5/order1/0,hc2,confirm,33,frame_freeze_5,order1,81,80,72,77,65,0.8350737326692618,0.6054232489432358,0.8885632003760195,-0.22965048372602592,0.2798191195878419,0.28980033780257486
hc2/confirm/frame_freeze_5/order1/4,hc2,confirm,47,frame_freeze_5,order1,81,79,64,77,61,0.0,0.29570370686399144,0.9468293544079032,0.29570370686399144,0.21476785005098903,0.24360753456381873
hc2/confirm/frame_freeze_5/order1/8,hc2,confirm,42,frame_freeze_5,order1,81,80,67,77,52,0.2783176691630452,0.19892446492433521,0.8542837083469594,-0.07939320423870996,0.20791801373953658,0.2563634553644985
hc2/confirm/frame_freeze_5/order1/12,hc2,confirm,34,frame_freeze_5,order1,81,80,71,78,72,0.6285868342454514,0.6186701610834912,0.9323035318150297,-0.00991667316196021,0.2598492075650233,0.2667175013420871
hc2/confirm/frame_freeze_5/order2/0,hc2,confirm,43,frame_freeze_5,order2,81,80,67,77,60,0.0,0.2362931663092926,0.9251088925770351,0.2362931663092926,0.17128468348218542,0.24538435830069566
hc2/confirm/frame_freeze_5/order2/4,hc2,confirm,34,frame_freeze_5,order2,81,80,71,78,72,0.6285868342454514,0.6186701610834912,0.9323035318150297,-0.00991667316196021,0.2598492075650233,0.2667175013420871
hc2/confirm/frame_freeze_5/order2/8,hc2,confirm,41,frame_freeze_5,order2,81,79,67,77,66,0.9164048708402194,0.35106225858442613,0.9343958634596604,-0.5653426122557932,0.22597019851601777,0.2734394409423016
hc2/confirm/frame_freeze_5/order2/12,hc2,confirm,44,frame_freeze_5,order2,81,80,72,77,71,0.6914817995433479,0.6768523449176918,0.963566172047263,-0.014629454625656124,0.2703512652247635,0.27895322047908155
hc2/confirm/motion_blur_5/order1/0,hc2,confirm,33,motion_blur_5,order1,81,80,72,77,65,0.8696549333271407,0.5940796009713992,0.9322927264464382,-0.2755753323557415,0.278655262158764,0.28863404842435786
hc2/confirm/motion_blur_5/order1/4,hc2,confirm,47,motion_blur_5,order1,81,79,64,77,61,0.0,0.29570370686399144,0.893686360938105,0.29570370686399144,0.21526365739879577,0.2432571905626495
hc2/confirm/motion_blur_5/order1/8,hc2,confirm,42,motion_blur_5,order1,81,80,67,78,52,0.28960418909026586,0.20588565742101092,0.865202393859291,-0.08371853166925494,0.20843680842750759,0.2554840475899326
hc2/confirm/motion_blur_5/order1/12,hc2,confirm,34,motion_blur_5,order1,81,80,71,78,72,0.6765957967017934,0.6032507077612058,0.9315261360219709,-0.07334508894058756,0.25732975233619987,0.26290932309462434
hc2/confirm/motion_blur_5/order2/0,hc2,confirm,43,motion_blur_5,order2,81,79,67,77,60,0.0,0.2362931663092926,0.9332626854590911,0.2362931663092926,0.17180892024361027,0.24541916656506396
hc2/confirm/motion_blur_5/order2/4,hc2,confirm,34,motion_blur_5,order2,81,80,71,78,72,0.6765957967017934,0.6032507077612058,0.9315261360219709,-0.07334508894058756,0.25732975233619987,0.26290932309462434
hc2/confirm/motion_blur_5/order2/8,hc2,confirm,41,motion_blur_5,order2,81,79,67,77,66,0.919049336360051,0.35106225858442613,0.9385780921349158,-0.5679870777756248,0.22565395014911593,0.27398653683907537
hc2/confirm/motion_blur_5/order2/12,hc2,confirm,44,motion_blur_5,order2,81,80,72,77,71,0.6822173785262191,0.6793041391871923,0.9652795913294526,-0.002913239339026763,0.2693221569001344,0.27804852133542945
hc2/confirm/occlusion_5/order1/0,hc2,confirm,33,occlusion_5,order1,81,80,72,77,65,0.8373217866072294,0.6082998254225787,0.8877239321225536,-0.2290219611846508,0.2800431033367198,0.2897718867445759
hc2/confirm/occlusion_5/order1/4,hc2,confirm,47,occlusion_5,order1,81,79,64,77,61,0.0,0.29570370686399144,0.936466211558837,0.29570370686399144,0.2132040740672613,0.24361891782890027
hc2/confirm/occlusion_5/order1/8,hc2,confirm,42,occlusion_5,order1,81,80,67,78,52,0.2767388215048696,0.21250883669329987,0.853312671065622,-0.06422998481156975,0.20749525194518434,0.2560656198202438
hc2/confirm/occlusion_5/order1/12,hc2,confirm,34,occlusion_5,order1,81,80,71,78,72,0.6446825296306318,0.6223645142834596,0.9179991047783446,-0.02231801534717215,0.25986061421710194,0.26601380831334415
hc2/confirm/occlusion_5/order2/0,hc2,confirm,43,occlusion_5,order2,81,79,67,77,60,0.0,0.2362931663092926,0.938857981136867,0.2362931663092926,0.17220814192658224,0.24455960169881755
hc2/confirm/occlusion_5/order2/4,hc2,confirm,34,occlusion_5,order2,81,80,71,78,72,0.6446825296306318,0.6223645142834596,0.9179991047783446,-0.02231801534717215,0.25986061421710194,0.26601380831334415
hc2/confirm/occlusion_5/order2/8,hc2,confirm,41,occlusion_5,order2,81,79,67,77,66,0.9171340648944561,0.35106225858442613,0.935362302339994,-0.5660718063100301,0.22587381708631787,0.2733426497795678
hc2/confirm/occlusion_5/order2/12,hc2,confirm,44,occlusion_5,order2,81,80,72,77,71,0.7015752729765008,0.6797082174743136,0.9685210418701172,-0.02186705550218715,0.2686400765693178,0.27785039081976065
hc2/confirm/exposure_5/order1/0,hc2,confirm,33,exposure_5,order1,81,80,72,77,65,0.8353501336611291,0.6064512916529973,0.8872188939571349,-0.22889884200813182,0.28010711184632864,0.2898980537512246
hc2/confirm/exposure_5/order1/4,hc2,confirm,47,exposure_5,order1,81,79,64,77,61,0.0,0.29570370686399144,0.9674350490227365,0.29570370686399144,0.21476103603498137,0.2434401722273989
hc2/confirm/exposure_5/order1/8,hc2,confirm,42,exposure_5,order1,81,80,67,77,52,0.2773532622717696,0.1982231640720515,0.8547778798325569,-0.07913009819971809,0.20779030239627447,0.2565812440319362
hc2/confirm/exposure_5/order1/12,hc2,confirm,34,exposure_5,order1,81,80,71,78,72,0.6003561204648417,0.6112087673611111,0.9133798356528573,0.010852646896269413,0.2596494780287878,0.2671282342424215
hc2/confirm/exposure_5/order2/0,hc2,confirm,43,exposure_5,order2,81,79,67,77,60,0.0,0.2362931663092926,0.9315310035433088,0.2362931663092926,0.17208866040851314,0.24500668548182905
hc2/confirm/exposure_5/order2/4,hc2,confirm,34,exposure_5,order2,81,80,71,78,72,0.6003561204648417,0.6112087673611111,0.9133798356528573,0.010852646896269413,0.2596494780287878,0.2671282342424215
hc2/confirm/exposure_5/order2/8,hc2,confirm,41,exposure_5,order2,81,79,67,77,66,0.9166275904728816,0.35106225858442613,0.9346201970027044,-0.5655653318884555,0.22594691993289723,0.27344946412122073
hc2/confirm/exposure_5/order2/12,hc2,confirm,44,exposure_5,order2,81,80,72,77,71,0.6869116639048695,0.6824587344641003,0.943713902371019,-0.004452929440769138,0.2697123013094408,0.27814044496376206
