parent,order,condition,arrival,expert_scheduled,updated,Frozen_m_tIoU,Frozen_m_vIoU,Frozen_vIoU@0.3,Frozen_vIoU@0.5,Frozen_sIoU_dense_GT,Ours_m_tIoU,Ours_m_vIoU,Ours_vIoU@0.3,Ours_vIoU@0.5,Ours_sIoU_dense_GT,delta_m_tIoU,delta_m_vIoU,delta_sIoU_dense_GT,delta_vIoU@0.3,delta_vIoU@0.5
8,order1,clean,0,True,True,0.7858942065491183,0.08761806056923738,0.0,0.0,0.14957353617970084,0.8286445012787724,0.1001474215309333,0.0,0.0,0.14957353617970084,0.04275029472965408,0.01252936096169592,0.0,0.0,0.0
15,order1,clean,1,False,False,0.0,0.0,0.0,0.0,0.4771317599194635,0.0,0.0,0.0,0.0,0.3932834078424807,0.0,0.0,-0.08384835207698277,0.0,0.0
19,order1,clean,2,False,False,0.8607142857142858,0.5932428158635945,1.0,1.0,0.689244765318699,0.8607142857142858,0.6037029616735794,1.0,1.0,0.7013976318199262,0.0,0.010460145809984889,0.012152866501227155,0.0,0.0
27,order1,clean,3,False,False,0.0,0.0,0.0,0.0,0.2106413875779321,0.0,0.0,0.0,0.0,0.21691357633946579,0.0,0.0,0.006272188761533681,0.0,0.0
7,order1,clean,4,True,False,0.0,0.0,0.0,0.0,0.050113759624216776,0.0,0.0,0.0,0.0,0.04726411036610707,0.0,0.0,-0.002849649258109703,0.0,0.0
1,order1,clean,5,False,False,0.0,0.0,0.0,0.0,0.0,0.0,0.0,0.0,0.0,0.0,0.0,0.0,0.0,0.0,0.0
25,order1,clean,6,False,False,0.11174785100286533,0.08206885203495262,0.0,0.0,0.734411009235858,0.11174785100286533,0.08264818390402108,0.0,0.0,0.7395952867308554,0.0,0.0005793318690684585,0.005184277494997391,0.0,0.0
3,order1,clean,7,False,False,0.37888198757763975,0.21659745675929826,0.0,0.0,0.46100426190497706,0.37888198757763975,0.21453875900907826,0.0,0.0,0.476072957450284,0.0,-0.0020586977502199955,0.015068695545306932,0.0,0.0
4,order1,clean,8,True,True,0.5048543689320388,0.1967675542474313,0.0,0.0,0.4007390934177471,0.18543046357615894,0.04393208075573656,0.0,0.0,0.2827522723842056,-0.3194239053558799,-0.15283547349169474,-0.11798682103354152,0.0,0.0
6,order1,clean,9,False,False,0.5986842105263158,0.42037501636934477,1.0,0.0,0.7513039563331398,0.5986842105263158,0.41316018314363384,1.0,0.0,0.7319968268672251,0.0,-0.007214833225710926,-0.01930712946591473,0.0,0.0
20,order1,clean,10,False,False,0.4742268041237113,0.3055844091819411,1.0,0.0,0.6443845150140932,0.4742268041237113,0.2755075098712192,0.0,0.0,0.5809614882067013,0.0,-0.030076899310721883,-0.06342302680739187,-1.0,0.0
17,order1,clean,11,False,False,0.3951612903225806,0.024841392403310597,0.0,0.0,0.052124082629048635,0.3951612903225806,0.02154199693167796,0.0,0.0,0.04693808138747595,0.0,-0.003299395471632636,-0.005186001241572688,0.0,0.0
24,order1,clean,12,True,True,0.7376093294460642,0.0052478954572548805,0.0,0.0,0.005257226458285546,0.8775510204081632,0.0023713748699476585,0.0,0.0,0.0023713748699476585,0.13994169096209907,-0.002876520587307222,-0.0028858515883378876,0.0,0.0
2,order1,clean,13,False,False,0.919047619047619,0.00045486422907642924,0.0,0.0,0.00045486422907642924,0.919047619047619,0.2212761876268189,0.0,0.0,0.24445136146301438,0.0,0.22082132339774246,0.24399649723393796,0.0,0.0
0,order1,clean,14,False,False,0.144136078782453,0.02270908047380844,0.0,0.0,0.022790428500926413,0.144136078782453,0.028280626528539996,0.0,0.0,0.03230215716637346,0.0,0.005571546054731556,0.009511728665447049,0.0,0.0
9,order1,clean,15,False,False,0.32941176470588235,0.06643577011954642,0.0,0.0,0.20168001643433733,0.32941176470588235,0.05713819734752118,0.0,0.0,0.17345524194783216,0.0,-0.00929757277202524,-0.028224774486505178,0.0,0.0
26,order1,clean,16,True,True,0.6744904261890056,0.2542322229308492,0.0,0.0,0.34756008651544446,0.6670784434836319,0.23172983539716535,0.0,0.0,0.3283405390313262,-0.0074119827053736875,-0.022502387533683832,-0.01921954748411825,0.0,0.0
22,order1,clean,17,False,False,0.6785714285714286,0.5000172278274223,1.0,1.0,0.7368674936404119,0.6785714285714286,0.4911958441949408,1.0,0.0,0.7238675598662285,0.0,-0.008821383632481528,-0.012999933774183403,0.0,-1.0
5,order1,clean,18,False,False,0.6312056737588653,0.39842744525974244,1.0,0.0,0.633410438060328,0.6312056737588653,0.4079105955363054,1.0,0.0,0.6484428361120269,0.0,0.009483150276562935,0.01503239805169887,0.0,0.0
13,order1,clean,19,False,False,0.0319634703196347,0.025191986895068227,0.0,0.0,0.6621537854510572,0.0319634703196347,0.02548694364883007,0.0,0.0,0.6766115103106713,0.0,0.0002949567537618436,0.014457724859614163,0.0,0.0
18,order1,clean,20,True,True,0.0,0.0,0.0,0.0,0.04281797516185004,0.2616279069767442,0.003166360497850448,0.0,0.0,0.0121025334584506,0.2616279069767442,0.003166360497850448,-0.03071544170339944,0.0,0.0
10,order1,clean,21,False,False,0.8282208588957055,0.225737089665397,0.0,0.0,0.25413162496263364,0.8282208588957055,0.21747253065357136,0.0,0.0,0.24555393308527473,0.0,-0.008264559011825628,-0.008577691877358906,0.0,0.0
28,order1,clean,22,False,False,0.9043478260869565,0.6381963709270685,1.0,1.0,0.7056979101597392,0.9043478260869565,0.6378505433775217,1.0,1.0,0.705315504696298,0.0,-0.0003458275495468177,-0.0003824054634411489,0.0,0.0
31,order1,clean,23,False,False,0.9624664879356568,0.0,0.0,0.0,0.0,0.9624664879356568,0.0,0.0,0.0,0.0,0.0,0.0,0.0,0.0,0.0
23,order1,clean,24,True,True,0.0,0.0,0.0,0.0,0.2548496960788968,0.0,0.0,0.0,0.0,0.3826346989249296,0.0,0.0,0.12778500284603278,0.0,0.0
21,order1,clean,25,False,False,0.6597938144329897,0.30517181641197244,1.0,0.0,0.4625260342493957,0.6597938144329897,0.27347332351920917,0.0,0.0,0.4144830059588014,0.0,-0.031698492892763275,-0.048043028290594314,-1.0,0.0
11,order1,clean,26,False,False,0.84375,0.6310029625674677,1.0,1.0,0.7211462429342488,0.84375,0.6454857254024982,1.0,1.0,0.7376979718885693,0.0,0.014482762835030472,0.016551728954320555,0.0,0.0
12,order1,clean,27,False,False,0.3542319749216301,0.15899549556511655,0.0,0.0,0.44884569102010774,0.3542319749216301,0.14286621704219968,0.0,0.0,0.40331259501293537,0.0,-0.016129278522916873,-0.04553309600717237,0.0,0.0
29,order1,clean,28,True,True,0.0,0.0,0.0,0.0,0.0,0.0,0.0,0.0,0.0,0.0,0.0,0.0,0.0,0.0,0.0
16,order1,clean,29,False,False,0.10599078341013825,2.4075101248238386e-05,0.0,0.0,0.0002271433465594665,0.10599078341013825,0.00020989610509732556,0.0,0.0,0.001980324122005202,0.0,0.00018582100384908717,0.0017531807754457354,0.0,0.0
30,order1,clean,30,False,False,0.30414746543778803,0.08187536848155304,0.0,0.0,0.2671413278054354,0.30414746543778803,0.09393172183119483,0.0,0.0,0.3047965604885146,0.0,0.012056353349641794,0.03765523268307919,0.0,0.0
14,order1,clean,31,False,False,0.0,0.0,0.0,0.0,0.37776744386779837,0.0,0.0,0.0,0.0,0.3831304742474142,0.0,0.0,0.00536303037961583,0.0,0.0
1,order2,clean,0,True,True,0.0,0.0,0.0,0.0,0.0,0.0,0.0,0.0,0.0,0.0,0.0,0.0,0.0,0.0,0.0
18,order2,clean,1,False,False,0.0,0.0,0.0,0.0,0.04281797516185004,0.0,0.0,0.0,0.0,0.017922533482684924,0.0,0.0,-0.024895441679165117,0.0,0.0
20,order2,clean,2,False,False,0.4742268041237113,0.3055844091819411,1.0,0.0,0.6443845150140932,0.4742268041237113,0.33358928162364665,1.0,0.0,0.7034382677716028,0.0,0.028004872441705575,0.05905375275750957,0.0,0.0
22,order2,clean,3,False,False,0.6785714285714286,0.5000172278274223,1.0,1.0,0.7368674936404119,0.6785714285714286,0.47852045066740223,1.0,0.0,0.7051880325624875,0.0,-0.021496777160020075,-0.03167946107792441,0.0,-1.0
10,order2,clean,4,True,True,0.8282208588957055,0.225737089665397,0.0,0.0,0.25413162496263364,0.7988165680473372,0.22722415543424512,0.0,0.0,0.2653331489410843,-0.029404290848368264,0.0014870657688481337,0.011201523978450645,0.0,0.0
17,order2,clean,5,False,False,0.3951612903225806,0.024841392403310597,0.0,0.0,0.052124082629048635,0.3951612903225806,0.02587800792210276,0.0,0.0,0.0529930602096413,0.0,0.0010366155187921632,0.0008689775805926642,0.0,0.0
16,order2,clean,6,False,False,0.10599078341013825,2.4075101248238386e-05,0.0,0.0,0.0002271433465594665,0.10599078341013825,0.0,0.0,0.0,0.0,0.0,-2.4075101248238386e-05,-0.0002271433465594665,0.0,0.0
13,order2,clean,7,False,False,0.0319634703196347,0.025191986895068227,0.0,0.0,0.6621537854510572,0.0319634703196347,0.024822828340478085,0.0,0.0,0.6618043329681746,0.0,-0.00036915855459014255,-0.0003494524828825396,0.0,0.0
15,order2,clean,8,True,True,0.0,0.0,0.0,0.0,0.4771317599194635,0.009828009828009828,0.004719536888412011,0.0,0.0,0.4687982611768579,0.009828009828009828,0.004719536888412011,-0.008333498742605583,0.0,0.0
31,order2,clean,9,False,False,0.9624664879356568,0.0,0.0,0.0,0.0,0.9624664879356568,0.0,0.0,0.0,0.0,0.0,0.0,0.0,0.0,0.0
23,order2,clean,10,False,False,0.0,0.0,0.0,0.0,0.2548496960788968,0.0,0.0,0.0,0.0,0.0795832447300378,0.0,0.0,-0.175266451348859,0.0,0.0
28,order2,clean,11,False,False,0.9043478260869565,0.6381963709270685,1.0,1.0,0.7056979101597392,0.9043478260869565,0.6317663745576005,1.0,1.0,0.6985878180204236,0.0,-0.00642999636946795,-0.007110092139315571,0.0,0.0
30,order2,clean,12,True,True,0.30414746543778803,0.08187536848155304,0.0,0.0,0.2671413278054354,0.32195121951219513,0.11877165800364285,0.0,0.0,0.3580970272105149,0.017803754074407097,0.036896289522089815,0.09095569940507947,0.0,0.0
21,order2,clean,13,False,False,0.6597938144329897,0.30517181641197244,1.0,0.0,0.4625260342493957,0.6597938144329897,0.29851658100284095,0.0,0.0,0.45243919308243086,0.0,-0.006655235409131488,-0.010086841166964844,-1.0,0.0
4,order2,clean,14,False,False,0.5048543689320388,0.1967675542474313,0.0,0.0,0.4007390934177471,0.5048543689320388,0.22340663988281514,0.0,0.0,0.4433515166498512,0.0,0.026639085635383836,0.04261242323210407,0.0,0.0
26,order2,clean,15,False,False,0.6744904261890056,0.2542322229308492,0.0,0.0,0.34756008651544446,0.6744904261890056,0.25698507214954575,0.0,0.0,0.3514157480778845,0.0,0.0027528492186965625,0.003855661562440049,0.0,0.0
11,order2,clean,16,True,True,0.84375,0.6310029625674677,1.0,1.0,0.7211462429342488,0.7105263157894737,0.5598220701066163,1.0,1.0,0.7597585237161221,-0.13322368421052633,-0.07118089246085135,0.03861228078187329,0.0,0.0
14,order2,clean,17,False,False,0.0,0.0,0.0,0.0,0.37776744386779837,0.0,0.0,0.0,0.0,0.43802041610654996,0.0,0.0,0.06025297223875159,0.0,0.0
27,order2,clean,18,False,False,0.0,0.0,0.0,0.0,0.2106413875779321,0.0,0.0,0.0,0.0,0.24713285476641694,0.0,0.0,0.03649146718848484,0.0,0.0
0,order2,clean,19,False,False,0.144136078782453,0.02270908047380844,0.0,0.0,0.022790428500926413,0.144136078782453,0.015580265065430816,0.0,0.0,0.015580265065430816,0.0,-0.0071288154083776235,-0.0072101634354955965,0.0,0.0
19,order2,clean,20,True,True,0.8607142857142858,0.5932428158635945,1.0,1.0,0.689244765318699,0.7927631578947368,0.5603817852051987,1.0,1.0,0.7068716294704581,-0.06795112781954893,-0.03286103065839585,0.01762686415175907,0.0,0.0
12,order2,clean,21,False,False,0.3542319749216301,0.15899549556511655,0.0,0.0,0.44884569102010774,0.3542319749216301,0.09453574844947103,0.0,0.0,0.26687525447240057,0.0,-0.06445974711564552,-0.18197043654770717,0.0,0.0
8,order2,clean,22,False,False,0.7858942065491183,0.08761806056923738,0.0,0.0,0.14957353617970084,0.7858942065491183,0.09663523331623312,0.0,0.0,0.1323133610178521,0.0,0.009017172746995747,-0.017260175161848745,0.0,0.0
24,order2,clean,23,False,False,0.7376093294460642,0.0052478954572548805,0.0,0.0,0.005257226458285546,0.7376093294460642,0.012139931436950331,0.0,0.0,0.012398778292425248,0.0,0.006892035979695451,0.007141551834139702,0.0,0.0
3,order2,clean,24,True,True,0.37888198757763975,0.21659745675929826,0.0,0.0,0.46100426190497706,0.37888198757763975,0.23561076416105015,0.0,0.0,0.52508359604409,0.0,0.01901330740175189,0.06407933413911299,0.0,0.0
5,order2,clean,25,False,False,0.6312056737588653,0.39842744525974244,1.0,0.0,0.633410438060328,0.6312056737588653,0.4112031516461496,1.0,0.0,0.6533817478983439,0.0,0.012775706386407182,0.01997130983801587,0.0,0.0
2,order2,clean,26,False,False,0.919047619047619,0.00045486422907642924,0.0,0.0,0.00045486422907642924,0.919047619047619,0.36461817002939106,1.0,0.0,0.39859181309161873,0.0,0.36416330580031464,0.3981369488625423,1.0,0.0
7,order2,clean,27,False,False,0.0,0.0,0.0,0.0,0.050113759624216776,0.0,0.0,0.0,0.0,0.0,0.0,0.0,-0.050113759624216776,0.0,0.0
6,order2,clean,28,True,True,0.5986842105263158,0.42037501636934477,1.0,0.0,0.7513039563331398,0.9733333333333334,0.7628667320885085,1.0,1.0,0.7837671905018923,0.37464912280701756,0.34249171571916376,0.03246323416875241,0.0,1.0
9,order2,clean,29,False,False,0.32941176470588235,0.06643577011954642,0.0,0.0,0.20168001643433733,0.32941176470588235,0.0708457029172725,0.0,0.0,0.2150673124274344,0.0,0.004409932797726085,0.01338729599309707,0.0,0.0
25,order2,clean,30,False,False,0.11174785100286533,0.08206885203495262,0.0,0.0,0.734411009235858,0.11174785100286533,0.08394727526201932,0.0,0.0,0.7512204888831986,0.0,0.0018784232270667028,0.016809479647340586,0.0,0.0
29,order2,clean,31,False,False,0.0,0.0,0.0,0.0,0.0,0.0,0.0,0.0,0.0,0.0,0.0,0.0,0.0,0.0,0.0
8,order1,frame_drop_5,0,True,True,0.8161209068010076,0.09946066249002632,0.0,0.0,0.14001421581092033,0.8463476070528967,0.10744998081102573,0.0,0.0,0.14001421581092033,0.030226700251889116,0.007989318320999417,0.0,0.0,0.0
15,order1,frame_drop_5,1,False,False,0.0,0.0,0.0,0.0,0.4771317599194635,0.0,0.0,0.0,0.0,0.39525828923526996,0.0,0.0,-0.08187347068419354,0.0,0.0
19,order1,frame_drop_5,2,False,False,0.2648221343873518,0.17283229776342834,0.0,0.0,0.6893917357962284,0.2648221343873518,0.17313466094968985,0.0,0.0,0.7016676101666147,0.0,0.00030236318626150616,0.012275874370386353,0.0,0.0
27,order1,frame_drop_5,3,False,False,0.5619834710743802,0.14932835333974526,0.0,0.0,0.21423205254462252,0.5619834710743802,0.1420680227511465,0.0,0.0,0.2059558434341441,0.0,-0.007260330588598762,-0.00827620911047841,0.0,0.0
7,order1,frame_drop_5,4,True,False,0.0,0.0,0.0,0.0,0.04898804486751303,0.0,0.0,0.0,0.0,0.04736761843789124,0.0,0.0,-0.0016204264296217907,0.0,0.0
1,order1,frame_drop_5,5,False,False,0.0,0.0,0.0,0.0,0.0,0.0,0.0,0.0,0.0,0.0,0.0,0.0,0.0,0.0,0.0
25,order1,frame_drop_5,6,False,False,0.42857142857142855,0.31480142147413426,1.0,0.0,0.7345366501063132,0.42857142857142855,0.31688628289005405,1.0,0.0,0.7394013267434594,0.0,0.002084861415919792,0.004864676637146181,0.0,0.0
3,order1,frame_drop_5,7,False,False,0.00641025641025641,0.0042715769373326785,0.0,0.0,0.4340171647466129,0.00641025641025641,0.0036674150733675167,0.0,0.0,0.43944295012649975,0.0,-0.0006041618639651618,0.0054257853798868605,0.0,0.0
4,order1,frame_drop_5,8,True,True,0.5048543689320388,0.19365906682638784,0.0,0.0,0.3961043988653899,0.2251655629139073,0.06993598794399544,0.0,0.0,0.30850940468956517,-0.2796888060181315,-0.1237230788823924,-0.08759499417582473,0.0,0.0
6,order1,frame_drop_5,9,False,False,0.5986842105263158,0.42014400086074377,1.0,0.0,0.7510291388880092,0.5986842105263158,0.4101878073673288,1.0,0.0,0.7270376954816199,0.0,-0.009956193493414978,-0.023991443406389257,0.0,0.0
20,order1,frame_drop_5,10,False,False,0.4742268041237113,0.3055844091819411,1.0,0.0,0.6443845150140932,0.4742268041237113,0.2740376424060426,0.0,0.0,0.5778619850736116,0.0,-0.03154676677589846,-0.06652252994048158,-1.0,0.0
17,order1,frame_drop_5,11,False,False,0.25,0.04718653008165567,0.0,0.0,0.14697974018673768,0.25,0.03929605367754145,0.0,0.0,0.13755709450618134,0.0,-0.007890476404114222,-0.00942264568055634,0.0,0.0
24,order1,frame_drop_5,12,True,True,0.3177842565597668,0.0024309802229784106,0.0,0.0,0.0024407249400188054,0.7376093294460642,0.00045242274033716127,0.0,0.0,0.00045242274033716127,0.4198250728862974,-0.001978557482641249,-0.001988302199681644,0.0,0.0
2,order1,frame_drop_5,13,False,False,0.46190476190476193,7.0729965395442484e-06,0.0,0.0,0.0005566787117429856,0.46190476190476193,0.1168758965419585,0.0,0.0,0.2494618596287945,0.0,0.11686882354541896,0.24890518091705152,0.0,0.0
0,order1,frame_drop_5,14,False,False,0.144136078782453,0.02270908047380844,0.0,0.0,0.022790428500926413,0.144136078782453,0.028192398803033047,0.0,0.0,0.032208414191178925,0.0,0.005483318329224607,0.009417985690252512,0.0,0.0
9,order1,frame_drop_5,15,False,False,0.390625,0.06359420096856072,0.0,0.0,0.19488249063797497,0.390625,0.05491135003453181,0.0,0.0,0.17332141265471537,0.0,-0.008682850934028909,-0.021561077983259597,0.0,0.0
26,order1,frame_drop_5,16,True,True,0.6744904261890056,0.2542308727065672,0.0,0.0,0.3460594331002488,0.8486720197652872,0.25894819276745906,0.0,0.0,0.32144283776347987,0.1741815935762816,0.004717320060891872,-0.02461659533676891,0.0,0.0
22,order1,frame_drop_5,17,False,False,0.6785714285714286,0.5000598906028615,1.0,1.0,0.7369303650989538,0.6785714285714286,0.48973028101372573,1.0,0.0,0.7217077825465431,0.0,-0.010329609589135758,-0.015222582552410713,0.0,-1.0
5,order1,frame_drop_5,18,False,False,0.6312056737588653,0.39842744525974244,1.0,0.0,0.633410438060328,0.6312056737588653,0.40758392919153,1.0,0.0,0.6478824634901015,0.0,0.009156483931787585,0.014472025429773439,0.0,0.0
13,order1,frame_drop_5,19,False,False,0.05448717948717949,0.03271640018409305,0.0,0.0,0.6004421680845313,0.05448717948717949,0.03282016565570472,0.0,0.0,0.602346569681169,0.0,0.0001037654716116651,0.0019044015966376282,0.0,0.0
18,order1,frame_drop_5,20,True,True,0.0,0.0,0.0,0.0,0.04396916754586041,0.2616279069767442,0.004440251067363468,0.0,0.0,0.016971626301922588,0.2616279069767442,0.004440251067363468,-0.02699754124393782,0.0,0.0
10,order1,frame_drop_5,21,False,False,0.7914110429447853,0.22558703205257236,0.0,0.0,0.2610815734878247,0.7914110429447853,0.2140381462157634,0.0,0.0,0.2488896826547791,0.0,-0.011548885836808964,-0.012191890833045588,0.0,0.0
28,order1,frame_drop_5,22,False,False,0.8521739130434782,0.5984707954490613,1.0,1.0,0.6999137236170188,0.8521739130434782,0.6021412973375169,1.0,1.0,0.7045736344561819,0.0,0.003670501888455524,0.004659910839163173,0.0,0.0
31,order1,frame_drop_5,23,False,False,0.8921832884097035,0.0,0.0,0.0,0.0,0.8921832884097035,0.0,0.0,0.0,0.0,0.0,0.0,0.0,0.0,0.0
23,order1,frame_drop_5,24,True,True,0.0,0.0,0.0,0.0,0.2548496960788968,0.0,0.0,0.0,0.0,0.2515201172580932,0.0,0.0,-0.0033295788208035915,0.0,0.0
21,order1,frame_drop_5,25,False,False,0.810126582278481,0.3733925292259039,1.0,0.0,0.46090640326322513,0.810126582278481,0.34064017496678806,1.0,0.0,0.420477715974629,0.0,-0.03275235425911582,-0.04042868728859611,0.0,0.0
11,order1,frame_drop_5,26,False,False,0.84375,0.6310749505358236,1.0,1.0,0.7212285148980841,0.84375,0.6478138063089653,1.0,1.0,0.7403586357816747,0.0,0.016738855773141714,0.019130120883590562,0.0,0.0
12,order1,frame_drop_5,27,False,False,0.7593984962406015,0.3712854431718686,1.0,0.0,0.47893484225380134,0.7593984962406015,0.33124395948285845,1.0,0.0,0.4214238418068029,0.0,-0.04004148368901017,-0.05751100044699842,0.0,0.0
29,order1,frame_drop_5,28,True,True,0.0,0.0,0.0,0.0,0.0,0.0,0.0,0.0,0.0,0.0,0.0,0.0,0.0,0.0,0.0
16,order1,frame_drop_5,29,False,False,0.10043668122270742,2.1907470495945656e-05,0.0,0.0,0.00021812220624224153,0.10043668122270742,0.00010572662597707021,0.0,0.0,0.001052669449945612,0.0,8.381915548112456e-05,0.0008345472437033705,0.0,0.0
30,order1,frame_drop_5,30,False,False,0.22748815165876776,0.062196832673326034,0.0,0.0,0.275215571524873,0.22748815165876776,0.1216135087310588,0.0,0.0,0.44889319558950064,0.0,0.05941667605773277,0.1736776240646276,0.0,0.0
14,order1,frame_drop_5,31,False,False,0.0,0.0,0.0,0.0,0.37821761494460054,0.0,0.0,0.0,0.0,0.46320572680317,0.0,0.0,0.08498811185856947,0.0,0.0
1,order2,frame_drop_5,0,True,True,0.0,0.0,0.0,0.0,0.0,0.0,0.0,0.0,0.0,0.0,0.0,0.0,0.0,0.0,0.0
18,order2,frame_drop_5,1,False,False,0.0,0.0,0.0,0.0,0.04396916754586041,0.0,0.0,0.0,0.0,0.016403966674456393,0.0,0.0,-0.027565200871404016,0.0,0.0
20,order2,frame_drop_5,2,False,False,0.4742268041237113,0.3055844091819411,1.0,0.0,0.6443845150140932,0.4742268041237113,0.3343136093579033,1.0,0.0,0.7049656545155787,0.0,0.0287292001759622,0.06058113950148547,0.0,0.0
22,order2,frame_drop_5,3,False,False,0.6785714285714286,0.5000598906028615,1.0,1.0,0.7369303650989538,0.6785714285714286,0.4769628543899838,1.0,0.0,0.7028926275220814,0.0,-0.023097036212877675,-0.03403773757687245,0.0,-1.0
10,order2,frame_drop_5,4,True,True,0.7914110429447853,0.22558703205257236,0.0,0.0,0.2610815734878247,0.7633136094674556,0.22750097958391322,0.0,0.0,0.2731511727607885,-0.028097433477329625,0.0019139475313408594,0.012069599272963805,0.0,0.0
17,order2,frame_drop_5,5,False,False,0.25,0.04718653008165567,0.0,0.0,0.14697974018673768,0.25,0.037680806582532846,0.0,0.0,0.1618177223543668,0.0,-0.009505723499122827,0.014837982167629132,0.0,0.0
16,order2,frame_drop_5,6,False,False,0.10043668122270742,2.1907470495945656e-05,0.0,0.0,0.00021812220624224153,0.10043668122270742,5.589686836972798e-05,0.0,0.0,0.000556538385072509,0.0,3.3989397873782324e-05,0.00033841617883026746,0.0,0.0
13,order2,frame_drop_5,7,False,False,0.05448717948717949,0.03271640018409305,0.0,0.0,0.6004421680845313,0.05448717948717949,0.032984668881502276,0.0,0.0,0.6053656877075713,0.0,0.0002682686974092227,0.00492351962303994,0.0,0.0
15,order2,frame_drop_5,8,True,True,0.0,0.0,0.0,0.0,0.4771317599194635,0.009828009828009828,0.004644652676670573,0.0,0.0,0.46173098420680425,0.009828009828009828,0.004644652676670573,-0.015400775712659243,0.0,0.0
31,order2,frame_drop_5,9,False,False,0.8921832884097035,0.0,0.0,0.0,0.0,0.8921832884097035,0.0,0.0,0.0,0.0,0.0,0.0,0.0,0.0,0.0
23,order2,frame_drop_5,10,False,False,0.0,0.0,0.0,0.0,0.2548496960788968,0.0,0.0,0.0,0.0,0.07896064822882173,0.0,0.0,-0.17588904785007506,0.0,0.0
28,order2,frame_drop_5,11,False,False,0.8521739130434782,0.5984707954490613,1.0,1.0,0.6999137236170188,0.8521739130434782,0.5871620857813443,1.0,1.0,0.6848849691094838,0.0,-0.01130870966771702,-0.015028754507534936,0.0,0.0
30,order2,frame_drop_5,12,True,True,0.22748815165876776,0.062196832673326034,0.0,0.0,0.275215571524873,0.3127962085308057,0.121942539076595,0.0,0.0,0.37835537535152886,0.08530805687203794,0.05974570640326896,0.10313980382665583,0.0,0.0
21,order2,frame_drop_5,13,False,False,0.810126582278481,0.3733925292259039,1.0,0.0,0.46090640326322513,0.810126582278481,0.3455393254529382,1.0,0.0,0.4265251048559706,0.0,-0.027853203772965685,-0.03438129840725451,0.0,0.0
4,order2,frame_drop_5,14,False,False,0.5048543689320388,0.19365906682638784,0.0,0.0,0.3961043988653899,0.5048543689320388,0.207580622991597,0.0,0.0,0.42045288775268497,0.0,0.013921556165209154,0.024348488887295072,0.0,0.0
26,order2,frame_drop_5,15,False,False,0.6744904261890056,0.2542308727065672,0.0,0.0,0.3460594331002488,0.6744904261890056,0.27070085516310666,0.0,0.0,0.3730070236791041,0.0,0.016469982456539467,0.02694759057885532,0.0,0.0
11,order2,frame_drop_5,16,True,True,0.84375,0.6310749505358236,1.0,1.0,0.7212285148980841,0.7105263157894737,0.562576455176426,1.0,1.0,0.7634966177394352,-0.13322368421052633,-0.06849849535939767,0.042268102841351074,0.0,0.0
14,order2,frame_drop_5,17,False,False,0.0,0.0,0.0,0.0,0.37821761494460054,0.0,0.0,0.0,0.0,0.35086067780353586,0.0,0.0,-0.027356937141064686,0.0,0.0
27,order2,frame_drop_5,18,False,False,0.5619834710743802,0.14932835333974526,0.0,0.0,0.21423205254462252,0.5619834710743802,0.13590869935939173,0.0,0.0,0.19673414639613895,0.0,-0.013419653980353524,-0.017497906148483566,0.0,0.0
0,order2,frame_drop_5,19,False,False,0.144136078782453,0.02270908047380844,0.0,0.0,0.022790428500926413,0.144136078782453,0.0371655275900947,0.0,0.0,0.04712213389754438,0.0,0.01445644711628626,0.02433170539661797,0.0,0.0
19,order2,frame_drop_5,20,True,True,0.2648221343873518,0.17283229776342834,0.0,0.0,0.6893917357962284,0.94140625,0.6489130110968508,1.0,1.0,0.6893017877211361,0.6765841156126482,0.4760807133334225,-8.994807509221658e-05,1.0,1.0
12,order2,frame_drop_5,21,False,False,0.7593984962406015,0.3712854431718686,1.0,0.0,0.47893484225380134,0.7593984962406015,0.38617398947780535,1.0,0.0,0.5031572436737796,0.0,0.014888546305936723,0.024222401419978223,0.0,0.0
8,order2,frame_drop_5,22,False,False,0.8161209068010076,0.09946066249002632,0.0,0.0,0.14001421581092033,0.8161209068010076,0.10030827081583293,0.0,0.0,0.12968312708811916,0.0,0.0008476083258066175,-0.010331088722801168,0.0,0.0
24,order2,frame_drop_5,23,False,False,0.3177842565597668,0.0024309802229784106,0.0,0.0,0.0024407249400188054,0.3177842565597668,0.0021053559032147154,0.0,0.0,0.0046310041637203985,0.0,-0.0003256243197636952,0.002190279223701593,0.0,0.0
3,order2,frame_drop_5,24,True,True,0.00641025641025641,0.0042715769373326785,0.0,0.0,0.4340171647466129,0.1346153846153846,0.07537798300299704,0.0,0.0,0.4550899404516034,0.1282051282051282,0.07110640606566436,0.0210727757049905,0.0,0.0
5,order2,frame_drop_5,25,False,False,0.6312056737588653,0.39842744525974244,1.0,0.0,0.633410438060328,0.6312056737588653,0.40706101239738135,1.0,0.0,0.6468266447593034,0.0,0.008633567137638909,0.013416206698975364,0.0,0.0
2,order2,frame_drop_5,26,False,False,0.46190476190476193,7.0729965395442484e-06,0.0,0.0,0.0005566787117429856,0.46190476190476193,0.172185428342462,0.0,0.0,0.37069924072394156,0.0,0.17217835534592246,0.3701425620121986,0.0,0.0
7,order2,frame_drop_5,27,False,False,0.0,0.0,0.0,0.0,0.04898804486751303,0.0,0.0,0.0,0.0,0.0471409179870764,0.0,0.0,-0.0018471268804366309,0.0,0.0
6,order2,frame_drop_5,28,True,True,0.5986842105263158,0.42014400086074377,1.0,0.0,0.7510291388880092,0.9733333333333334,0.7432509612112284,1.0,1.0,0.7636140012444126,0.37464912280701756,0.3231069603504846,0.012584862356403437,0.0,1.0
9,order2,frame_drop_5,29,False,False,0.390625,0.06359420096856072,0.0,0.0,0.19488249063797497,0.390625,0.07366233883115238,0.0,0.0,0.2212188164186935,0.0,0.010068137862591656,0.02633632578071854,0.0,0.0
25,order2,frame_drop_5,30,False,False,0.42857142857142855,0.31480142147413426,1.0,0.0,0.7345366501063132,0.42857142857142855,0.3161497016424036,1.0,0.0,0.7376826371656083,0.0,0.0013482801682693224,0.003145987059295141,0.0,0.0
29,order2,frame_drop_5,31,False,False,0.0,0.0,0.0,0.0,0.0,0.0,0.0,0.0,0.0,0.0,0.0,0.0,0.0,0.0,0.0
8,order1,frame_freeze_5,0,True,True,0.6794871794871795,0.07696162394492956,0.0,0.0,0.1468301997628782,0.7871794871794872,0.08226162334090964,0.0,0.0,0.1468301997628782,0.10769230769230764,0.005299999395980082,0.0,0.0,0.0
15,order1,frame_freeze_5,1,False,False,0.0,0.0,0.0,0.0,0.4771317599194635,0.0,0.0,0.0,0.0,0.39271670450784946,0.0,0.0,-0.08441505541161404,0.0,0.0
19,order1,frame_freeze_5,2,False,False,0.8087248322147651,0.5574165605032827,1.0,1.0,0.6892536723235612,0.8087248322147651,0.5672160709193856,1.0,1.0,0.7013709092696138,0.0,0.009799510416102941,0.0121172369460526,0.0,0.0
27,order1,frame_freeze_5,3,False,False,0.35883905013192613,0.08730624116447107,0.0,0.0,0.19672355647695638,0.35883905013192613,0.08920265874085513,0.0,0.0,0.2025845828126651,0.0,0.001896417576384063,0.005861026335708702,0.0,0.0
7,order1,frame_freeze_5,4,True,False,0.0,0.0,0.0,0.0,0.05036806143418488,0.0,0.0,0.0,0.0,0.04732422274056624,0.0,0.0,-0.003043838693618642,0.0,0.0
1,order1,frame_freeze_5,5,False,False,0.0,0.0,0.0,0.0,0.0,0.0,0.0,0.0,0.0,0.0,0.0,0.0,0.0,0.0,0.0
25,order1,frame_freeze_5,6,False,False,0.11174785100286533,0.08207678018979545,0.0,0.0,0.7344819560574002,0.11174785100286533,0.08266045102972384,0.0,0.0,0.7397050617788108,0.0,0.0005836708399283991,0.005223105721410604,0.0,0.0
3,order1,frame_freeze_5,7,False,False,0.19254658385093168,0.11046722574529659,0.0,0.0,0.42385478571673013,0.19254658385093168,0.1024233862224613,0.0,0.0,0.45819241967650864,0.0,-0.008043839522835286,0.03433763395977851,0.0,0.0
4,order1,frame_freeze_5,8,True,True,0.5048543689320388,0.19371974360187655,0.0,0.0,0.39627831466872593,0.2251655629139073,0.05505434416166053,0.0,0.0,0.27723571291420046,-0.2796888060181315,-0.13866539944021603,-0.11904260175452547,0.0,0.0
6,order1,frame_freeze_5,9,False,False,0.5986842105263158,0.42007448465080016,1.0,0.0,0.7509601481178526,0.5986842105263158,0.4123710897941888,1.0,0.0,0.7313942407727853,0.0,-0.0077033948566113675,-0.019565907345067357,0.0,0.0
20,order1,frame_freeze_5,10,False,False,0.4742268041237113,0.3055844091819411,1.0,0.0,0.6443845150140932,0.4742268041237113,0.2765554232716801,0.0,0.0,0.583171218638108,0.0,-0.029028985910260985,-0.06121329637598527,-1.0,0.0
17,order1,frame_freeze_5,11,False,False,0.3951612903225806,0.22184187061320274,0.0,0.0,0.5846714225067351,0.3951612903225806,0.2105815493556475,0.0,0.0,0.5757950867693912,0.0,-0.011260321257555245,-0.008876335737343921,0.0,0.0
24,order1,frame_freeze_5,12,True,True,0.7376093294460642,0.002350305665093919,0.0,0.0,0.0023596366195190966,0.8775510204081632,0.0005336095551468768,0.0,0.0,0.0005336095551468768,0.13994169096209907,-0.0018166961099470424,-0.0018260270643722198,0.0,0.0
2,order1,frame_freeze_5,13,False,False,0.919047619047619,0.0005778335174805237,0.0,0.0,0.0005778335174805237,0.919047619047619,0.23437304047007548,0.0,0.0,0.2590095552675159,0.0,0.23379520695259495,0.25843172175003537,0.0,0.0
0,order1,frame_freeze_5,14,False,False,0.144136078782453,0.02270908047380844,0.0,0.0,0.022790428500926413,0.144136078782453,0.027891647521038856,0.0,0.0,0.03052413438217309,0.0,0.0051825670472304165,0.007733705881246677,0.0,0.0
9,order1,frame_freeze_5,15,False,False,0.2014388489208633,0.03949607712345847,0.0,0.0,0.1960698114343117,0.2014388489208633,0.0356642183581996,0.0,0.0,0.17704736970677656,0.0,-0.0038318587652588706,-0.019022441727535144,0.0,0.0
26,order1,frame_freeze_5,16,True,True,0.6744904261890056,0.2542024477604718,0.0,0.0,0.3133661437954647,0.6670784434836319,0.23532706586095367,0.0,0.0,0.3277700610210209,-0.0074119827053736875,-0.018875381899518123,0.014403917225556229,0.0,0.0
22,order1,frame_freeze_5,17,False,False,0.6785714285714286,0.4999862869102955,1.0,0.0,0.7368218964993829,0.6785714285714286,0.4880857278280401,1.0,0.0,0.7192842304834276,0.0,-0.011900559082255402,-0.0175376660159553,0.0,0.0
5,order1,frame_freeze_5,18,False,False,0.6312056737588653,0.39842744525974244,1.0,0.0,0.633410438060328,0.6312056737588653,0.4059490504647249,1.0,0.0,0.6453066979869718,0.0,0.007521605204982462,0.011896259926643782,0.0,0.0
13,order1,frame_freeze_5,19,False,False,0.0319634703196347,0.02118172602827114,0.0,0.0,0.59366350196399,0.0319634703196347,0.02131319162317056,0.0,0.0,0.6047426279212958,0.0,0.00013146559489941867,0.011079125957305869,0.0,0.0
18,order1,frame_freeze_5,20,True,True,0.0,0.0,0.0,0.0,0.04722982170615857,0.2616279069767442,0.009472537435629943,0.0,0.0,0.03620614308729667,0.2616279069767442,0.009472537435629943,-0.011023678618861894,0.0,0.0
10,order1,frame_freeze_5,21,False,False,0.8282208588957055,0.23167324968483105,0.0,0.0,0.2607533940257448,0.8282208588957055,0.22294357904401543,0.0,0.0,0.251674221066127,0.0,-0.008729670640815618,-0.009079172959617798,0.0,0.0
28,order1,frame_freeze_5,22,False,False,0.859504132231405,0.608693069349036,1.0,1.0,0.7081909749157054,0.859504132231405,0.6123626335075057,1.0,1.0,0.7124603716770019,0.0,0.0036695641584697514,0.004269396761296562,0.0,0.0
31,order1,frame_freeze_5,23,False,False,0.9624664879356568,0.0,0.0,0.0,0.0,0.9624664879356568,0.0,0.0,0.0,0.0,0.0,0.0,0.0,0.0,0.0
23,order1,frame_freeze_5,24,True,True,0.0,0.0,0.0,0.0,0.2548496960788968,0.0,0.0,0.0,0.0,0.38739345823554194,0.0,0.0,0.13254376215664515,0.0,0.0
21,order1,frame_freeze_5,25,False,False,0.6597938144329897,0.3046906228118961,1.0,0.0,0.46179672519928,0.6597938144329897,0.2727219870740735,0.0,0.0,0.4133442616591427,0.0,-0.03196863573782255,-0.048452463540137325,-1.0,0.0
11,order1,frame_freeze_5,26,False,False,0.84375,0.6310747971486175,1.0,1.0,0.7212283395984199,0.84375,0.6486276139636867,1.0,1.0,0.7412887016727848,0.0,0.01755281681506926,0.0200603620743649,0.0,0.0
12,order1,frame_freeze_5,27,False,False,0.3542319749216301,0.15844998058008386,0.0,0.0,0.44730569738979425,0.3542319749216301,0.1401279655582902,0.0,0.0,0.3955824868415449,0.0,-0.018322015021793647,-0.051723210548249354,0.0,0.0
29,order1,frame_freeze_5,28,True,True,0.0,0.0,0.0,0.0,0.0,0.0,0.0,0.0,0.0,0.0,0.0,0.0,0.0,0.0,0.0
16,order1,frame_freeze_5,29,False,False,0.11219512195121951,2.7482037930762635e-05,0.0,0.0,0.00024494859894810177,0.11219512195121951,0.00014881900059436433,0.0,0.0,0.0013264302226888994,0.0,0.0001213369626636017,0.0010814816237407977,0.0,0.0
30,order1,frame_freeze_5,30,False,False,0.30414746543778803,0.08196699754391,0.0,0.0,0.26740066480700075,0.30414746543778803,0.13327626692363678,0.0,0.0,0.4157747433553524,0.0,0.05130926937972678,0.14837407854835166,0.0,0.0
14,order1,frame_freeze_5,31,False,False,0.0,0.0,0.0,0.0,0.37773968164731103,0.0,0.0,0.0,0.0,0.38947298704144984,0.0,0.0,0.011733305394138804,0.0,0.0
1,order2,frame_freeze_5,0,True,True,0.0,0.0,0.0,0.0,0.0,0.0,0.0,0.0,0.0,0.0,0.0,0.0,0.0,0.0,0.0
18,order2,frame_freeze_5,1,False,False,0.0,0.0,0.0,0.0,0.04722982170615857,0.0,0.0,0.0,0.0,0.017812178308337707,0.0,0.0,-0.02941764339782086,0.0,0.0
20,order2,frame_freeze_5,2,False,False,0.4742268041237113,0.3055844091819411,1.0,0.0,0.6443845150140932,0.4742268041237113,0.33358864460060567,1.0,0.0,0.7034369244838858,0.0,0.02800423541866459,0.05905240946979262,0.0,0.0
22,order2,frame_freeze_5,3,False,False,0.6785714285714286,0.4999862869102955,1.0,0.0,0.7368218964993829,0.6785714285714286,0.4795698015126912,1.0,0.0,0.7067344443344923,0.0,-0.020416485397604323,-0.030087452164890616,0.0,0.0
10,order2,frame_freeze_5,4,True,True,0.8282208588957055,0.23167324968483105,0.0,0.0,0.2607533940257448,0.7633136094674556,0.22826318470673168,0.0,0.0,0.2728373898795017,-0.06490724942824988,-0.0034100649780993697,0.012083995853756857,0.0,0.0
17,order2,frame_freeze_5,5,False,False,0.3951612903225806,0.22184187061320274,0.0,0.0,0.5846714225067351,0.3951612903225806,0.22307057063696872,0.0,0.0,0.560240915534827,0.0,0.0012287000237659884,-0.024430506971908073,0.0,0.0
16,order2,frame_freeze_5,6,False,False,0.11219512195121951,2.7482037930762635e-05,0.0,0.0,0.00024494859894810177,0.11219512195121951,0.00013407392100847276,0.0,0.0,0.0011950066872494312,0.0,0.00010659188307771013,0.0009500580883013294,0.0,0.0
13,order2,frame_freeze_5,7,False,False,0.0319634703196347,0.02118172602827114,0.0,0.0,0.59366350196399,0.0319634703196347,0.021117189454689343,0.0,0.0,0.5998504514137035,0.0,-6.45365735817971e-05,0.006186949449713541,0.0,0.0
15,order2,frame_freeze_5,8,True,True,0.0,0.0,0.0,0.0,0.4771317599194635,0.009828009828009828,0.004679839070997134,0.0,0.0,0.4655400101547737,0.009828009828009828,0.004679839070997134,-0.011591749764689796,0.0,0.0
31,order2,frame_freeze_5,9,False,False,0.9624664879356568,0.0,0.0,0.0,0.0,0.9624664879356568,0.0,0.0,0.0,0.0,0.0,0.0,0.0,0.0,0.0
23,order2,frame_freeze_5,10,False,False,0.0,0.0,0.0,0.0,0.2548496960788968,0.0,0.0,0.0,0.0,0.005152124504926926,0.0,0.0,-0.24969757157396988,0.0,0.0
28,order2,frame_freeze_5,11,False,False,0.859504132231405,0.608693069349036,1.0,1.0,0.7081909749157054,0.859504132231405,0.604839290439345,1.0,1.0,0.7037072513765457,0.0,-0.0038537789096909636,-0.004483723539159712,0.0,0.0
30,order2,frame_freeze_5,12,True,True,0.30414746543778803,0.08196699754391,0.0,0.0,0.26740066480700075,0.3127962085308057,0.1174436923097941,0.0,0.0,0.36555555238857085,0.008648743093017663,0.035476694765884095,0.0981548875815701,0.0,0.0
21,order2,frame_freeze_5,13,False,False,0.6597938144329897,0.3046906228118961,1.0,0.0,0.46179672519928,0.6597938144329897,0.2968865087602543,0.0,0.0,0.4499686148397604,0.0,-0.007804114051641775,-0.011828110359519584,-1.0,0.0
4,order2,frame_freeze_5,14,False,False,0.5048543689320388,0.19371974360187655,0.0,0.0,0.39627831466872593,0.5048543689320388,0.21720020555827704,0.0,0.0,0.433193740596994,0.0,0.023480461956400495,0.036915425928268075,0.0,0.0
26,order2,frame_freeze_5,15,False,False,0.6744904261890056,0.2542024477604718,0.0,0.0,0.3133661437954647,0.6744904261890056,0.2571628459329717,0.0,0.0,0.3130773450614762,0.0,0.0029603981724998785,-0.0002887987339884601,0.0,0.0
11,order2,frame_freeze_5,16,True,True,0.84375,0.6310747971486175,1.0,1.0,0.7212283395984199,0.7105263157894737,0.5574225314591852,1.0,1.0,0.7565020069803227,-0.13322368421052633,-0.07365226568943228,0.03527366738190274,0.0,0.0
14,order2,frame_freeze_5,17,False,False,0.0,0.0,0.0,0.0,0.37773968164731103,0.0,0.0,0.0,0.0,0.4511095326557208,0.0,0.0,0.07336985100840976,0.0,0.0
27,order2,frame_freeze_5,18,False,False,0.35883905013192613,0.08730624116447107,0.0,0.0,0.19672355647695638,0.35883905013192613,0.13352029287616743,0.0,0.0,0.2985117780450539,0.0,0.04621405171169636,0.10178822156809753,0.0,0.0
0,order2,frame_freeze_5,19,False,False,0.144136078782453,0.02270908047380844,0.0,0.0,0.022790428500926413,0.144136078782453,0.005867907883980409,0.0,0.0,0.005867907883980409,0.0,-0.01684117258982803,-0.016922520616946005,0.0,0.0
19,order2,frame_freeze_5,20,True,True,0.8087248322147651,0.5574165605032827,1.0,1.0,0.6892536723235612,0.7850162866449512,0.5574389815854688,1.0,1.0,0.7100986196960121,-0.023708545569813944,2.242108218608596e-05,0.020844947372450906,0.0,0.0
12,order2,frame_freeze_5,21,False,False,0.3542319749216301,0.15844998058008386,0.0,0.0,0.44730569738979425,0.3542319749216301,0.09600968178622384,0.0,0.0,0.2710361813257115,0.0,-0.062440298793860025,-0.17626951606408275,0.0,0.0
8,order2,frame_freeze_5,22,False,False,0.6794871794871795,0.07696162394492956,0.0,0.0,0.1468301997628782,0.6794871794871795,0.08217554817164342,0.0,0.0,0.17373352098466463,0.0,0.005213924226713865,0.02690332122178643,0.0,0.0
24,order2,frame_freeze_5,23,False,False,0.7376093294460642,0.002350305665093919,0.0,0.0,0.0023596366195190966,0.7376093294460642,0.005146668271105913,0.0,0.0,0.005407969735240639,0.0,0.0027963626060119938,0.003048333115721542,0.0,0.0
3,order2,frame_freeze_5,24,True,True,0.19254658385093168,0.11046722574529659,0.0,0.0,0.42385478571673013,0.37888198757763975,0.22488527607887565,0.0,0.0,0.5065093065085007,0.18633540372670807,0.11441805033357906,0.08265452079177055,0.0,0.0
5,order2,frame_freeze_5,25,False,False,0.6312056737588653,0.39842744525974244,1.0,0.0,0.633410438060328,0.6312056737588653,0.4104875291218178,1.0,0.0,0.6525405010069397,0.0,0.012060083862075355,0.01913006294661168,0.0,0.0
2,order2,frame_freeze_5,26,False,False,0.919047619047619,0.0005778335174805237,0.0,0.0,0.0005778335174805237,0.919047619047619,0.35176164192427434,1.0,0.0,0.3832426976815906,0.0,0.3511838084067938,0.38266486416411005,1.0,0.0
7,order2,frame_freeze_5,27,False,False,0.0,0.0,0.0,0.0,0.05036806143418488,0.0,0.0,0.0,0.0,0.0017983559256183111,0.0,0.0,-0.04856970550856657,0.0,0.0
6,order2,frame_freeze_5,28,True,True,0.5986842105263158,0.42007448465080016,1.0,0.0,0.7509601481178526,0.9733333333333334,0.7626434945046034,1.0,1.0,0.783537836819798,0.37464912280701756,0.3425690098538033,0.03257768870194544,0.0,1.0
9,order2,frame_freeze_5,29,False,False,0.2014388489208633,0.03949607712345847,0.0,0.0,0.1960698114343117,0.2014388489208633,0.04272404349942354,0.0,0.0,0.21209435880070973,0.0,0.0032279663759650704,0.016024547366398023,0.0,0.0
25,order2,frame_freeze_5,30,False,False,0.11174785100286533,0.08207678018979545,0.0,0.0,0.7344819560574002,0.11174785100286533,0.0841807673006226,0.0,0.0,0.7533099432799305,0.0,0.0021039871108271546,0.018827987222530318,0.0,0.0
29,order2,frame_freeze_5,31,False,False,0.0,0.0,0.0,0.0,0.0,0.0,0.0,0.0,0.0,0.0,0.0,0.0,0.0,0.0,0.0
8,order1,motion_blur_5,0,True,True,0.8463476070528967,0.10724627016492855,0.0,0.0,0.14621422699063719,0.8487179487179487,0.1018704185873826,0.0,0.0,0.14621422699063719,0.0023703416650520115,-0.0053758515775459426,0.0,0.0,0.0
15,order1,motion_blur_5,1,False,False,0.0,0.0,0.0,0.0,0.4771317599194635,0.0,0.0,0.0,0.0,0.4040806084923515,0.0,0.0,-0.073051151427112,0.0,0.0
19,order1,motion_blur_5,2,False,False,0.2648221343873518,0.1728474976253132,0.0,0.0,0.6894533986480991,0.2648221343873518,0.1740232471424368,0.0,0.0,0.704131977813168,0.0,0.0011757495171235977,0.014678579165068983,0.0,0.0
27,order1,motion_blur_5,3,False,False,0.3646112600536193,0.09399635054061718,0.0,0.0,0.20802704135486946,0.3646112600536193,0.09121716734472028,0.0,0.0,0.20355321596135742,0.0,-0.0027791831958969004,-0.004473825393512043,0.0,0.0
7,order1,motion_blur_5,4,True,False,0.0,0.0,0.0,0.0,0.05033831004455502,0.0,0.0,0.0,0.0,0.047855141306203455,0.0,0.0,-0.0024831687383515613,0.0,0.0
1,order1,motion_blur_5,5,False,False,0.0,0.0,0.0,0.0,0.0,0.0,0.0,0.0,0.0,0.0,0.0,0.0,0.0,0.0,0.0
25,order1,motion_blur_5,6,False,False,0.11174785100286533,0.0820934050984819,0.0,0.0,0.7346307276761586,0.11174785100286533,0.08253018707614633,0.0,0.0,0.7385393663993608,0.0,0.0004367819776644327,0.00390863872320224,0.0,0.0
3,order1,motion_blur_5,7,False,False,0.1346153846153846,0.08225697742283618,0.0,0.0,0.43241668357657614,0.1346153846153846,0.06849025812415907,0.0,0.0,0.45911986653340703,0.0,-0.013766719298677108,0.026703182956830884,0.0,0.0
4,order1,motion_blur_5,8,True,True,0.5048543689320388,0.19978790641128047,0.0,0.0,0.4044822096406061,0.2251655629139073,0.05879344844135894,0.0,0.0,0.29107980181112103,-0.2796888060181315,-0.14099445796992152,-0.11340240782948507,0.0,0.0
6,order1,motion_blur_5,9,False,False,0.5986842105263158,0.4201842510583092,1.0,0.0,0.7510838370391237,0.5986842105263158,0.4074752583752637,1.0,0.0,0.7216142378910974,0.0,-0.012708992683045484,-0.029469599148026382,0.0,0.0
20,order1,motion_blur_5,10,False,False,0.4742268041237113,0.3055844091819411,1.0,0.0,0.6443845150140932,0.4742268041237113,0.2700583817124528,0.0,0.0,0.5694709353501721,0.0,-0.0355260274694883,-0.07491357966392109,-1.0,0.0
17,order1,motion_blur_5,11,False,False,0.3467741935483871,0.16211698556077064,0.0,0.0,0.3843298844181494,0.3467741935483871,0.06383414506118143,0.0,0.0,0.20723098030800804,0.0,-0.09828284049958921,-0.17709890411014137,0.0,0.0
24,order1,motion_blur_5,12,True,True,0.685131195335277,0.009801006879046162,0.0,0.0,0.009811186884720604,0.7201166180758017,0.006749076685986587,0.0,0.0,0.006749076685986587,0.03498542274052474,-0.003051930193059575,-0.003062110198734017,0.0,0.0
2,order1,motion_blur_5,13,False,False,0.861904761904762,0.0004800942437270123,0.0,0.0,0.0004800942437270123,0.861904761904762,0.18498816343080382,0.0,0.0,0.22252749778963327,0.0,0.1845080691870768,0.22204740354590624,0.0,0.0
0,order1,motion_blur_5,14,False,False,0.144136078782453,0.02270908047380844,0.0,0.0,0.022790428500926413,0.144136078782453,0.029432873530902338,0.0,0.0,0.03533657525569093,0.0,0.006723793057093898,0.012546146754764516,0.0,0.0
9,order1,motion_blur_5,15,False,False,0.28865979381443296,0.05626434896707147,0.0,0.0,0.1949157803502119,0.28865979381443296,0.048675354409814575,0.0,0.0,0.1686253349197148,0.0,-0.007588994557256895,-0.026290445430497106,0.0,0.0
26,order1,motion_blur_5,16,True,True,0.6744904261890056,0.2542272416296273,0.0,0.0,0.3460658473520073,0.8486720197652872,0.25372361630397927,0.0,0.0,0.3152100135096543,0.1741815935762816,-0.0005036253256480161,-0.03085583384235302,0.0,0.0
22,order1,motion_blur_5,17,False,False,0.6785714285714286,0.5000513572750831,1.0,1.0,0.7369177896685435,0.6785714285714286,0.49441517670118984,1.0,0.0,0.7286118393491219,0.0,-0.005636180573893257,-0.008305950319421607,0.0,-1.0
5,order1,motion_blur_5,18,False,False,0.6312056737588653,0.39842744525974244,1.0,0.0,0.633410438060328,0.6312056737588653,0.40407454594586084,1.0,0.0,0.6423412767319119,0.0,0.0056471006861184,0.00893083867158384,0.0,0.0
13,order1,motion_blur_5,19,False,False,0.05448717948717949,0.03689557694987149,0.0,0.0,0.6771423534329356,0.05448717948717949,0.0373409094410441,0.0,0.0,0.6853155144473976,0.0,0.0004453324911726092,0.008173161014461972,0.0,0.0
18,order1,motion_blur_5,20,True,True,0.0,0.0,0.0,0.0,0.052635006492280666,0.2616279069767442,0.006683774169349294,0.0,0.0,0.025546870158401746,0.2616279069767442,0.006683774169349294,-0.02708813633387892,0.0,0.0
10,order1,motion_blur_5,21,False,False,0.7914110429447853,0.23997919018042566,0.0,0.0,0.2765212500115405,0.7914110429447853,0.22282803862887904,0.0,0.0,0.25815355525739325,0.0,-0.017151151551546617,-0.018367694754147235,0.0,0.0
28,order1,motion_blur_5,22,False,False,0.8521739130434782,0.598701032549688,1.0,1.0,0.6984567410556548,0.8521739130434782,0.6039707601279337,1.0,1.0,0.7046064049605039,0.0,0.005269727578245731,0.0061496639048490565,0.0,0.0
31,order1,motion_blur_5,23,False,False,0.9222520107238605,0.0,0.0,0.0,0.0,0.9222520107238605,0.0,0.0,0.0,0.0,0.0,0.0,0.0,0.0,0.0
23,order1,motion_blur_5,24,True,True,0.0,0.0,0.0,0.0,0.2548496960788968,0.0,0.0,0.0,0.0,0.2525189873631198,0.0,0.0,-0.002330708715777008,0.0,0.0
21,order1,motion_blur_5,25,False,False,0.5871559633027523,0.2704172765407224,0.0,0.0,0.4605544241084178,0.5871559633027523,0.2503331999976185,0.0,0.0,0.42634873124594397,0.0,-0.0200840765431039,-0.034205692862473824,0.0,0.0
11,order1,motion_blur_5,26,False,False,0.84375,0.6310638862404926,1.0,1.0,0.7212158699891343,0.84375,0.6416741208856485,1.0,1.0,0.7333418524407411,0.0,0.01061023464515587,0.012125982451606787,0.0,0.0
12,order1,motion_blur_5,27,False,False,0.27228915662650605,0.10849143227235326,0.0,0.0,0.3984419857789965,0.27228915662650605,0.10472202255488079,0.0,0.0,0.384598578409518,0.0,-0.0037694097174724717,-0.013843407369478478,0.0,0.0
29,order1,motion_blur_5,28,True,True,0.0,0.0,0.0,0.0,0.0,0.0,0.0,0.0,0.0,0.0,0.0,0.0,0.0,0.0,0.0
16,order1,motion_blur_5,29,False,False,0.10043668122270742,2.462773303557138e-05,0.0,0.0,0.00024520655935416724,0.10043668122270742,5.768516983415403e-05,0.0,0.0,0.0005743436474791858,0.0,3.305743679858265e-05,0.00032913708812501853,0.0,0.0
30,order1,motion_blur_5,30,False,False,0.3127962085308057,0.08486083146205067,0.0,0.0,0.26913645673424524,0.3127962085308057,0.1418302963860353,0.0,0.0,0.4255142212595256,0.0,0.056969464923984636,0.15637776452528035,0.0,0.0
14,order1,motion_blur_5,31,False,False,0.0,0.0,0.0,0.0,0.3777409782482105,0.0,0.0,0.0,0.0,0.38494697071568196,0.0,0.0,0.007205992467471445,0.0,0.0
1,order2,motion_blur_5,0,True,True,0.0,0.0,0.0,0.0,0.0,0.0,0.0,0.0,0.0,0.0,0.0,0.0,0.0,0.0,0.0
18,order2,motion_blur_5,1,False,False,0.0,0.0,0.0,0.0,0.052635006492280666,0.0,0.0,0.0,0.0,0.02892728996961204,0.0,0.0,-0.023707716522668627,0.0,0.0
20,order2,motion_blur_5,2,False,False,0.4742268041237113,0.3055844091819411,1.0,0.0,0.6443845150140932,0.4742268041237113,0.3344310567942593,1.0,0.0,0.7052133154139816,0.0,0.0288466476123182,0.06082880039988836,0.0,0.0
22,order2,motion_blur_5,3,False,False,0.6785714285714286,0.5000513572750831,1.0,1.0,0.7369177896685435,0.6785714285714286,0.47691820341495933,1.0,0.0,0.7028268260852032,0.0,-0.023133153860123767,-0.034090963583340295,0.0,-1.0
10,order2,motion_blur_5,4,True,True,0.7914110429447853,0.23997919018042566,0.0,0.0,0.2765212500115405,0.7914110429447853,0.2519618916014806,0.0,0.0,0.29039390608764387,0.0,0.011982701421054925,0.013872656076103385,0.0,0.0
17,order2,motion_blur_5,5,False,False,0.3467741935483871,0.16211698556077064,0.0,0.0,0.3843298844181494,0.3467741935483871,0.07552584370639416,0.0,0.0,0.2007661173670573,0.0,-0.08659114185437648,-0.18356376705109212,0.0,0.0
16,order2,motion_blur_5,6,False,False,0.10043668122270742,2.462773303557138e-05,0.0,0.0,0.00024520655935416724,0.10043668122270742,6.167211473851708e-05,0.0,0.0,0.0006140397510921918,0.0,3.7044381702945706e-05,0.0003688331917380246,0.0,0.0
13,order2,motion_blur_5,7,False,False,0.05448717948717949,0.03689557694987149,0.0,0.0,0.6771423534329356,0.05448717948717949,0.036826205546197296,0.0,0.0,0.6758691841419739,0.0,-6.937140367419686e-05,-0.001273169290961662,0.0,0.0
15,order2,motion_blur_5,8,True,True,0.0,0.0,0.0,0.0,0.4771317599194635,0.009828009828009828,0.00467965543577362,0.0,0.0,0.46492473478627283,0.009828009828009828,0.00467965543577362,-0.012207025133190663,0.0,0.0
31,order2,motion_blur_5,9,False,False,0.9222520107238605,0.0,0.0,0.0,0.0,0.9222520107238605,0.0,0.0,0.0,0.0,0.0,0.0,0.0,0.0,0.0
23,order2,motion_blur_5,10,False,False,0.0,0.0,0.0,0.0,0.2548496960788968,0.0,0.0,0.0,0.0,0.07721272895321941,0.0,0.0,-0.1776369671256774,0.0,0.0
28,order2,motion_blur_5,11,False,False,0.8521739130434782,0.598701032549688,1.0,1.0,0.6984567410556548,0.8521739130434782,0.5882789596586587,1.0,1.0,0.6859856397634216,0.0,-0.010422072891029255,-0.012471101292233167,0.0,0.0
30,order2,motion_blur_5,12,True,True,0.3127962085308057,0.08486083146205067,0.0,0.0,0.26913645673424524,0.32195121951219513,0.12473170832371057,0.0,0.0,0.3767783257038384,0.009155010981389433,0.039870876861659896,0.10764186896959316,0.0,0.0
21,order2,motion_blur_5,13,False,False,0.5871559633027523,0.2704172765407224,0.0,0.0,0.4605544241084178,0.5871559633027523,0.2579331466728005,0.0,0.0,0.4392923904271133,0.0,-0.012484129867921911,-0.02126203368130447,0.0,0.0
4,order2,motion_blur_5,14,False,False,0.5048543689320388,0.19978790641128047,0.0,0.0,0.4044822096406061,0.5048543689320388,0.23563014066206275,0.0,0.0,0.46327734245888397,0.0,0.035842234250782284,0.05879513281827786,0.0,0.0
26,order2,motion_blur_5,15,False,False,0.6744904261890056,0.2542272416296273,0.0,0.0,0.3460658473520073,0.6744904261890056,0.25364630049696607,0.0,0.0,0.34284923800331957,0.0,-0.0005809411326612168,-0.0032166093486877267,0.0,0.0
11,order2,motion_blur_5,16,True,True,0.84375,0.6310638862404926,1.0,1.0,0.7212158699891343,0.7105263157894737,0.5572081643590485,1.0,1.0,0.7562110802015658,-0.13322368421052633,-0.07385572188144407,0.03499521021243146,0.0,0.0
14,order2,motion_blur_5,17,False,False,0.0,0.0,0.0,0.0,0.3777409782482105,0.0,0.0,0.0,0.0,0.4488639748547147,0.0,0.0,0.07112299660650417,0.0,0.0
27,order2,motion_blur_5,18,False,False,0.3646112600536193,0.09399635054061718,0.0,0.0,0.20802704135486946,0.3646112600536193,0.1576789905190627,0.0,0.0,0.3464653731678419,0.0,0.06368263997844552,0.1384383318129724,0.0,0.0
0,order2,motion_blur_5,19,False,False,0.144136078782453,0.02270908047380844,0.0,0.0,0.022790428500926413,0.144136078782453,0.0050008937232010825,0.0,0.0,0.0050008937232010825,0.0,-0.01770818675060736,-0.01778953477772533,0.0,0.0
19,order2,motion_blur_5,20,True,True,0.2648221343873518,0.1728474976253132,0.0,0.0,0.6894533986480991,0.8892988929889298,0.6284981706823288,1.0,1.0,0.7067344574892577,0.624476758601578,0.4556506730570156,0.017281058841158603,1.0,1.0
12,order2,motion_blur_5,21,False,False,0.27228915662650605,0.10849143227235326,0.0,0.0,0.3984419857789965,0.27228915662650605,0.07541230164088157,0.0,0.0,0.27695668301739695,0.0,-0.03307913063147169,-0.12148530276159952,0.0,0.0
8,order2,motion_blur_5,22,False,False,0.8463476070528967,0.10724627016492855,0.0,0.0,0.14621422699063719,0.8463476070528967,0.1503159573131852,0.0,0.0,0.1769060702880201,0.0,0.04306968714825665,0.03069184329738292,0.0,0.0
24,order2,motion_blur_5,23,False,False,0.685131195335277,0.009801006879046162,0.0,0.0,0.009811186884720604,0.685131195335277,0.011652973302589598,0.0,0.0,0.011807155327602436,0.0,0.0018519664235434365,0.0019959684428818326,0.0,0.0
3,order2,motion_blur_5,24,True,True,0.1346153846153846,0.08225697742283618,0.0,0.0,0.43241668357657614,0.19254658385093168,0.12213516668403408,0.0,0.0,0.49834229388751083,0.05793119923554707,0.039878189261197905,0.06592561031093469,0.0,0.0
5,order2,motion_blur_5,25,False,False,0.6312056737588653,0.39842744525974244,1.0,0.0,0.633410438060328,0.6312056737588653,0.407916173233044,1.0,0.0,0.6480506895934764,0.0,0.00948872797330158,0.014640251533148407,0.0,0.0
2,order2,motion_blur_5,26,False,False,0.861904761904762,0.0004800942437270123,0.0,0.0,0.0004800942437270123,0.861904761904762,0.3304248980602567,1.0,0.0,0.38247035375966915,0.0,0.3299448038165297,0.3819902595159421,1.0,0.0
7,order2,motion_blur_5,27,False,False,0.0,0.0,0.0,0.0,0.05033831004455502,0.0,0.0,0.0,0.0,0.00262006125236602,0.0,0.0,-0.047718248792189,0.0,0.0
6,order2,motion_blur_5,28,True,True,0.5986842105263158,0.4201842510583092,1.0,0.0,0.7510838370391237,0.9733333333333334,0.7555678237975924,1.0,1.0,0.776268312120814,0.37464912280701756,0.33538357273928315,0.025184475081690305,0.0,1.0
9,order2,motion_blur_5,29,False,False,0.28865979381443296,0.05626434896707147,0.0,0.0,0.1949157803502119,0.28865979381443296,0.05957953563719906,0.0,0.0,0.2064005341717253,0.0,0.00331518667012759,0.0114847538215134,0.0,0.0
25,order2,motion_blur_5,30,False,False,0.11174785100286533,0.0820934050984819,0.0,0.0,0.7346307276761586,0.11174785100286533,0.08327136283994278,0.0,0.0,0.7451719392600008,0.0,0.001177957741460886,0.010541211583842247,0.0,0.0
29,order2,motion_blur_5,31,False,False,0.0,0.0,0.0,0.0,0.0,0.0,0.0,0.0,0.0,0.0,0.0,0.0,0.0,0.0,0.0
8,order1,occlusion_5,0,True,True,0.8161209068010076,0.09950617439179582,0.0,0.0,0.14293312425422175,0.8593350383631714,0.10916832492860545,0.0,0.0,0.14293312425422175,0.043214131562163804,0.009662150536809633,0.0,0.0,0.0
15,order1,occlusion_5,1,False,False,0.0,0.0,0.0,0.0,0.4771317599194635,0.0,0.0,0.0,0.0,0.3930842247513292,0.0,0.0,-0.08404753516813429,0.0,0.0
19,order1,occlusion_5,2,False,False,0.8169491525423729,0.5626703971598676,1.0,1.0,0.6887459218346926,0.8169491525423729,0.5719352914930214,1.0,1.0,0.7000867675951921,0.0,0.009264894333153806,0.01134084576049943,0.0,0.0
27,order1,occlusion_5,3,False,False,0.37057220708446864,0.08871964956345953,0.0,0.0,0.1936427849339462,0.37057220708446864,0.09153414320513192,0.0,0.0,0.20132012171472502,0.0,0.002814493641672397,0.0076773367807788095,0.0,0.0
7,order1,occlusion_5,4,True,False,0.0,0.0,0.0,0.0,0.050324120074357936,0.0,0.0,0.0,0.0,0.04732198310008473,0.0,0.0,-0.0030021369742732062,0.0,0.0
1,order1,occlusion_5,5,False,False,0.0,0.0,0.0,0.0,0.0,0.0,0.0,0.0,0.0,0.0,0.0,0.0,0.0,0.0,0.0
25,order1,occlusion_5,6,False,False,0.11174785100286533,0.08209877245097062,0.0,0.0,0.7346787585997114,0.11174785100286533,0.08266997552690242,0.0,0.0,0.7397902938176651,0.0,0.0005712030759317949,0.005111535217953711,0.0,0.0
3,order1,occlusion_5,7,False,False,0.1987179487179487,0.11928700597689477,0.0,0.0,0.4354842814012006,0.1987179487179487,0.10837679997456455,0.0,0.0,0.46263075188454233,0.0,-0.010910206002330225,0.027146470483341734,0.0,0.0
4,order1,occlusion_5,8,True,True,0.5048543689320388,0.19802618256328833,0.0,0.0,0.40191233911364344,0.18543046357615894,0.0447427151197735,0.0,0.0,0.28385489524152885,-0.3194239053558799,-0.15328346744351484,-0.11805744387211459,0.0,0.0
6,order1,occlusion_5,9,False,False,0.5986842105263158,0.4201832098390761,1.0,0.0,0.7510920780290594,0.5986842105263158,0.4109073547818569,1.0,0.0,0.7284050245599897,0.0,-0.009275855057219173,-0.02268705346906974,0.0,0.0
20,order1,occlusion_5,10,False,False,0.4742268041237113,0.3055844091819411,1.0,0.0,0.6443845150140932,0.4742268041237113,0.27504756764262683,0.0,0.0,0.5799916100290174,0.0,-0.03053684153931424,-0.06439290498507577,-1.0,0.0
17,order1,occlusion_5,11,False,False,0.25,0.062306252570197104,0.0,0.0,0.20146918740309633,0.25,0.05484629418406603,0.0,0.0,0.17951533721069982,0.0,-0.007459958386131074,-0.021953850192396512,0.0,0.0
24,order1,occlusion_5,12,True,True,0.7376093294460642,0.009225980023036432,0.0,0.0,0.00923557655276859,0.8775510204081632,0.005038434358678137,0.0,0.0,0.005038434358678137,0.13994169096209907,-0.004187545664358295,-0.004197142194090453,0.0,0.0
2,order1,occlusion_5,13,False,False,0.8047619047619048,8.908104908400446e-05,0.0,0.0,8.908104908400446e-05,0.8047619047619048,0.08566706256664734,0.0,0.0,0.102157909210643,0.0,0.08557798151756334,0.10206882816155899,0.0,0.0
0,order1,occlusion_5,14,False,False,0.144136078782453,0.02270908047380844,0.0,0.0,0.022790428500926413,0.144136078782453,0.027623789242991265,0.0,0.0,0.030124547843387677,0.0,0.004914708769182825,0.007334119342461264,0.0,0.0
9,order1,occlusion_5,15,False,False,0.2014388489208633,0.03939713903593178,0.0,0.0,0.1955786544998042,0.2014388489208633,0.03515056419169478,0.0,0.0,0.17449744366591338,0.0,-0.004246574844237003,-0.021081210833890807,0.0,0.0
26,order1,occlusion_5,16,True,True,0.6744904261890056,0.2542453804678232,0.0,0.0,0.34672067757642316,0.6744904261890056,0.23576041371067769,0.0,0.0,0.32464046537443253,0.0,-0.018484966757145505,-0.022080212201990634,0.0,0.0
22,order1,occlusion_5,17,False,False,0.6785714285714286,0.4999894153190159,1.0,0.0,0.7368265067859182,0.6785714285714286,0.4862552348053719,1.0,0.0,0.7165866618184428,0.0,-0.013734180513644001,-0.02023984496747544,0.0,0.0
5,order1,occlusion_5,18,False,False,0.6312056737588653,0.39842744525974244,1.0,0.0,0.633410438060328,0.6312056737588653,0.40670766982139184,1.0,0.0,0.6465019083082942,0.0,0.008280224561649396,0.013091470247966197,0.0,0.0
13,order1,occlusion_5,19,False,False,0.0319634703196347,0.022405756271381607,0.0,0.0,0.6142879972565944,0.0319634703196347,0.023974640681906384,0.0,0.0,0.6514295742795081,0.0,0.001568884410524777,0.03714157702291365,0.0,0.0
18,order1,occlusion_5,20,True,True,0.0,0.0,0.0,0.0,0.09544079265983064,0.2616279069767442,0.037395068426743415,0.0,0.0,0.14293226154221927,0.2616279069767442,0.037395068426743415,0.04749146888238863,0.0,0.0
10,order1,occlusion_5,21,False,False,0.7914110429447853,0.2362009103280585,0.0,0.0,0.2725032224566475,0.7914110429447853,0.22515459144486777,0.0,0.0,0.2610122391683832,0.0,-0.011046318883190742,-0.011490983288264311,0.0,0.0
28,order1,occlusion_5,22,False,False,0.8521739130434782,0.5994452079198181,1.0,1.0,0.707142264748179,0.8521739130434782,0.6013662719268327,1.0,1.0,0.7088395563755453,0.0,0.001921064007014528,0.0016972916273663152,0.0,0.0
31,order1,occlusion_5,23,False,False,0.9624664879356568,0.0,0.0,0.0,0.0,0.9624664879356568,0.0,0.0,0.0,0.0,0.0,0.0,0.0,0.0,0.0
23,order1,occlusion_5,24,True,True,0.0,0.0,0.0,0.0,0.2548496960788968,0.0,0.0,0.0,0.0,0.2505230274204203,0.0,0.0,-0.0043266686584764735,0.0,0.0
21,order1,occlusion_5,25,False,False,0.6597938144329897,0.3042965510697229,1.0,0.0,0.46119946021504876,0.6597938144329897,0.2723161800606997,0.0,0.0,0.41272921040449795,0.0,-0.031980371009023234,-0.048470249810550814,-1.0,0.0
11,order1,occlusion_5,26,False,False,0.84375,0.6310308508121619,1.0,1.0,0.7211781152138993,0.84375,0.6483368218446148,1.0,1.0,0.7409563678224169,0.0,0.017305971032452905,0.01977825260851762,0.0,0.0
12,order1,occlusion_5,27,False,False,0.3542319749216301,0.15869468253735441,0.0,0.0,0.4479964931806731,0.3542319749216301,0.15009395908437967,0.0,0.0,0.4237165747603285,0.0,-0.008600723452974746,-0.024279918420344604,0.0,0.0
29,order1,occlusion_5,28,True,True,0.0,0.0,0.0,0.0,0.0,0.0,0.0,0.0,0.0,0.0,0.0,0.0,0.0,0.0,0.0
16,order1,occlusion_5,29,False,False,0.11219512195121951,2.9165100732489237e-05,0.0,0.0,0.0002599498108765345,0.11219512195121951,6.630382986462916e-05,0.0,0.0,0.0005909689183586512,0.0,3.7138729132139915e-05,0.00033101910748211663,0.0,0.0
30,order1,occlusion_5,30,False,False,0.3127962085308057,0.08600984569810202,0.0,0.0,0.272567651360483,0.3127962085308057,0.13776968489902186,0.0,0.0,0.41460253860504775,0.0,0.05175983920091984,0.14203488724456476,0.0,0.0
14,order1,occlusion_5,31,False,False,0.0,0.0,0.0,0.0,0.37816733245582645,0.0,0.0,0.0,0.0,0.38723026197468247,0.0,0.0,0.009062929518856011,0.0,0.0
1,order2,occlusion_5,0,True,True,0.0,0.0,0.0,0.0,0.0,0.0,0.0,0.0,0.0,0.0,0.0,0.0,0.0,0.0,0.0
18,order2,occlusion_5,1,False,False,0.0,0.0,0.0,0.0,0.09544079265983064,0.0,0.0,0.0,0.0,0.10857138246453839,0.0,0.0,0.013130589804707743,0.0,0.0
20,order2,occlusion_5,2,False,False,0.4742268041237113,0.3055844091819411,1.0,0.0,0.6443845150140932,0.4742268041237113,0.3320308619538949,1.0,0.0,0.7001520349897349,0.0,0.026446452771953843,0.055767519975641666,0.0,0.0
22,order2,occlusion_5,3,False,False,0.6785714285714286,0.4999894153190159,1.0,0.0,0.7368265067859182,0.6785714285714286,0.48149312538457023,1.0,0.0,0.7095688163562087,0.0,-0.018496289934445687,-0.02725769042970949,0.0,0.0
10,order2,occlusion_5,4,True,True,0.7914110429447853,0.2362009103280585,0.0,0.0,0.2725032224566475,0.7914110429447853,0.2450615328245276,0.0,0.0,0.2828127874553578,0.0,0.0088606224964691,0.01030956499871033,0.0,0.0
17,order2,occlusion_5,5,False,False,0.25,0.062306252570197104,0.0,0.0,0.20146918740309633,0.25,0.0398400695240163,0.0,0.0,0.16474199376259868,0.0,-0.022466183046180803,-0.036727193640497646,0.0,0.0
16,order2,occlusion_5,6,False,False,0.11219512195121951,2.9165100732489237e-05,0.0,0.0,0.0002599498108765345,0.11219512195121951,7.13578962819598e-05,0.0,0.0,0.0006360160320783374,0.0,4.219279554947056e-05,0.00037606622120180285,0.0,0.0
13,order2,occlusion_5,7,False,False,0.0319634703196347,0.022405756271381607,0.0,0.0,0.6142879972565944,0.0319634703196347,0.02228503270209679,0.0,0.0,0.6175069782749648,0.0,-0.00012072356928481687,0.0032189810183703704,0.0,0.0
15,order2,occlusion_5,8,True,True,0.0,0.0,0.0,0.0,0.4771317599194635,0.009828009828009828,0.00475495208130889,0.0,0.0,0.4741415591942581,0.009828009828009828,0.00475495208130889,-0.002990200725205394,0.0,0.0
31,order2,occlusion_5,9,False,False,0.9624664879356568,0.0,0.0,0.0,0.0,0.9624664879356568,0.0,0.0,0.0,0.0,0.0,0.0,0.0,0.0,0.0
23,order2,occlusion_5,10,False,False,0.0,0.0,0.0,0.0,0.2548496960788968,0.0,0.0,0.0,0.0,0.07974643950991281,0.0,0.0,-0.17510325656898398,0.0,0.0
28,order2,occlusion_5,11,False,False,0.8521739130434782,0.5994452079198181,1.0,1.0,0.707142264748179,0.8521739130434782,0.5939615964695104,1.0,1.0,0.6973870039051149,0.0,-0.005483611450307735,-0.009755260843064106,0.0,0.0
30,order2,occlusion_5,12,True,True,0.3127962085308057,0.08600984569810202,0.0,0.0,0.272567651360483,0.32195121951219513,0.1196138408169139,0.0,0.0,0.36043942231507364,0.009155010981389433,0.033603995118811875,0.08787177095459064,0.0,0.0
21,order2,occlusion_5,13,False,False,0.6597938144329897,0.3042965510697229,1.0,0.0,0.46119946021504876,0.6597938144329897,0.29535009404497975,0.0,0.0,0.4476399862869224,0.0,-0.00894645702474317,-0.013559473928126342,-1.0,0.0
4,order2,occlusion_5,14,False,False,0.5048543689320388,0.19802618256328833,0.0,0.0,0.40191233911364344,0.5048543689320388,0.22474911159996377,0.0,0.0,0.44470530290028865,0.0,0.026722929036675447,0.04279296378664521,0.0,0.0
26,order2,occlusion_5,15,False,False,0.6744904261890056,0.2542453804678232,0.0,0.0,0.34672067757642316,0.6744904261890056,0.26292225265179336,0.0,0.0,0.3605104612356396,0.0,0.008676872183970175,0.013789783659216459,0.0,0.0
11,order2,occlusion_5,16,True,True,0.84375,0.6310308508121619,1.0,1.0,0.7211781152138993,0.7105263157894737,0.5585099073601392,1.0,1.0,0.7579777314173317,-0.13322368421052633,-0.07252094345202276,0.03679961620343242,0.0,0.0
14,order2,occlusion_5,17,False,False,0.0,0.0,0.0,0.0,0.37816733245582645,0.0,0.0,0.0,0.0,0.3634849030860239,0.0,0.0,-0.014682429369802574,0.0,0.0
27,order2,occlusion_5,18,False,False,0.37057220708446864,0.08871964956345953,0.0,0.0,0.1936427849339462,0.37057220708446864,0.08975920886764621,0.0,0.0,0.19652262904796658,0.0,0.0010395593041866852,0.002879844114020369,0.0,0.0
0,order2,occlusion_5,19,False,False,0.144136078782453,0.02270908047380844,0.0,0.0,0.022790428500926413,0.144136078782453,0.023921990106802977,0.0,0.0,0.023921990106802977,0.0,0.0012129096329945369,0.0011315616058765639,0.0,0.0
19,order2,occlusion_5,20,True,True,0.8169491525423729,0.5626703971598676,1.0,1.0,0.6887459218346926,0.8006644518272426,0.5651864192115397,1.0,1.0,0.7058967310484375,-0.01628470071513033,0.0025160220516721177,0.0171508092137449,0.0,0.0
12,order2,occlusion_5,21,False,False,0.3542319749216301,0.15869468253735441,0.0,0.0,0.4479964931806731,0.3542319749216301,0.09250905559838545,0.0,0.0,0.26115388261845096,0.0,-0.06618562693896897,-0.18684261056222212,0.0,0.0
8,order2,occlusion_5,22,False,False,0.8161209068010076,0.09950617439179582,0.0,0.0,0.14293312425422175,0.8161209068010076,0.10470887818484448,0.0,0.0,0.13581239232518813,0.0,0.0052027037930486575,-0.007120731929033619,0.0,0.0
24,order2,occlusion_5,23,False,False,0.7376093294460642,0.009225980023036432,0.0,0.0,0.00923557655276859,0.7376093294460642,0.015848550254461954,0.0,0.0,0.016791959240956826,0.0,0.006622570231425522,0.007556382688188236,0.0,0.0
3,order2,occlusion_5,24,True,True,0.1987179487179487,0.11928700597689477,0.0,0.0,0.4354842814012006,0.2469879518072289,0.15488573785153564,0.0,0.0,0.5080702030137553,0.0482700030892802,0.03559873187464087,0.07258592161255467,0.0,0.0
5,order2,occlusion_5,25,False,False,0.6312056737588653,0.39842744525974244,1.0,0.0,0.633410438060328,0.6312056737588653,0.41297482116344936,1.0,0.0,0.656293648907168,0.0,0.014547375903706916,0.022883210846839974,0.0,0.0
2,order2,occlusion_5,26,False,False,0.8047619047619048,8.908104908400446e-05,0.0,0.0,8.908104908400446e-05,0.8047619047619048,0.263053570465058,0.0,0.0,0.33567894832228606,0.0,0.262964489415974,0.33558986727320206,0.0,0.0
7,order2,occlusion_5,27,False,False,0.0,0.0,0.0,0.0,0.050324120074357936,0.0,0.0,0.0,0.0,0.005879356850484892,0.0,0.0,-0.04444476322387304,0.0,0.0
6,order2,occlusion_5,28,True,True,0.5986842105263158,0.4201832098390761,1.0,0.0,0.7510920780290594,0.9733333333333334,0.7675330848359878,1.0,1.0,0.7885613885301245,0.37464912280701756,0.3473498749969117,0.037469310501065056,0.0,1.0
9,order2,occlusion_5,29,False,False,0.2014388489208633,0.03939713903593178,0.0,0.0,0.1955786544998042,0.2014388489208633,0.0430687132200844,0.0,0.0,0.21380539777113325,0.0,0.0036715741841526137,0.01822674327132906,0.0,0.0
25,order2,occlusion_5,30,False,False,0.11174785100286533,0.08209877245097062,0.0,0.0,0.7346787585997114,0.11174785100286533,0.08381554625900088,0.0,0.0,0.7500416831895207,0.0,0.0017167738080302586,0.015362924589809257,0.0,0.0
29,order2,occlusion_5,31,False,False,0.0,0.0,0.0,0.0,0.0,0.0,0.0,0.0,0.0,0.0,0.0,0.0,0.0,0.0,0.0
8,order1,exposure_5,0,True,True,0.8161209068010076,0.09934382926630016,0.0,0.0,0.149219714443796,0.8593350383631714,0.10900240283841725,0.0,0.0,0.149219714443796,0.043214131562163804,0.009658573572117093,0.0,0.0,0.0
15,order1,exposure_5,1,False,False,0.0,0.0,0.0,0.0,0.4771317599194635,0.0,0.0,0.0,0.0,0.39362925243709407,0.0,0.0,-0.08350250748236943,0.0,0.0
19,order1,exposure_5,2,False,False,0.8169491525423729,0.5630114785868606,1.0,1.0,0.6891634281457422,0.8169491525423729,0.572942786508493,1.0,1.0,0.7013200083817652,0.0,0.009931307921632326,0.012156580236023062,0.0,0.0
27,order1,exposure_5,3,False,False,0.37057220708446864,0.09684536184970624,0.0,0.0,0.2108382685367549,0.37057220708446864,0.09401626882259345,0.0,0.0,0.20654825452152437,0.0,-0.002829093027112789,-0.004290014015230548,0.0,0.0
7,order1,exposure_5,4,True,False,0.0,0.0,0.0,0.0,0.04878252646962056,0.0,0.0,0.0,0.0,0.04711910449494965,0.0,0.0,-0.0016634219746709047,0.0,0.0
1,order1,exposure_5,5,False,False,0.0,0.0,0.0,0.0,0.0,0.0,0.0,0.0,0.0,0.0,0.0,0.0,0.0,0.0,0.0
25,order1,exposure_5,6,False,False,0.11174785100286533,0.0821378259840912,0.0,0.0,0.7350282376525085,0.11174785100286533,0.082649272871605,0.0,0.0,0.7396050315946192,0.0,0.0005114468875138112,0.004576793942110746,0.0,0.0
3,order1,exposure_5,7,False,False,0.1987179487179487,0.13092607020551722,0.0,0.0,0.46720578601045276,0.1987179487179487,0.12250700729273664,0.0,0.0,0.4849770892365346,0.0,-0.008419062912780578,0.017771303226081836,0.0,0.0
4,order1,exposure_5,8,True,True,0.5048543689320388,0.199601245295638,0.0,0.0,0.4048409394992167,0.18543046357615894,0.04530432669694285,0.0,0.0,0.2851855600343797,-0.3194239053558799,-0.15429691859869515,-0.11965537946483695,0.0,0.0
6,order1,exposure_5,9,False,False,0.5986842105263158,0.4203445200022347,1.0,0.0,0.7512711975137204,0.5986842105263158,0.4136020393576851,1.0,0.0,0.7327764829018236,0.0,-0.006742480644549631,-0.01849471461189678,0.0,0.0
20,order1,exposure_5,10,False,False,0.4742268041237113,0.3055844091819411,1.0,0.0,0.6443845150140932,0.4742268041237113,0.27562409283323175,0.0,0.0,0.5812073261918148,0.0,-0.029960316348709326,-0.06317718882227841,-1.0,0.0
17,order1,exposure_5,11,False,False,0.3951612903225806,0.11278001035805661,0.0,0.0,0.2218863816573384,0.3951612903225806,0.10596260186421198,0.0,0.0,0.210327684611093,0.0,-0.006817408493844629,-0.011558697046245403,0.0,0.0
24,order1,exposure_5,12,True,True,0.597667638483965,0.01958385795642752,0.0,0.0,0.019604643655810283,0.685131195335277,0.014668918543174552,0.0,0.0,0.014668918543174552,0.08746355685131202,-0.004914939413252968,-0.004935725112635731,0.0,0.0
2,order1,exposure_5,13,False,False,0.8333333333333334,0.0002836360935695006,0.0,0.0,0.0002836360935695006,0.8333333333333334,0.19972966891757835,0.0,0.0,0.2461938308517934,0.0,0.19944603282400886,0.2459101947582239,0.0,0.0
0,order1,exposure_5,14,False,False,0.144136078782453,0.02270908047380844,0.0,0.0,0.022790428500926413,0.144136078782453,0.028484735989083885,0.0,0.0,0.03522083300995912,0.0,0.005775655515275445,0.012430404509032704,0.0,0.0
9,order1,exposure_5,15,False,False,0.28865979381443296,0.05661146060494445,0.0,0.0,0.19611827423855757,0.28865979381443296,0.049708356025504434,0.0,0.0,0.17220394765978322,0.0,-0.006903104579440017,-0.023914326578774348,0.0,0.0
26,order1,exposure_5,16,True,True,0.6744904261890056,0.25422994153779505,0.0,0.0,0.35123622765867984,0.8412600370599135,0.2570403278020271,0.0,0.0,0.32283470669812087,0.16676961087090791,0.0028103862642320787,-0.02840152096055898,0.0,0.0
22,order1,exposure_5,17,False,False,0.6785714285714286,0.5000108321872517,1.0,1.0,0.7368580684864762,0.6785714285714286,0.49250315750793794,1.0,0.0,0.7257941268538033,0.0,-0.007507674679313792,-0.01106394163267288,0.0,-1.0
5,order1,exposure_5,18,False,False,0.6312056737588653,0.39842744525974244,1.0,0.0,0.633410438060328,0.6312056737588653,0.4082309705515914,1.0,0.0,0.648963831214195,0.0,0.009803525291848969,0.015553393153866946,0.0,0.0
13,order1,exposure_5,19,False,False,0.05448717948717949,0.035057957644215626,0.0,0.0,0.6434166344114868,0.05448717948717949,0.03591824633247953,0.0,0.0,0.6592054621019773,0.0,0.0008602886882639049,0.015788827690490503,0.0,0.0
18,order1,exposure_5,20,True,True,0.0,0.0,0.0,0.0,0.033300833271843404,0.2616279069767442,0.013973662596286216,0.0,0.0,0.05341044370136065,0.2616279069767442,0.013973662596286216,0.020109610429517248,0.0,0.0
10,order1,exposure_5,21,False,False,0.8282208588957055,0.22971982004956285,0.0,0.0,0.2587915610898321,0.8282208588957055,0.22009927634142978,0.0,0.0,0.24868218040630788,0.0,-0.009620543708133061,-0.01010938068352421,0.0,0.0
28,order1,exposure_5,22,False,False,0.9043478260869565,0.6373055974733594,1.0,1.0,0.7047129202830416,0.9043478260869565,0.6352644657352318,1.0,1.0,0.7024558996110736,0.0,-0.0020411317381275884,-0.0022570206719679797,0.0,0.0
31,order1,exposure_5,23,False,False,0.9222520107238605,0.0,0.0,0.0,0.0,0.9222520107238605,0.0,0.0,0.0,0.0,0.0,0.0,0.0,0.0,0.0
23,order1,exposure_5,24,True,True,0.0,0.0,0.0,0.0,0.2548496960788968,0.0,0.0,0.0,0.0,0.387132964942129,0.0,0.0,0.13228326886323222,0.0,0.0
21,order1,exposure_5,25,False,False,0.7032967032967034,0.32470839356498477,1.0,0.0,0.4616947471002127,0.7032967032967034,0.28875454056044136,0.0,0.0,0.41057286235937757,0.0,-0.0359538530045434,-0.05112188474083512,-1.0,0.0
11,order1,exposure_5,26,False,False,0.84375,0.6312342220880326,1.0,1.0,0.7214105395291801,0.84375,0.6451799565577465,1.0,1.0,0.7373485217802818,0.0,0.013945734469713922,0.015937982251101657,0.0,0.0
12,order1,exposure_5,27,False,False,0.3542319749216301,0.14431434872113175,0.0,0.0,0.40740068355788517,0.3542319749216301,0.14227850957858962,0.0,0.0,0.40165349164221315,0.0,-0.0020358391425421285,-0.005747191915672023,0.0,0.0
29,order1,exposure_5,28,True,True,0.0,0.0,0.0,0.0,0.0,0.0,0.0,0.0,0.0,0.0,0.0,0.0,0.0,0.0,0.0
16,order1,exposure_5,29,False,False,0.11219512195121951,2.3292963168616153e-05,0.0,0.0,0.00020761119345940484,0.11219512195121951,0.0003127430476236816,0.0,0.0,0.002787492380993684,0.0,0.00028945008445506546,0.0025798811875342794,0.0,0.0
30,order1,exposure_5,30,False,False,0.3127962085308057,0.08492406884259147,0.0,0.0,0.2694211499643569,0.3127962085308057,0.11508527651251939,0.0,0.0,0.35699147622270505,0.0,0.030161207669927914,0.08757032625834815,0.0,0.0
14,order1,exposure_5,31,False,False,0.0,0.0,0.0,0.0,0.37860629683186986,0.0,0.0,0.0,0.0,0.386486268529115,0.0,0.0,0.007879971697245136,0.0,0.0
1,order2,exposure_5,0,True,True,0.0,0.0,0.0,0.0,0.0,0.0,0.0,0.0,0.0,0.0,0.0,0.0,0.0,0.0,0.0
18,order2,exposure_5,1,False,False,0.0,0.0,0.0,0.0,0.033300833271843404,0.0,0.0,0.0,0.0,0.03938133350532003,0.0,0.0,0.0060805002334766295,0.0,0.0
20,order2,exposure_5,2,False,False,0.4742268041237113,0.3055844091819411,1.0,0.0,0.6443845150140932,0.4742268041237113,0.3338967991192882,1.0,0.0,0.7040867285776294,0.0,0.028312389937347138,0.05970221356353622,0.0,0.0
22,order2,exposure_5,3,False,False,0.6785714285714286,0.5000108321872517,1.0,1.0,0.7368580684864762,0.6785714285714286,0.47813783798273624,1.0,0.0,0.7046241822903481,0.0,-0.021872994204515495,-0.0322338861961281,0.0,-1.0
10,order2,exposure_5,4,True,True,0.8282208588957055,0.22971982004956285,0.0,0.0,0.2587915610898321,0.7988165680473372,0.23089338455073008,0.0,0.0,0.2698043045966352,-0.029404290848368264,0.0011735645011672347,0.011012743506803091,0.0,0.0
17,order2,exposure_5,5,False,False,0.3951612903225806,0.11278001035805661,0.0,0.0,0.2218863816573384,0.3951612903225806,0.1104193054417644,0.0,0.0,0.2074690149545522,0.0,-0.002360704916292214,-0.014417366702786205,0.0,0.0
16,order2,exposure_5,6,False,False,0.11219512195121951,2.3292963168616153e-05,0.0,0.0,0.00020761119345940484,0.11219512195121951,0.0,0.0,0.0,0.0,0.0,-2.3292963168616153e-05,-0.00020761119345940484,0.0,0.0
13,order2,exposure_5,7,False,False,0.05448717948717949,0.035057957644215626,0.0,0.0,0.6434166344114868,0.05448717948717949,0.035024473563414045,0.0,0.0,0.6428021030461872,0.0,-3.3484080801580995e-05,-0.0006145313652995421,0.0,0.0
15,order2,exposure_5,8,True,True,0.0,0.0,0.0,0.0,0.4771317599194635,0.009828009828009828,0.004700738796703077,0.0,0.0,0.4670318316280283,0.009828009828009828,0.004700738796703077,-0.01009992829143519,0.0,0.0
31,order2,exposure_5,9,False,False,0.9222520107238605,0.0,0.0,0.0,0.0,0.9222520107238605,0.0,0.0,0.0,0.0,0.0,0.0,0.0,0.0,0.0
23,order2,exposure_5,10,False,False,0.0,0.0,0.0,0.0,0.2548496960788968,0.0,0.0,0.0,0.0,0.07983908379608766,0.0,0.0,-0.17501061228280912,0.0,0.0
28,order2,exposure_5,11,False,False,0.9043478260869565,0.6373055974733594,1.0,1.0,0.7047129202830416,0.9043478260869565,0.6314387243289161,1.0,1.0,0.6982255124790899,0.0,-0.00586687314444323,-0.006487407803951628,0.0,0.0
30,order2,exposure_5,12,True,True,0.3127962085308057,0.08492406884259147,0.0,0.0,0.2694211499643569,0.32195121951219513,0.1192040267468645,0.0,0.0,0.35976322778170056,0.009155010981389433,0.03427995790427303,0.09034207781734366,0.0,0.0
21,order2,exposure_5,13,False,False,0.7032967032967034,0.32470839356498477,1.0,0.0,0.4616947471002127,0.7032967032967034,0.3115305424933592,1.0,0.0,0.44295749010774516,0.0,-0.013177851071625557,-0.018737256992467533,0.0,0.0
4,order2,exposure_5,14,False,False,0.5048543689320388,0.199601245295638,0.0,0.0,0.4048409394992167,0.5048543689320388,0.22033014492052222,0.0,0.0,0.43691637712795084,0.0,0.020728899624884223,0.03207543762873416,0.0,0.0
26,order2,exposure_5,15,False,False,0.6744904261890056,0.25422994153779505,0.0,0.0,0.35123622765867984,0.6744904261890056,0.25983631984048683,0.0,0.0,0.357363722924312,0.0,0.0056063783026917835,0.006127495265632166,0.0,0.0
11,order2,exposure_5,16,True,True,0.84375,0.6312342220880326,1.0,1.0,0.7214105395291801,0.7105263157894737,0.5631551901517624,1.0,1.0,0.7642820437773918,-0.13322368421052633,-0.06807903193627018,0.042871504248211734,0.0,0.0
14,order2,exposure_5,17,False,False,0.0,0.0,0.0,0.0,0.37860629683186986,0.0,0.0,0.0,0.0,0.45806330892766095,0.0,0.0,0.07945701209579109,0.0,0.0
27,order2,exposure_5,18,False,False,0.37057220708446864,0.09684536184970624,0.0,0.0,0.2108382685367549,0.37057220708446864,0.10874851485704153,0.0,0.0,0.23700601423792847,0.0,0.011903153007335285,0.026167745701173556,0.0,0.0
0,order2,exposure_5,19,False,False,0.144136078782453,0.02270908047380844,0.0,0.0,0.022790428500926413,0.144136078782453,0.012362252306057092,0.0,0.0,0.012362252306057092,0.0,-0.010346828167751348,-0.010428176194869321,0.0,0.0
19,order2,exposure_5,20,True,True,0.8169491525423729,0.5630114785868606,1.0,1.0,0.6891634281457422,0.8006644518272426,0.5620842942216174,1.0,1.0,0.702022292783016,-0.01628470071513033,-0.0009271843652431944,0.012858864637273815,0.0,0.0
12,order2,exposure_5,21,False,False,0.3542319749216301,0.14431434872113175,0.0,0.0,0.40740068355788517,0.3542319749216301,0.1157842169622661,0.0,0.0,0.32685986912356535,0.0,-0.02853013175886565,-0.08054081443431982,0.0,0.0
8,order2,exposure_5,22,False,False,0.8161209068010076,0.09934382926630016,0.0,0.0,0.149219714443796,0.8161209068010076,0.12595674429118628,0.0,0.0,0.16064841149881254,0.0,0.026612915024886122,0.011428697055016535,0.0,0.0
24,order2,exposure_5,23,False,False,0.597667638483965,0.01958385795642752,0.0,0.0,0.019604643655810283,0.597667638483965,0.01886346046896832,0.0,0.0,0.019566141537541153,0.0,-0.0007203974874591991,-3.850211826912989e-05,0.0,0.0
3,order2,exposure_5,24,True,True,0.1987179487179487,0.13092607020551722,0.0,0.0,0.46720578601045276,0.391025641025641,0.2398126910637191,0.0,0.0,0.5147227601217058,0.19230769230769232,0.10888662085820189,0.04751697411125305,0.0,0.0
5,order2,exposure_5,25,False,False,0.6312056737588653,0.39842744525974244,1.0,0.0,0.633410438060328,0.6312056737588653,0.41522851985436127,1.0,0.0,0.6598389333966048,0.0,0.016801074594618826,0.02642849533627678,0.0,0.0
2,order2,exposure_5,26,False,False,0.8333333333333334,0.0002836360935695006,0.0,0.0,0.0002836360935695006,0.8333333333333334,0.3035044624525195,1.0,0.0,0.3618558048582542,0.0,0.30322082635895,0.3615721687646847,1.0,0.0
7,order2,exposure_5,27,False,False,0.0,0.0,0.0,0.0,0.04878252646962056,0.0,0.0,0.0,0.0,0.0,0.0,0.0,-0.04878252646962056,0.0,0.0
6,order2,exposure_5,28,True,True,0.5986842105263158,0.4203445200022347,1.0,0.0,0.7512711975137204,0.9733333333333334,0.7667458863755829,1.0,1.0,0.7877526229886126,0.37464912280701756,0.34640136637334823,0.03648142547489219,0.0,1.0
9,order2,exposure_5,29,False,False,0.28865979381443296,0.05661146060494445,0.0,0.0,0.19611827423855757,0.28865979381443296,0.06371466308962109,0.0,0.0,0.22072579713190166,0.0,0.007103202484676642,0.024607522893344086,0.0,0.0
25,order2,exposure_5,30,False,False,0.11174785100286533,0.0821378259840912,0.0,0.0,0.7350282376525085,0.11174785100286533,0.08479782121366916,0.0,0.0,0.7588317847069368,0.0,0.002659995229577966,0.02380354705442833,0.0,0.0
29,order2,exposure_5,31,False,False,0.0,0.0,0.0,0.0,0.0,0.0,0.0,0.0,0.0,0.0,0.0,0.0,0.0,0.0,0.0
