dataset,method,aggregation,queries,parent_sources,After_v,After_t,After_s,After_R0.3,After_R0.5,Before_v,Before_t,Before_s,delta_total_v,delta_total_t,delta_total_s,delta_inherited_v,delta_current_v,inherited_boxes_v,inherited_time_v,current_boxes_v,current_time_v,correct_to_wrong_0.3,wrong_to_correct_0.3,correct_to_wrong_0.5,wrong_to_correct_0.5,delta_v_ci95_low_pp,delta_v_ci95_high_pp
vidstg,Source Only,source_macro,10303,732,12.064712692706413,32.568900298694345,34.49942916979417,14.27176875541062,3.127043069222837,12.064712692706413,32.568900298694345,34.49942916979417,0.0,0.0,0.0,0.0,0.0,0.0,0.0,0.0,0.0,0.0,0.0,0.0,0.0,0.0,0.0
vidstg,Source Only,query_macro,10303,732,11.129102493878497,31.703333707594478,32.757904263791524,12.831214209453556,3.3000097059108993,11.129102493878497,31.703333707594478,32.757904263791524,0.0,0.0,0.0,0.0,0.0,0.0,0.0,0.0,0.0,0.0,0.0,0.0,0.0,0.0,0.0
vidstg,DINO-Refine,source_macro,10303,732,15.372359925001392,32.568900298694345,38.27169526446447,20.077758583888873,7.827521757096205,12.064712692706413,32.568900298694345,34.49942916979417,3.307647232294978,0.0,3.772266094670307,0.0,3.307647232294978,0.0,0.0,3.307647232294978,0.0,1.6899682691920266,7.4959580976702815,0.45304221877933476,5.153520906652704,2.9092947456840714,3.7202708971548573
vidstg,DINO-Refine,query_macro,10303,732,13.984856686282852,31.703333707594478,35.70967931931896,18.023876540813355,6.9203144715131515,11.129102493878497,31.703333707594478,32.757904263791524,2.855754192404352,0.0,2.9517750555274467,0.0,2.855754192404352,0.0,0.0,2.855754192404352,0.0,1.630593031155974,6.823255362515772,0.5532369212850625,4.173541686887314,2.5318161478794106,3.197593268523887
vidstg,Target-trained reference,source_macro,10303,732,21.449429800278576,45.31613067757627,44.0994749385893,31.730404836405956,15.883765997575527,12.064712692706413,32.568900298694345,34.49942916979417,9.384717107572166,12.747230378881932,9.600045768795136,0.0,9.384717107572166,0.0,0.0,3.1924710219599377,6.1922460856122274,2.864639563026236,20.32327564402157,0.6827556572335415,13.439478585586231,8.587553736459915,10.214758083558426
vidstg,Target-trained reference,query_macro,10303,732,19.296157969172597,42.74974888856084,42.32456152964306,28.13743569834029,13.10297971464622,11.129102493878497,31.703333707594478,32.757904263791524,8.167055475294102,11.046415180966351,9.566657265851545,0.0,8.167055475294102,0.0,0.0,3.115940373354243,5.05111510193986,2.8438318936232165,18.15005338250995,0.9317674463748423,10.734737455110162,7.522490407555221,8.850075757901156
vidstg,TENT-STVG,source_macro,10303,732,9.511892888287596,25.819437677805617,34.520325400778106,10.726788215962879,2.3818264217186487,9.523230879162945,25.858438496812287,34.52035031449082,-2.552819804418818,-6.749462620888727,0.020896230983940826,-2.5414818135434665,-0.011337990875351533,0.0007661926604850293,-2.5422480062039523,0.00016040977482104286,-0.011498400650172573,5.6582544923055105,2.113273952857773,1.7266246544061996,0.9814080069020122,-2.846536291081951,-2.2665446037383754
vidstg,TENT-STVG,query_macro,10303,732,8.720757760320172,24.97264857419536,32.767238757130926,9.773852276036104,2.271183150538678,8.732445661193024,25.007655744726044,32.76632800482131,-2.4083447335583243,-6.730685133399121,0.009334493339407527,-2.396656832685474,-0.011687900872850645,0.0038295656341431725,-2.400486398319617,0.00017772015294678352,-0.011865621025797428,5.186191724093305,2.1288297906758546,1.8117700346177485,0.7829434792455271,-2.6617650832970337,-2.1645794862192957
vidstg,SAR-STVG,source_macro,10303,732,12.064712692706413,32.568900298694345,34.49942916979417,14.27176875541062,3.127043069222837,12.064712692706413,32.568900298694345,34.49942916979417,0.0,0.0,0.0,0.0,0.0,0.0,0.0,0.0,0.0,0.0,0.0,0.0,0.0,0.0,0.0
vidstg,SAR-STVG,query_macro,10303,732,11.129102493878497,31.703333707594478,32.757904263791524,12.831214209453556,3.3000097059108993,11.129102493878497,31.703333707594478,32.757904263791524,0.0,0.0,0.0,0.0,0.0,0.0,0.0,0.0,0.0,0.0,0.0,0.0,0.0,0.0,0.0
hc2,Source Only,source_macro,3482,237,21.07153894393072,41.5163291296406,49.39992613131385,30.535715974300892,8.899187761367903,21.07153894393072,41.5163291296406,49.39992613131385,0.0,0.0,0.0,0.0,0.0,0.0,0.0,0.0,0.0,0.0,0.0,0.0,0.0,0.0,0.0
hc2,Source Only,query_macro,3482,237,20.017051956847666,40.31113712968891,48.54969225453839,27.570361860999427,7.639287765651924,20.017051956847666,40.31113712968891,48.54969225453839,0.0,0.0,0.0,0.0,0.0,0.0,0.0,0.0,0.0,0.0,0.0,0.0,0.0,0.0,0.0
hc2,DINO-Refine,source_macro,3482,237,21.888219981294867,41.5163291296406,44.76107398372386,31.622633944056705,10.422242116182577,21.07153894393072,41.5163291296406,49.39992613131385,0.8166810373641522,0.0,-4.638852147589995,0.0,0.8166810373641522,0.0,0.0,0.8166810373641522,0.0,5.988290988606434,7.075208958362249,2.184552705369929,3.707607060184602,0.1715396316081621,1.4427830936176274
hc2,DINO-Refine,query_macro,3482,237,20.673346204082705,40.31113712968891,43.631287866070096,28.92016082711086,9.075244112578977,20.017051956847666,40.31113712968891,48.54969225453839,0.6562942472350345,0.0,-4.918404388468295,0.0,0.6562942472350345,0.0,0.0,0.6562942472350345,0.0,5.772544514646754,7.122343480758185,2.182653647329121,3.6186099942561745,0.24988722784484377,1.0542948357620718
hc2,Target-trained reference,source_macro,3482,237,29.89504425228871,57.8352896599328,49.90297560868527,48.430408151355344,14.969589600097432,21.07153894393072,41.5163291296406,49.39992613131385,8.823505308357994,16.31896053029219,0.503049477371416,0.0,8.823505308357994,0.0,0.0,0.0711647631005301,8.752340545257464,7.397669940140792,25.292362117195243,5.448529255406706,11.518931094136235,7.803664300384979,9.85011957704138
hc2,Target-trained reference,query_macro,3482,237,29.055729858660413,57.280425149309636,49.331564992709545,45.95060310166571,14.302125215393453,20.017051956847666,40.31113712968891,48.54969225453839,9.038677901812742,16.969288019620734,0.7818727381711471,0.0,9.038677901812742,0.0,0.0,0.08141868866789542,8.957259213144846,7.0361860999425625,25.416427340608845,4.3940264215967835,11.056863871338312,8.275359858892802,9.785388277408732
hc2,TENT-STVG,source_macro,3482,237,17.436567449838037,34.58002965924969,49.29344049330973,21.37626977396011,5.9064530020302355,17.444635135348484,34.601400676298496,49.29131439240227,-3.6349714940926843,-6.936299470390914,-0.10648563800413151,-3.6269038085822345,-0.008067685510449002,-0.021658866945307595,-3.605244941636928,0.0004911513865842487,-0.008558836897033253,14.082750245715598,4.923304045374818,5.489767695288958,2.49703293595129,-4.257843135331425,-3.0484218576242266
hc2,TENT-STVG,query_macro,3482,237,16.598343180706216,33.33315959499751,48.53550229257236,20.132107983917287,5.035420256557534,16.60369133262772,33.35296418052538,48.530609810030754,-3.418708776141454,-6.977977534691394,-0.014189961966023297,-3.413360624219951,-0.005348151921502732,-0.00022053983124360388,-3.413140084388707,0.0011834201496101612,-0.0065315720711128945,12.272640245069882,4.834386367987746,5.0067011296189925,2.4028336205246026,-3.829976361764368,-3.0185664829315626
hc2,SAR-STVG,source_macro,3482,237,20.994481497750403,41.369740944775565,49.39927538295358,30.471143447407773,8.653370800662456,20.994481497750403,41.369740944775565,49.39927538295358,-0.07705744618031701,-0.14658818486504555,-0.0006507483602695083,-0.07705744618031701,0.0,4.773762674999028e-05,-0.07710518380706699,0.0,0.0,0.1338618459962851,0.0692893191031687,0.24816107697361467,0.002344116268166901,-0.1203774123213434,-0.0397167236862778
hc2,SAR-STVG,query_macro,3482,237,19.938882354427516,40.15165118029584,48.5562343767943,27.465058395558106,7.486119088646371,19.938882354427516,40.15165118029584,48.5562343767943,-0.07816960242015634,-0.1594859493930629,0.006542122255900965,-0.07816960242015634,0.0,0.0005951128995403164,-0.07876471531969667,0.0,0.0,0.1531686770055523,0.04786521156423511,0.16274171931839937,0.009573042312847021,-0.10460544825269419,-0.053278173268023976
hc2,EATA-STVG,source_macro,3482,237,21.071681486237498,41.516777550896435,49.39990184568782,30.535715974300892,8.899187761367903,21.071681486237498,41.516777550896435,49.39990184568782,0.00014254230677819048,0.00044842125583552465,-2.4285626029019838e-05,0.00014254230677819048,0.0,-5.0982743065910446e-05,0.0001935250498441009,0.0,0.0,0.0,0.0,0.0,0.0,-0.00017202795096327901,0.0005994693736424651
hc2,EATA-STVG,query_macro,3482,237,20.017419250544012,40.312419032382934,48.54951627886599,27.570361860999427,7.639287765651924,20.017419250544012,40.312419032382934,48.54951627886599,0.0003672936963440331,0.0012819026940226342,-0.00017597567240232393,0.0003672936963440331,0.0,-0.00018593673046474936,0.0005532304268087825,0.0,0.0,0.0,0.0,0.0,0.0,-0.0005812717042325901,0.0017293275158916086
