trial,state,lr,rho,teacher_temperature,objective_pp
0,COMPLETE,0.005,0.05,1.0,1.2301706821861496
1,COMPLETE,1e-05,0.05,1.0,0.0007364535601739169
2,COMPLETE,0.5,0.05,1.0,-2.2870594612570754
3,COMPLETE,0.005,0.001,1.0,1.2174957456585223
4,COMPLETE,0.005,0.5,1.0,0.45128035879750245
5,COMPLETE,0.005,0.05,0.05,0.9270396486355437
6,COMPLETE,0.005,0.05,20.0,0.06376057630357798
7,COMPLETE,1e-05,0.001,0.05,0.02515168871651857
8,COMPLETE,1e-05,0.001,20.0,4.1861555616214575e-05
9,COMPLETE,1e-05,0.5,0.05,0.008616245995095228
10,COMPLETE,1e-05,0.5,20.0,8.511077998550144e-06
11,COMPLETE,0.5,0.001,0.05,-21.38859796932852
12,COMPLETE,0.5,0.001,20.0,1.2392806344264578
13,COMPLETE,0.5,0.5,0.05,-21.165347885310446
14,COMPLETE,0.5,0.5,20.0,1.2746729093863984
15,COMPLETE,5.807058712657894e-05,0.31700902616232063,7.134554541654327,0.0003764147713230942
16,COMPLETE,0.059706516528347894,0.005777872161656494,4.537634695870575,0.921296904337217
17,COMPLETE,0.0542034362141388,0.005899095561564814,4.798135004366373,0.9727650909716328
18,COMPLETE,0.07133343983765557,0.1498048165813051,8.360161342605503,1.2847046468891898
19,COMPLETE,0.0751562072823754,0.13392657252573273,8.484059432026939,1.2744951568722935
20,COMPLETE,0.000658530254164081,0.17036010766341533,2.3773942388554365,0.031223206653474844
21,COMPLETE,0.0769869480644504,0.14369043142170182,8.082937960336626,1.268102296533966
22,COMPLETE,0.022427271643572104,0.15752874681274945,0.3342385128705425,1.003383169361252
23,COMPLETE,0.17559072247057694,0.10091314062749807,9.135134985959168,0.5391978932688603
24,COMPLETE,0.019952020308725123,0.24724309772102754,10.840731620527622,0.376644146638422
25,COMPLETE,0.1358204589989468,0.023911489593624692,2.5281896916305997,1.0483169148104636
26,COMPLETE,0.018867666597534395,0.1008609805857658,2.6969688580298685,1.2484756296532546
27,COMPLETE,0.0005120512863482577,0.25295961757882796,11.547141072515656,0.0030905232074858505
28,COMPLETE,0.15639701544253162,0.02013067343130196,4.5723820382224565,0.8460017306764295
29,COMPLETE,0.011697930088884024,0.08757745589855373,0.30543882732110766,1.0705812428439558
30,COMPLETE,0.19924985494798236,0.023553067652582967,12.724954329510947,0.9542747435818464
31,COMPLETE,0.059075374135969846,0.15737783390392185,6.418759198043585,1.2711580184715068
32,COMPLETE,0.035665935549758915,0.31184826342259997,5.86147034935932,0.8843094559057152
33,COMPLETE,0.09934993365369701,0.07182834001317165,13.649558341923429,1.2422950968248292
34,COMPLETE,0.24770641994654546,0.1848857727482468,3.3999183242720425,1.1448479582933655
35,COMPLETE,0.03800595324771308,0.33148143909172145,7.63498232569112,0.5699765926034885
36,COMPLETE,0.002382773240097719,0.1194992514483827,0.6601567603285861,0.7186252289138887
37,COMPLETE,0.008935283708184062,0.035120229396040634,13.489504655258598,0.12625014677537086
38,COMPLETE,0.28157894656743293,0.06840509465327244,1.3428635723810034,0.15897787398046337
39,COMPLETE,0.03405695870677234,0.22546294041810028,1.4588905814267676,0.7741917539567179
40,COMPLETE,0.0024041985722799055,0.011409963709425614,3.648396058305757,0.10244168730484825
41,COMPLETE,0.07958188006318387,0.11667133347376642,7.42681963982303,1.253291758650258
42,COMPLETE,0.08864248461868664,0.14696794816074674,9.537466150592657,1.2871443418363475
43,COMPLETE,0.29917597718383077,0.06488074739682664,15.702484182185405,1.0332474200347863
44,COMPLETE,0.10966593490131663,0.19757784966059425,9.528864583977343,1.3190666564572906
45,COMPLETE,0.1150203462196698,0.37540308761607605,9.632533402392601,1.2090225819237472
46,COMPLETE,0.009681933253724821,0.2246012767115229,17.05562566559316,0.10040852790061167
47,COMPLETE,0.3156374228284622,0.038582847197559285,0.0829085792847035,-18.898288224588658
