cell_key,dataset,split,condition,order,source_id,Full_t,A_ROI_t,GT_ROI_t,A_ROI_minus_Full_t,GT_ROI_minus_Full_t,GT_ROI_minus_A_ROI_t,Full_success,A_ROI_success,GT_ROI_success,Full_disjoint,A_ROI_disjoint,GT_ROI_disjoint,Full_oracle_t,A_ROI_oracle_t,GT_ROI_oracle_t
vidstg/search/clean/order1/0,vidstg,search,clean,order1,8,0.9640752046536176,0.238057103065344,0.9614261844219305,-0.7260181015882736,-0.002649020231687116,0.7233690813565865,1.0,0.0,1.0,0.0,0.0,0.0,0.9806851035509354,0.9799517640700707,0.9713253192412548
vidstg/search/clean/order1/4,vidstg,search,clean,order1,7,0.0,0.0,0.0,0.0,0.0,0.0,0.0,0.0,0.0,1.0,1.0,1.0,0.30564701792172444,0.3338468145649296,0.4042715686478621
vidstg/search/clean/order1/8,vidstg,search,clean,order1,4,0.0,0.4213175293376866,0.4212130804700282,0.4213175293376866,0.4212130804700282,-0.00010444886765842432,0.0,0.0,0.0,1.0,0.0,0.0,0.989367635626542,0.9606302245022975,0.911339709633275
vidstg/search/clean/order1/12,vidstg,search,clean,order1,24,0.9834259389926351,0.935121453330717,0.9633009345234463,-0.04830448566191814,-0.020125004469188745,0.028179481192729394,1.0,1.0,1.0,0.0,0.0,0.0,0.9945208046248634,0.9877073208722706,0.9871434692738703
vidstg/search/clean/order1/16,vidstg,search,clean,order1,26,0.8495077636006667,0.08398674414713522,0.1516615934254349,-0.7655210194535315,-0.6978461701752319,0.06767484927829967,1.0,0.0,0.0,0.0,0.0,0.0,0.9548760756362434,0.926569198368242,0.9108634632865596
vidstg/search/clean/order1/20,vidstg,search,clean,order1,18,0.0,0.44660412948902933,0.4769801790752108,0.44660412948902933,0.4769801790752108,0.030376049586181453,0.0,0.0,0.0,1.0,0.0,0.0,0.8698434109609378,0.8156039505293441,0.8532297024682582
vidstg/search/clean/order1/24,vidstg,search,clean,order1,23,0.04283696276711118,0.0,0.044408098745408194,-0.04283696276711118,0.0015711359782970141,0.044408098745408194,0.0,0.0,0.0,0.0,1.0,0.0,0.8758941650390625,0.8587982177734375,0.826678466796875
vidstg/search/clean/order1/28,vidstg,search,clean,order1,29,0.20615572645288838,0.22398968432140245,0.1208340234773778,0.017833957868514078,-0.08532170297551057,-0.10315566084402465,0.0,0.0,0.0,0.0,0.0,0.0,0.9624403168809058,0.9514626773144198,0.9596309332093703
vidstg/search/clean/order2/0,vidstg,search,clean,order2,1,0.03537099797121673,0.03694629544242066,0.0,0.0015752974712039264,-0.03537099797121673,-0.03694629544242066,0.0,0.0,0.0,0.0,0.0,1.0,0.7991518048535041,0.7970847439399571,0.8139926655567725
vidstg/search/clean/order2/4,vidstg,search,clean,order2,10,0.36480556479858084,0.3284654071904501,0.3823475810295156,-0.03634015760813075,0.017542016230934765,0.05388217383906552,0.0,0.0,0.0,0.0,0.0,0.0,0.9232803128046185,0.9348933997271429,0.9293069200289569
vidstg/search/clean/order2/8,vidstg,search,clean,order2,15,0.24824783115541343,0.22502483194910708,0.21973369410215482,-0.023222999206306355,-0.028514137053258615,-0.00529113784695226,0.0,0.0,0.0,0.0,0.0,0.0,0.5051975933427636,0.47152982462925086,0.46165889292667445
vidstg/search/clean/order2/12,vidstg,search,clean,order2,30,0.40463397293131065,0.5628792663271469,0.3973413467424722,0.15824529339583626,-0.007292626188838469,-0.16553791958467473,0.0,1.0,0.0,0.0,0.0,0.0,0.9595402143072407,0.9100504852891338,0.9879124156939678
vidstg/search/clean/order2/16,vidstg,search,clean,order2,11,0.7189258237204177,0.8202024696851707,0.79130503223406,0.10127664596475305,0.07237920851364232,-0.02889743745111073,1.0,1.0,1.0,0.0,0.0,0.0,0.7189258237204177,0.8202024696851707,0.79130503223406
vidstg/search/clean/order2/20,vidstg,search,clean,order2,19,0.542416868131786,0.555316612995273,0.5947656013612351,0.012899744863486995,0.05234873322944911,0.03944898836596211,1.0,1.0,1.0,0.0,0.0,0.0,0.8044123222115901,0.8363572397051202,0.7706603574163458
vidstg/search/clean/order2/24,vidstg,search,clean,order2,3,0.49844144786733424,0.5006151385252394,0.4989941779507519,0.0021736906579051807,0.0005527300834176629,-0.0016209605744875177,0.0,1.0,0.0,0.0,0.0,0.0,0.8604006767272949,0.8531648317972819,0.8449413776397705
vidstg/search/clean/order2/28,vidstg,search,clean,order2,6,0.02914546041016326,0.45866472097298455,0.0022780593790192355,0.4295192605628213,-0.026867401031144024,-0.4563866615939653,0.0,0.0,0.0,0.0,0.0,0.0,0.9255685675634097,0.867899332960991,0.9086807982562339
vidstg/search/frame_drop_5/order1/0,vidstg,search,frame_drop_5,order1,8,0.9384325565435947,0.26026735122387223,0.9410301990998097,-0.6781652053197225,0.002597642556214974,0.6807628478759374,1.0,0.0,1.0,0.0,0.0,0.0,0.9876111929233258,0.9751616270114214,0.9772765003717863
vidstg/search/frame_drop_5/order1/4,vidstg,search,frame_drop_5,order1,7,0.0,0.0,0.0,0.0,0.0,0.0,0.0,0.0,0.0,1.0,1.0,1.0,0.3062785838296894,0.32541981149109817,0.4004664079091582
vidstg/search/frame_drop_5/order1/8,vidstg,search,frame_drop_5,order1,4,0.0,0.43109112864500376,0.4212130804700282,0.43109112864500376,0.4212130804700282,-0.009878048174975562,0.0,0.0,0.0,1.0,0.0,0.0,0.989367635626542,0.9731056872955388,0.911339709633275
vidstg/search/frame_drop_5/order1/12,vidstg,search,frame_drop_5,order1,24,0.9304867501245188,0.9603885279002368,0.94706818162541,0.029901777775718008,0.016581431500891197,-0.013320346274826811,1.0,1.0,1.0,0.0,0.0,0.0,0.9964419099401802,0.9828080229226361,0.9828080229226361
vidstg/search/frame_drop_5/order1/16,vidstg,search,frame_drop_5,order1,26,0.8896068984111738,0.08349080866757211,0.14881641614178104,-0.8061160897436017,-0.7407904822693927,0.06532560747420893,1.0,0.0,0.0,0.0,0.0,0.0,0.9310194955807305,0.8502225728591627,0.8949866726400609
vidstg/search/frame_drop_5/order1/20,vidstg,search,frame_drop_5,order1,18,0.2252515302805712,0.23587151811731644,0.2693474567243283,0.010619987836745226,0.044095926443757094,0.03347593860701187,0.0,0.0,0.0,0.0,0.0,0.0,0.7114024974681713,0.6873670789930556,0.7282011743305522
vidstg/search/frame_drop_5/order1/24,vidstg,search,frame_drop_5,order1,23,0.04283696276711118,0.0,0.044408098745408194,-0.04283696276711118,0.0015711359782970141,0.044408098745408194,0.0,0.0,0.0,0.0,1.0,0.0,0.8758941650390625,0.8430788441498073,0.826678466796875
vidstg/search/frame_drop_5/order1/28,vidstg,search,frame_drop_5,order1,29,0.22065798961307115,0.22411121082163526,0.16105414288312428,0.0034532212085641167,-0.05960384672994687,-0.06305706793851099,0.0,0.0,0.0,0.0,0.0,0.0,0.9502350639461031,0.900489534344103,0.9397105023945449
vidstg/search/frame_drop_5/order2/0,vidstg,search,frame_drop_5,order2,1,0.0,0.012671908098612341,0.0,0.012671908098612341,0.0,-0.012671908098612341,0.0,0.0,0.0,1.0,0.0,1.0,0.7997204924265778,0.7810250049969851,0.8149806697340116
vidstg/search/frame_drop_5/order2/4,vidstg,search,frame_drop_5,order2,10,0.5939743222328914,0.5476056360510245,0.5589701286541672,-0.04636868618186685,-0.035004193578724196,0.01136449260314265,1.0,1.0,1.0,0.0,0.0,0.0,0.9143105366586964,0.9247259786027094,0.9187035019557291
vidstg/search/frame_drop_5/order2/8,vidstg,search,frame_drop_5,order2,15,0.24824783115541343,0.0815676310202282,0.21973369410215482,-0.16668020013518525,-0.028514137053258615,0.13816606308192664,0.0,0.0,0.0,0.0,0.0,0.0,0.5051975933427636,0.4695276898270105,0.46165889292667445
vidstg/search/frame_drop_5/order2/12,vidstg,search,frame_drop_5,order2,30,0.40463397293131065,0.42670763250067645,0.3973413467424722,0.0220736595693658,-0.007292626188838469,-0.02936628575820427,0.0,0.0,0.0,0.0,0.0,0.0,0.9595402143072407,0.9912998359172772,0.9879124156939678
vidstg/search/frame_drop_5/order2/16,vidstg,search,frame_drop_5,order2,11,0.7187669590253699,0.8044707367149978,0.7966790631500275,0.08570377768962789,0.07791210412465754,-0.007791673564970347,1.0,1.0,1.0,0.0,0.0,0.0,0.7187669590253699,0.8044707367149978,0.7966790631500275
vidstg/search/frame_drop_5/order2/20,vidstg,search,frame_drop_5,order2,19,0.5516997106158728,0.55554693397718,0.5549751506092097,0.0038472233613072726,0.003275439993336904,-0.0005717833679703688,1.0,1.0,1.0,0.0,0.0,0.0,0.8120415671806008,0.8077332875380836,0.866799570062545
vidstg/search/frame_drop_5/order2/24,vidstg,search,frame_drop_5,order2,3,0.49844144786733424,0.5004377878886749,0.4989941779507519,0.001996340021340637,0.0005527300834176629,-0.0014436099379229739,0.0,1.0,0.0,0.0,0.0,0.0,0.8604006767272949,0.8490062554677328,0.8449413776397705
vidstg/search/frame_drop_5/order2/28,vidstg,search,frame_drop_5,order2,6,0.033211131580259345,0.008682335883602154,0.005919129162955972,-0.02452879569665719,-0.027292002417303375,-0.0027632067206461823,0.0,0.0,0.0,0.0,0.0,0.0,0.9300983376698951,0.8782118705854024,0.9127604340853757
vidstg/search/frame_freeze_5/order1/0,vidstg,search,frame_freeze_5,order1,8,0.963733012859638,0.22594645092120538,0.9409756391476363,-0.7377865619384326,-0.022757373712001705,0.7150291882264309,1.0,0.0,1.0,0.0,0.0,0.0,0.9808481711607713,0.9865490216475267,0.9729903612381373
vidstg/search/frame_freeze_5/order1/4,vidstg,search,frame_freeze_5,order1,7,0.0,0.0,0.0,0.0,0.0,0.0,0.0,0.0,0.0,1.0,1.0,1.0,0.30568609396178625,0.3358458240619797,0.4047051373529364
vidstg/search/frame_freeze_5/order1/8,vidstg,search,frame_freeze_5,order1,4,0.0,0.42737492487173656,0.4212130804700282,0.42737492487173656,0.4212130804700282,-0.006161844401708361,0.0,0.0,0.0,1.0,0.0,0.0,0.989367635626542,0.9658257065964512,0.911339709633275
vidstg/search/frame_freeze_5/order1/12,vidstg,search,frame_freeze_5,order1,24,0.9838953222409587,0.9583944770763524,0.9614873642907785,-0.025500845164606267,-0.022407957950180135,0.003092887214426132,1.0,1.0,1.0,0.0,0.0,0.0,0.9941757691497358,0.9909740926225401,0.9916194993622449
vidstg/search/frame_freeze_5/order1/16,vidstg,search,frame_freeze_5,order1,26,0.8556473188809288,0.086901142263651,0.15187505519327107,-0.7687461766172778,-0.7037722636876578,0.06497391292962007,1.0,0.0,0.0,0.0,0.0,0.0,0.8771258443133783,0.9200127100315838,0.9111036873708646
vidstg/search/frame_freeze_5/order1/20,vidstg,search,frame_freeze_5,order1,18,0.0,0.432523014320976,0.41508411225818453,0.432523014320976,0.41508411225818453,-0.017438902062791473,0.0,0.0,0.0,1.0,0.0,0.0,0.911715296717402,0.713960548683449,0.8319800919150118
vidstg/search/frame_freeze_5/order1/24,vidstg,search,frame_freeze_5,order1,23,0.04283696276711118,0.0,0.044408098745408194,-0.04283696276711118,0.0015711359782970141,0.044408098745408194,0.0,0.0,0.0,0.0,1.0,0.0,0.8758941650390625,0.856689793079729,0.826678466796875
vidstg/search/frame_freeze_5/order1/28,vidstg,search,frame_freeze_5,order1,29,0.20481760007950534,0.22392922192142323,0.12006895401879049,0.019111621841917892,-0.08474864606071485,-0.10386026790263274,0.0,0.0,0.0,0.0,0.0,0.0,0.96273221236099,0.9284299258079138,0.9593355059348203
vidstg/search/frame_freeze_5/order2/0,vidstg,search,frame_freeze_5,order2,1,0.03536914362170141,0.00434973012454441,0.0,-0.031019413497157002,-0.03536914362170141,-0.00434973012454441,0.0,0.0,0.0,0.0,0.0,1.0,0.7974097299069633,0.8079625870188791,0.8156761840743842
vidstg/search/frame_freeze_5/order2/4,vidstg,search,frame_freeze_5,order2,10,0.3720774411882499,0.4057364861031346,0.3829971411288102,0.033659044914884695,0.010919699940560301,-0.022739344974324394,0.0,0.0,0.0,0.0,0.0,0.0,0.923086696346599,0.9358866486150714,0.9307533320050698
vidstg/search/frame_freeze_5/order2/8,vidstg,search,frame_freeze_5,order2,15,0.24824783115541343,0.08730233563237799,0.21973369410215482,-0.16094549552303544,-0.028514137053258615,0.13243135846977683,0.0,0.0,0.0,0.0,0.0,0.0,0.5051975933427636,0.4719515255171793,0.46165889292667445
vidstg/search/frame_freeze_5/order2/12,vidstg,search,frame_freeze_5,order2,30,0.40463397293131065,0.49991465169689253,0.3973413467424722,0.09528067876558188,-0.007292626188838469,-0.10257330495442035,0.0,0.0,0.0,0.0,0.0,0.0,0.9595402143072407,0.9318636191251843,0.9879124156939678
vidstg/search/frame_freeze_5/order2/16,vidstg,search,frame_freeze_5,order2,11,0.7189234869661314,0.8026869457766068,0.7909385923349932,0.08376345881047542,0.0720151053688618,-0.011748353441613624,1.0,1.0,1.0,0.0,0.0,0.0,0.7189234869661314,0.8026869457766068,0.7909385923349932
vidstg/search/frame_freeze_5/order2/20,vidstg,search,frame_freeze_5,order2,19,0.5467880420581047,0.5563137597183874,0.6298858104408213,0.009525717660282651,0.08309776838271654,0.07357205072243389,1.0,1.0,1.0,0.0,0.0,0.0,0.7883765971706845,0.7913600016252917,0.762921865393567
vidstg/search/frame_freeze_5/order2/24,vidstg,search,frame_freeze_5,order2,3,0.49844144786733424,0.5017309649542765,0.4989941779507519,0.0032895170869422508,0.0005527300834176629,-0.002736787003524588,0.0,1.0,0.0,0.0,0.0,0.0,0.8604006767272949,0.8556890487670898,0.8449413776397705
vidstg/search/frame_freeze_5/order2/28,vidstg,search,frame_freeze_5,order2,6,0.03138067975446442,0.1731585683961004,0.009127726118859503,0.14177788864163596,-0.022252953635604922,-0.16403084227724088,0.0,0.0,0.0,0.0,0.0,0.0,0.9258054968428938,0.8661899827931026,0.9089414518173426
vidstg/search/motion_blur_5/order1/0,vidstg,search,motion_blur_5,order1,8,0.9488596965105106,0.2631924623098129,0.9405017406512529,-0.6856672342006978,-0.008357955859257693,0.6773092783414401,1.0,0.0,1.0,0.0,0.0,0.0,0.9846746765650236,0.9857288377493217,0.9741785494944988
vidstg/search/motion_blur_5/order1/4,vidstg,search,motion_blur_5,order1,7,0.0,0.0,0.0,0.0,0.0,0.0,0.0,0.0,0.0,1.0,1.0,1.0,0.30576542701228165,0.33878307635444077,0.40350501095665753
vidstg/search/motion_blur_5/order1/8,vidstg,search,motion_blur_5,order1,4,0.0,0.4281867870854304,0.4212130804700282,0.4281867870854304,0.4212130804700282,-0.006973706615402198,0.0,0.0,0.0,1.0,0.0,0.0,0.989367635626542,0.9696479273389658,0.911339709633275
vidstg/search/motion_blur_5/order1/12,vidstg,search,motion_blur_5,order1,24,0.8107097239257991,0.955074765173206,0.9592959149860721,0.1443650412474069,0.14858619106027304,0.004221149812866143,1.0,1.0,1.0,0.0,0.0,0.0,0.9828080229226361,0.9947145867973305,0.9890500616401695
vidstg/search/motion_blur_5/order1/16,vidstg,search,motion_blur_5,order1,26,0.8674838340739429,0.08218857998538547,0.15114809888569802,-0.7852952540885575,-0.7163357351882449,0.06895951890031256,1.0,0.0,0.0,0.0,0.0,0.0,0.9063036454044128,0.9152566842367517,0.8783250560474231
vidstg/search/motion_blur_5/order1/20,vidstg,search,motion_blur_5,order1,18,0.22922081542776257,0.22154870170187776,0.34769427587115576,-0.007672113725884805,0.11847346044339319,0.126145574169278,0.0,0.0,0.0,0.0,0.0,0.0,0.8312594943576389,0.9561916775173611,0.7882191754387657
vidstg/search/motion_blur_5/order1/24,vidstg,search,motion_blur_5,order1,23,0.04283696276711118,0.0,0.044408098745408194,-0.04283696276711118,0.0015711359782970141,0.044408098745408194,0.0,0.0,0.0,0.0,1.0,0.0,0.8758941650390625,0.84647216796875,0.826678466796875
vidstg/search/motion_blur_5/order1/28,vidstg,search,motion_blur_5,order1,29,0.21162454883022033,0.22401182514614953,0.14949753240559013,0.012387276315929202,-0.0621270164246302,-0.0745142927405594,0.0,0.0,0.0,0.0,0.0,0.0,0.9597517581808644,0.9325085691805409,0.9493481593910745
vidstg/search/motion_blur_5/order2/0,vidstg,search,motion_blur_5,order2,1,0.035458534836906155,0.0371995334284465,0.0,0.001740998591540345,-0.035458534836906155,-0.0371995334284465,0.0,0.0,0.0,0.0,0.0,1.0,0.8013203636577368,0.7825594018316935,0.8148093024238896
vidstg/search/motion_blur_5/order2/4,vidstg,search,motion_blur_5,order2,10,0.44684620194787517,0.4514239718245771,0.5541886313614908,0.004577769876701943,0.1073424294136156,0.10276465953691366,0.0,0.0,1.0,0.0,0.0,0.0,0.9337769672363251,0.9307468935407005,0.9298928511847853
vidstg/search/motion_blur_5/order2/8,vidstg,search,motion_blur_5,order2,15,0.24824783115541343,0.09336285825455717,0.21973369410215482,-0.15488497290085626,-0.028514137053258615,0.12637083584759765,0.0,0.0,0.0,0.0,0.0,0.0,0.5051975933427636,0.48596965702112693,0.46165889292667445
vidstg/search/motion_blur_5/order2/12,vidstg,search,motion_blur_5,order2,30,0.40463397293131065,0.5680898161610486,0.3973413467424722,0.16345584322973794,-0.007292626188838469,-0.1707484694185764,0.0,1.0,0.0,0.0,0.0,0.0,0.9595402143072407,0.912861816781109,0.9879124156939678
vidstg/search/motion_blur_5/order2/16,vidstg,search,motion_blur_5,order2,11,0.719957814971779,0.8382817770433649,0.7953741261758868,0.11832396207158591,0.07541631120410774,-0.042907650867478164,1.0,1.0,1.0,0.0,0.0,0.0,0.719957814971779,0.8382817770433649,0.7953741261758868
vidstg/search/motion_blur_5/order2/20,vidstg,search,motion_blur_5,order2,19,0.5474629850046762,0.5551519807393864,0.5616209835248539,0.007688995734710269,0.01415799852017774,0.00646900278546747,1.0,1.0,1.0,0.0,0.0,0.0,0.8136703350809644,0.8435261478175246,0.8477172432374988
vidstg/search/motion_blur_5/order2/24,vidstg,search,motion_blur_5,order2,3,0.49844144786733424,0.5056508551262183,0.4989941779507519,0.007209407258884082,0.0005527300834176629,-0.006656677175466419,0.0,1.0,0.0,0.0,0.0,0.0,0.8604006767272949,0.856793483098348,0.8449413776397705
vidstg/search/motion_blur_5/order2/28,vidstg,search,motion_blur_5,order2,6,0.036481068353923216,0.16351893865945835,0.008752884410380447,0.12703787030553515,-0.027728183943542768,-0.1547660542490779,0.0,0.0,0.0,0.0,0.0,0.0,0.9278474050025417,0.8778815073509739,0.9105306651494275
vidstg/search/occlusion_5/order1/0,vidstg,search,occlusion_5,order1,8,0.9447146537976387,0.25670944727384126,0.9432797682590973,-0.6880052065237975,-0.0014348855385414305,0.686570320985256,1.0,0.0,1.0,0.0,0.0,0.0,0.9806063840022454,0.9883330508939244,0.9733432280711639
vidstg/search/occlusion_5/order1/4,vidstg,search,occlusion_5,order1,7,0.0,0.0,0.0,0.0,0.0,0.0,0.0,0.0,0.0,1.0,1.0,1.0,0.3058467800527736,0.334755844604676,0.4004664079091582
vidstg/search/occlusion_5/order1/8,vidstg,search,occlusion_5,order1,4,0.0,0.428135159622545,0.4212130804700282,0.428135159622545,0.4212130804700282,-0.006922079152516802,0.0,0.0,0.0,1.0,0.0,0.0,0.989367635626542,0.9631594380002934,0.911339709633275
vidstg/search/occlusion_5/order1/12,vidstg,search,occlusion_5,order1,24,0.9759540684639698,0.9640481037076986,0.9609857520947825,-0.011905964756271259,-0.014968316369187273,-0.0030623516129160144,1.0,1.0,1.0,0.0,0.0,0.0,0.9952497304207674,0.9840712477792456,0.9915940532183856
vidstg/search/occlusion_5/order1/16,vidstg,search,occlusion_5,order1,26,0.8846703237472411,0.818253890779992,0.1516615934254349,-0.06641643296724908,-0.7330087303218062,-0.666592297354557,1.0,1.0,0.0,0.0,0.0,0.0,0.95459282199419,0.9209872079137807,0.9108634632865596
vidstg/search/occlusion_5/order1/20,vidstg,search,occlusion_5,order1,18,0.06433399711993217,0.12831025410682328,0.4769801790752108,0.06397625698689112,0.41264618195527863,0.3486699249683875,0.0,0.0,0.0,0.0,0.0,0.0,0.9313456745942497,0.8863075115946905,0.8532297024682582
vidstg/search/occlusion_5/order1/24,vidstg,search,occlusion_5,order1,23,0.04283696276711118,0.0,0.044408098745408194,-0.04283696276711118,0.0015711359782970141,0.044408098745408194,0.0,0.0,0.0,0.0,1.0,0.0,0.8758941650390625,0.8176920895945563,0.826678466796875
vidstg/search/occlusion_5/order1/28,vidstg,search,occlusion_5,order1,29,0.2114514899346567,0.22406429624026553,0.10959870780301761,0.01261280630560882,-0.10185278213163909,-0.11446558843724791,0.0,0.0,0.0,0.0,0.0,0.0,0.9627242726845756,0.9576044002328952,0.9595171838575111
vidstg/search/occlusion_5/order2/0,vidstg,search,occlusion_5,order2,1,0.03524438886099212,0.03686851639325817,0.0,0.0016241275322660537,-0.03524438886099212,-0.03686851639325817,0.0,0.0,0.0,0.0,0.0,1.0,0.8000921844150938,0.744916472006646,0.8139926655567725
vidstg/search/occlusion_5/order2/4,vidstg,search,occlusion_5,order2,10,0.42677145512528014,0.4213202269274989,0.426761142479008,-0.005451228197781266,-1.031264627215922e-05,0.005440915551509107,0.0,0.0,0.0,0.0,0.0,0.0,0.9254994648714362,0.9222700463965777,0.9224809299790245
vidstg/search/occlusion_5/order2/8,vidstg,search,occlusion_5,order2,15,0.24824783115541343,0.09981865450208048,0.21973369410215482,-0.14842917665333294,-0.028514137053258615,0.11991503960007434,0.0,0.0,0.0,0.0,0.0,0.0,0.5051975933427636,0.4902767653710614,0.46165889292667445
vidstg/search/occlusion_5/order2/12,vidstg,search,occlusion_5,order2,30,0.40463397293131065,0.5160972645169117,0.3973413467424722,0.11146329158560109,-0.007292626188838469,-0.11875591777443956,0.0,1.0,0.0,0.0,0.0,0.0,0.9595402143072407,0.9267116626719795,0.9879124156939678
vidstg/search/occlusion_5/order2/16,vidstg,search,occlusion_5,order2,11,0.7200234382629643,0.8299011138063587,0.7914451897083213,0.10987767554339434,0.071421751445357,-0.03845592409803733,1.0,1.0,1.0,0.0,0.0,0.0,0.7200234382629643,0.8299011138063587,0.7914451897083213
vidstg/search/occlusion_5/order2/20,vidstg,search,occlusion_5,order2,19,0.5473447784205366,0.5524400612797995,0.5916083016845085,0.005095282859262862,0.04426352326397187,0.03916824040470901,1.0,1.0,1.0,0.0,0.0,0.0,0.8429642546454769,0.8509069528502439,0.7782732427173541
vidstg/search/occlusion_5/order2/24,vidstg,search,occlusion_5,order2,3,0.49844144786733424,0.5043213739527612,0.4989941779507519,0.005879926085426979,0.0005527300834176629,-0.005327196002009316,0.0,1.0,0.0,0.0,0.0,0.0,0.8604006767272949,0.8512693246205648,0.8449413776397705
vidstg/search/occlusion_5/order2/28,vidstg,search,occlusion_5,order2,6,0.0321680853559976,0.4669548600987133,0.004313480374892826,0.4347867747427157,-0.027854604981104772,-0.46264137972382047,0.0,0.0,0.0,0.0,0.0,0.0,0.9267877030046019,0.8924291950382598,0.910167537323416
vidstg/search/exposure_5/order1/0,vidstg,search,exposure_5,order1,8,0.9605891331648215,0.26394986678392457,0.9606489621675931,-0.6966392663808969,5.982900277157199e-05,0.6966990953836685,1.0,0.0,1.0,0.0,0.0,0.0,0.9782264087444696,0.9885450977545518,0.9707503911776421
vidstg/search/exposure_5/order1/4,vidstg,search,exposure_5,order1,7,0.0,0.0,0.0,0.0,0.0,0.0,0.0,0.0,0.0,1.0,1.0,1.0,0.3056802448805351,0.32941060352524765,0.4040777381722598
vidstg/search/exposure_5/order1/8,vidstg,search,exposure_5,order1,4,0.0,0.42321778230782686,0.4212130804700282,0.42321778230782686,0.4212130804700282,-0.0020047018377986614,0.0,0.0,0.0,1.0,0.0,0.0,0.989367635626542,0.9546925800315559,0.911339709633275
vidstg/search/exposure_5/order1/12,vidstg,search,exposure_5,order1,24,0.9822808209728343,0.9642629141076776,0.9600202019371754,-0.018017906865156696,-0.022260619035658902,-0.004242712170502205,1.0,1.0,1.0,0.0,0.0,0.0,0.997577633871629,0.9828080229226361,0.9913208185757562
vidstg/search/exposure_5/order1/16,vidstg,search,exposure_5,order1,26,0.8598301337902723,0.08570691631875955,0.15182634892354485,-0.7741232174715127,-0.7080037848667274,0.0661194326047853,1.0,0.0,0.0,0.0,0.0,0.0,0.9567189074477283,0.9216315274746036,0.9102023031528778
vidstg/search/exposure_5/order1/20,vidstg,search,exposure_5,order1,18,0.1018676387082593,0.5336146766126169,0.47917429606119794,0.43174703790435753,0.37730665735293867,-0.05444038055141892,0.0,1.0,0.0,0.0,0.0,0.0,0.9267413682222689,0.7976187840131397,0.8067419221229206
vidstg/search/exposure_5/order1/24,vidstg,search,exposure_5,order1,23,0.04283696276711118,0.0,0.044408098745408194,-0.04283696276711118,0.0015711359782970141,0.044408098745408194,0.0,0.0,0.0,0.0,1.0,0.0,0.8758941650390625,0.8321805055880469,0.826678466796875
vidstg/search/exposure_5/order1/28,vidstg,search,exposure_5,order1,29,0.2059492947053855,0.22408036867063824,0.11643464909231654,0.018131073965252736,-0.08951464561306896,-0.1076457195783217,0.0,0.0,0.0,0.0,0.0,0.0,0.9625036020931098,0.9496543285382892,0.9594821444469509
vidstg/search/exposure_5/order2/0,vidstg,search,exposure_5,order2,1,0.03551009042888672,0.0066964732043396855,0.0,-0.028813617224547033,-0.03551009042888672,-0.0066964732043396855,0.0,0.0,0.0,0.0,0.0,1.0,0.7969419020266854,0.8048160313760773,0.8139479820122576
vidstg/search/exposure_5/order2/4,vidstg,search,exposure_5,order2,10,0.3603939433129945,0.36322169135040716,0.37945183897542367,0.0028277480374126474,0.01905789566242916,0.01623014762501651,0.0,0.0,0.0,0.0,0.0,0.0,0.9243775614161515,0.9387852705835439,0.9345388916659622
vidstg/search/exposure_5/order2/8,vidstg,search,exposure_5,order2,15,0.24824783115541343,0.08981234392114286,0.21973369410215482,-0.1584354872342706,-0.028514137053258615,0.12992135018101197,0.0,0.0,0.0,0.0,0.0,0.0,0.5051975933427636,0.46906959620441274,0.46165889292667445
vidstg/search/exposure_5/order2/12,vidstg,search,exposure_5,order2,30,0.40463397293131065,0.565948534471869,0.3973413467424722,0.16131456154055834,-0.007292626188838469,-0.1686071877293968,0.0,1.0,0.0,0.0,0.0,0.0,0.9595402143072407,0.9151217340466611,0.9879124156939678
vidstg/search/exposure_5/order2/16,vidstg,search,exposure_5,order2,11,0.7196907578774745,0.8085835968487818,0.7916193939307176,0.08889283897130729,0.07192863605324307,-0.01696420291806422,1.0,1.0,1.0,0.0,0.0,0.0,0.7196907578774745,0.8085835968487818,0.7916193939307176
vidstg/search/exposure_5/order2/20,vidstg,search,exposure_5,order2,19,0.548404290290413,0.5495702281005933,0.6041825307123972,0.001165937810180262,0.055778240421984204,0.05461230261180394,1.0,1.0,1.0,0.0,0.0,0.0,0.7953185403765737,0.8272004795928269,0.7675800777094088
vidstg/search/exposure_5/order2/24,vidstg,search,exposure_5,order2,3,0.49844144786733424,0.4962397959037169,0.4989941779507519,-0.0022016519636173237,0.0005527300834176629,0.0027543820470349867,0.0,0.0,0.0,0.0,0.0,0.0,0.8604006767272949,0.8520692984263102,0.8449413776397705
vidstg/search/exposure_5/order2/28,vidstg,search,exposure_5,order2,6,0.03038499200102431,0.45457317573602907,0.002851136750626251,0.4241881837350048,-0.02753385525039806,-0.4517220389854028,0.0,0.0,0.0,0.0,0.0,0.0,0.9259907970689747,0.8748233742909889,0.9091653693212222
vidstg/confirm/clean/order1/0,vidstg,confirm,clean,order1,38,0.0,0.0,0.0,0.0,0.0,0.0,0.0,0.0,0.0,1.0,1.0,1.0,0.9507234042452816,0.9800130952664508,0.9605616747848387
vidstg/confirm/clean/order1/4,vidstg,confirm,clean,order1,34,0.38280902149613916,0.3402203679750486,0.3324756815814789,-0.042588653521090536,-0.05033333991466027,-0.007744686393569733,0.0,0.0,0.0,0.0,0.0,0.0,0.864244061569777,0.8276745177515956,0.8264645296086781
vidstg/confirm/clean/order1/8,vidstg,confirm,clean,order1,36,0.0,0.0,0.07583431626360826,0.0,0.07583431626360826,0.07583431626360826,0.0,0.0,0.0,1.0,1.0,0.0,0.8224553072051634,0.8400565597661034,0.7911215013654259
vidstg/confirm/clean/order1/12,vidstg,confirm,clean,order1,41,0.7469983274637446,0.7561352532884853,0.752652511905562,0.009136925824740683,0.0056541844418174225,-0.00348274138292326,1.0,1.0,1.0,0.0,0.0,0.0,1.0,1.0,1.0
vidstg/confirm/clean/order2/0,vidstg,confirm,clean,order2,45,0.07810320781032078,0.07746527455175604,0.08074866136024862,-0.0006379332585647324,0.0026454535499278453,0.0032833868084925777,0.0,0.0,0.0,0.0,0.0,0.0,0.9751913983907018,0.9305942186287471,0.9347555906112704
vidstg/confirm/clean/order2/4,vidstg,confirm,clean,order2,33,0.04842105263157895,0.04925988181834968,0.04846216894351251,0.0008388291867707301,4.111631193356308e-05,-0.000797712874837167,0.0,0.0,0.0,0.0,0.0,0.0,0.3546199369727882,0.3487596391273605,0.3286489428179341
vidstg/confirm/clean/order2/8,vidstg,confirm,clean,order2,40,0.7061847073770644,0.7935115086828263,0.7400030729902728,0.08732680130576187,0.03381836561320839,-0.05350843569255348,1.0,1.0,1.0,0.0,0.0,0.0,0.7872674678635756,0.8025541273383001,0.7782341800776391
vidstg/confirm/clean/order2/12,vidstg,confirm,clean,order2,37,0.4689739463992713,0.4399256637699071,0.4198616754677955,-0.029048282629364208,-0.0491122709314758,-0.02006398830211159,0.0,0.0,0.0,0.0,0.0,0.0,0.8684938844746005,0.9684191014800558,0.8351551258651018
vidstg/confirm/frame_drop_5/order1/0,vidstg,confirm,frame_drop_5,order1,38,0.0,0.0,0.0,0.0,0.0,0.0,0.0,0.0,0.0,1.0,1.0,1.0,0.9171662063723613,0.9844894205523925,0.987505222723736
vidstg/confirm/frame_drop_5/order1/4,vidstg,confirm,frame_drop_5,order1,34,0.3689930299770228,0.34655159236547495,0.3249532766624465,-0.022441437611547876,-0.044039753314576324,-0.021598315703028448,0.0,0.0,0.0,0.0,0.0,0.0,0.812401710976432,0.8516242218884884,0.8474428975108597
vidstg/confirm/frame_drop_5/order1/8,vidstg,confirm,frame_drop_5,order1,36,0.006608570821245626,0.0,0.07648604988005668,-0.006608570821245626,0.06987747905881106,0.07648604988005668,0.0,0.0,0.0,0.0,1.0,0.0,0.7311042541919849,0.7000429033019241,0.7177891146235623
vidstg/confirm/frame_drop_5/order1/12,vidstg,confirm,frame_drop_5,order1,41,0.7094496445134584,0.7343968534276553,0.7228889465332031,0.024947208914196883,0.013439302019744748,-0.011507906894452136,1.0,1.0,1.0,0.0,0.0,0.0,1.0,1.0,1.0
vidstg/confirm/frame_drop_5/order2/0,vidstg,confirm,frame_drop_5,order2,45,0.07810320781032078,0.07810320781032078,0.08165489135585954,0.0,0.003551683545538767,0.003551683545538767,0.0,0.0,0.0,0.0,0.0,0.0,0.9659177703516824,0.9327966118497508,0.9335479302597898
vidstg/confirm/frame_drop_5/order2/4,vidstg,confirm,frame_drop_5,order2,33,0.04842105263157895,0.04851168868439455,0.04846216894351251,9.063605281560416e-05,4.111631193356308e-05,-4.9519740882041086e-05,0.0,0.0,0.0,0.0,0.0,0.0,0.3546199369727882,0.34883881853844967,0.3286489428179341
vidstg/confirm/frame_drop_5/order2/8,vidstg,confirm,frame_drop_5,order2,40,0.7061847073770644,0.7827935112614353,0.7400030729902728,0.07660880388437086,0.03381836561320839,-0.04279043827116247,1.0,1.0,1.0,0.0,0.0,0.0,0.7872674678635756,0.8048972762963912,0.7782341800776391
vidstg/confirm/frame_drop_5/order2/12,vidstg,confirm,frame_drop_5,order2,37,0.46852009060385175,0.4375951713280899,0.42002078121006886,-0.030924919275761853,-0.048499309393782886,-0.017574390118021033,0.0,0.0,0.0,0.0,0.0,0.0,0.8684103986949034,0.9682635967958192,0.8343844241772225
vidstg/confirm/frame_freeze_5/order1/0,vidstg,confirm,frame_freeze_5,order1,38,0.0,0.0,0.0,0.0,0.0,0.0,0.0,0.0,0.0,1.0,1.0,1.0,0.9453461662006349,0.9511865039577665,0.9346763176646659
vidstg/confirm/frame_freeze_5/order1/4,vidstg,confirm,frame_freeze_5,order1,34,0.4082748828266883,0.3693089272437849,0.3618105782527688,-0.03896595558290339,-0.04646430457391948,-0.0074983489910160905,0.0,0.0,0.0,0.0,0.0,0.0,0.8562017666416134,0.8298940758496892,0.8255205555495085
vidstg/confirm/frame_freeze_5/order1/8,vidstg,confirm,frame_freeze_5,order1,36,0.0,0.0,0.07725432460014879,0.0,0.07725432460014879,0.07725432460014879,0.0,0.0,0.0,1.0,1.0,0.0,0.8245318475766683,0.8456367971325394,0.7915808894878561
vidstg/confirm/frame_freeze_5/order1/12,vidstg,confirm,frame_freeze_5,order1,41,0.7441444705855026,0.4324143135595901,0.7515646590877642,-0.3117301570259125,0.00742018850226156,0.31915034552817406,1.0,0.0,1.0,0.0,0.0,0.0,1.0,1.0,1.0
vidstg/confirm/frame_freeze_5/order2/0,vidstg,confirm,frame_freeze_5,order2,45,0.07810320781032078,0.0773578788279822,0.08067355042791527,-0.000745328982338575,0.0025703426175944927,0.0033156715999330677,0.0,0.0,0.0,0.0,0.0,0.0,0.9743555725685188,0.9309059780623231,0.935238580884678
vidstg/confirm/frame_freeze_5/order2/4,vidstg,confirm,frame_freeze_5,order2,33,0.04842105263157895,0.04927116847986461,0.04846216894351251,0.0008501158482856624,4.111631193356308e-05,-0.0008089995363520994,0.0,0.0,0.0,0.0,0.0,0.0,0.3546199369727882,0.34872704154107975,0.3286489428179341
vidstg/confirm/frame_freeze_5/order2/8,vidstg,confirm,frame_freeze_5,order2,40,0.7061847073770644,0.7893488819648093,0.7400030729902728,0.08316417458774494,0.03381836561320839,-0.049345808974536554,1.0,1.0,1.0,0.0,0.0,0.0,0.7872674678635756,0.8034589624029412,0.7782341800776391
vidstg/confirm/frame_freeze_5/order2/12,vidstg,confirm,frame_freeze_5,order2,37,0.4686765195081592,0.4382810815372294,0.4198594971426754,-0.030395437970929806,-0.0488170223654838,-0.01842158439455399,0.0,0.0,0.0,0.0,0.0,0.0,0.8685925334634829,0.9667293675509273,0.8348482323248266
vidstg/confirm/motion_blur_5/order1/0,vidstg,confirm,motion_blur_5,order1,38,0.0,0.0,0.0,0.0,0.0,0.0,0.0,0.0,0.0,1.0,1.0,1.0,0.9941041978740088,0.965775583666853,0.9995479612158039
vidstg/confirm/motion_blur_5/order1/4,vidstg,confirm,motion_blur_5,order1,34,0.3820106173874506,0.35282254537328034,0.34117358547830046,-0.029188072014170285,-0.04083703190915017,-0.011648959894979882,0.0,0.0,0.0,0.0,0.0,0.0,0.8593565963643769,0.8271984892199319,0.8273525892080069
vidstg/confirm/motion_blur_5/order1/8,vidstg,confirm,motion_blur_5,order1,36,0.0,0.0,0.07139926081573214,0.0,0.07139926081573214,0.07139926081573214,0.0,0.0,0.0,1.0,1.0,0.0,0.7517673600831265,0.7513390914096288,0.7247672715808862
vidstg/confirm/motion_blur_5/order1/12,vidstg,confirm,motion_blur_5,order1,41,0.741080990687073,0.7789822628623561,0.7553979974043997,0.03790127217528305,0.014317006717326719,-0.023584265457956333,1.0,1.0,1.0,0.0,0.0,0.0,1.0,1.0,1.0
vidstg/confirm/motion_blur_5/order2/0,vidstg,confirm,motion_blur_5,order2,45,0.07810320781032078,0.077538025803147,0.0810935338021565,-0.0005651820071737729,0.0029903259918357267,0.0035555079990094995,0.0,0.0,0.0,0.0,0.0,0.0,0.9765540079346725,0.9341662941234452,0.9380983071667808
vidstg/confirm/motion_blur_5/order2/4,vidstg,confirm,motion_blur_5,order2,33,0.04842105263157895,0.04925988181834968,0.04846216894351251,0.0008388291867707301,4.111631193356308e-05,-0.000797712874837167,0.0,0.0,0.0,0.0,0.0,0.0,0.3546199369727882,0.3487596391273605,0.3286489428179341
vidstg/confirm/motion_blur_5/order2/8,vidstg,confirm,motion_blur_5,order2,40,0.7061847073770644,0.7892127806810318,0.7400030729902728,0.08302807330396744,0.03381836561320839,-0.04920970769075905,1.0,1.0,1.0,0.0,0.0,0.0,0.7872674678635756,0.8034471790932731,0.7782341800776391
vidstg/confirm/motion_blur_5/order2/12,vidstg,confirm,motion_blur_5,order2,37,0.4677923944995321,0.4376368868458894,0.4199757643179524,-0.030155507653642666,-0.04781663018157967,-0.017661122527937,0.0,0.0,0.0,0.0,0.0,0.0,0.8692047184210315,0.9690856763062823,0.8353048048644004
vidstg/confirm/occlusion_5/order1/0,vidstg,confirm,occlusion_5,order1,38,0.0,0.0,0.0,0.0,0.0,0.0,0.0,0.0,0.0,1.0,1.0,1.0,0.9500232479436611,0.958721217887726,0.989868766616921
vidstg/confirm/occlusion_5/order1/4,vidstg,confirm,occlusion_5,order1,34,0.376082605632638,0.3491536216661905,0.33043755796841995,-0.026928983966447495,-0.045645047664218064,-0.01871606369777057,0.0,0.0,0.0,0.0,0.0,0.0,0.8557972901452635,0.8323110897416337,0.8273274465887002
vidstg/confirm/occlusion_5/order1/8,vidstg,confirm,occlusion_5,order1,36,0.0,0.0,0.07053965287448251,0.0,0.07053965287448251,0.07053965287448251,0.0,0.0,0.0,1.0,1.0,0.0,0.8491530193035975,0.862224098513337,0.8428725698899756
vidstg/confirm/occlusion_5/order1/12,vidstg,confirm,occlusion_5,order1,41,0.7424089841031836,0.7727671171489515,0.7506044982415945,0.030358133045767954,0.008195514138410909,-0.022162618907357046,1.0,1.0,1.0,0.0,0.0,0.0,1.0,1.0,1.0
vidstg/confirm/occlusion_5/order2/0,vidstg,confirm,occlusion_5,order2,45,0.07810320781032078,0.07810320781032078,0.08109865885058731,0.0,0.0029954510402665363,0.0029954510402665363,0.0,0.0,0.0,0.0,0.0,0.0,0.9722931262637887,0.9360410901052612,0.9328808837703296
vidstg/confirm/occlusion_5/order2/4,vidstg,confirm,occlusion_5,order2,33,0.04842105263157895,0.048502286826023845,0.04846216894351251,8.123419444489716e-05,4.111631193356308e-05,-4.011788251133408e-05,0.0,0.0,0.0,0.0,0.0,0.0,0.3546199369727882,0.34868670643035465,0.3286489428179341
vidstg/confirm/occlusion_5/order2/8,vidstg,confirm,occlusion_5,order2,40,0.7061847073770644,0.7840946527010548,0.7400030729902728,0.07790994532399043,0.03381836561320839,-0.044091579710782036,1.0,1.0,1.0,0.0,0.0,0.0,0.7872674678635756,0.8085360144818918,0.7782341800776391
vidstg/confirm/occlusion_5/order2/12,vidstg,confirm,occlusion_5,order2,37,0.4680306208420262,0.43806920683419165,0.4198616754677955,-0.02996141400783453,-0.048168945374230665,-0.018207531366396135,0.0,0.0,0.0,0.0,0.0,0.0,0.8687676224314748,0.9663588033434178,0.8351551258651018
vidstg/confirm/exposure_5/order1/0,vidstg,confirm,exposure_5,order1,38,0.0,0.0,0.0,0.0,0.0,0.0,0.0,0.0,0.0,1.0,1.0,1.0,0.9530397047856002,0.9348060593507997,0.9633730756558054
vidstg/confirm/exposure_5/order1/4,vidstg,confirm,exposure_5,order1,34,0.37561349233904734,0.3322196021314318,0.3247091509123792,-0.043393890207615526,-0.050904341426668165,-0.0075104512190526385,0.0,0.0,0.0,0.0,0.0,0.0,0.8662362010938048,0.8225283503475284,0.8257726846015391
vidstg/confirm/exposure_5/order1/8,vidstg,confirm,exposure_5,order1,36,0.0,0.0,0.0746294991314877,0.0,0.0746294991314877,0.0746294991314877,0.0,0.0,0.0,1.0,1.0,0.0,0.8262704685017241,0.8535049579792089,0.8028796964898341
vidstg/confirm/exposure_5/order1/12,vidstg,confirm,exposure_5,order1,41,0.7453869653616839,0.7629682100736178,0.7563625907125743,0.017581244711933897,0.010975625350890361,-0.006605619361043535,1.0,1.0,1.0,0.0,0.0,0.0,1.0,1.0,1.0
vidstg/confirm/exposure_5/order2/0,vidstg,confirm,exposure_5,order2,45,0.07810320781032078,0.07753630171593595,0.08086346112084113,-0.0005669060943848253,0.0027602533105203497,0.003327159404905175,0.0,0.0,0.0,0.0,0.0,0.0,0.9748636220714876,0.9334744529000351,0.9351411757192442
vidstg/confirm/exposure_5/order2/4,vidstg,confirm,exposure_5,order2,33,0.04842105263157895,0.04851568514861173,0.04846216894351251,9.463251703278192e-05,4.111631193356308e-05,-5.351620509921884e-05,0.0,0.0,0.0,0.0,0.0,0.0,0.3546199369727882,0.3487768279321711,0.3286489428179341
vidstg/confirm/exposure_5/order2/8,vidstg,confirm,exposure_5,order2,40,0.7061847073770644,0.7762817188226949,0.7400030729902728,0.07009701144563052,0.03381836561320839,-0.03627864583242213,1.0,1.0,1.0,0.0,0.0,0.0,0.7872674678635756,0.8051353390744761,0.7782341800776391
vidstg/confirm/exposure_5/order2/12,vidstg,confirm,exposure_5,order2,37,0.4687799271430227,0.44052484689350313,0.4198108532174732,-0.02825508024951956,-0.0489690739255495,-0.02071399367602994,0.0,0.0,0.0,0.0,0.0,0.0,0.8686273234309336,0.965308489680187,0.8350422251536902
hc2/search/clean/order1/0,hc2,search,clean,order1,2,0.7339803661075782,0.8508129325579191,0.8016459223310105,0.1168325664503409,0.06766555622343229,-0.049167010226908614,1.0,1.0,1.0,0.0,0.0,0.0,0.8969145077148344,0.9047309368569602,0.9049960014187892
hc2/search/clean/order1/4,hc2,search,clean,order1,27,0.49360636720490414,0.6069769025852152,0.5828370699064944,0.11337053538031105,0.08923070270159028,-0.024139832678720774,0.0,1.0,1.0,0.0,0.0,0.0,0.9272941466300718,0.9336693707754046,0.9530361716617907
hc2/search/clean/order1/8,hc2,search,clean,order1,26,0.23730101095536393,0.28543732023772567,0.32362408518484265,0.04813630928236173,0.08632307422947871,0.03818676494711698,0.0,0.0,0.0,0.0,0.0,0.0,0.7610948827321242,0.7963961336495723,0.8130971874579596
hc2/search/clean/order1/12,hc2,search,clean,order1,14,0.4022927558308718,0.25243671674801155,0.25730287317938816,-0.14985603908286027,-0.14498988265148366,0.0048661564313766115,0.0,0.0,0.0,0.0,0.0,0.0,0.9281402938275003,0.8762135481572906,0.8430252136980231
hc2/search/clean/order1/16,hc2,search,clean,order1,29,0.33445035549955665,0.3990122496794273,0.39057032500764205,0.06456189417987063,0.0561199695080854,-0.008441924671785228,0.0,0.0,0.0,0.0,0.0,0.0,0.832060582397735,0.8685362417498156,0.8516486618986433
hc2/search/clean/order1/20,hc2,search,clean,order1,28,0.3332720693793577,0.3608008121074004,0.3966277497838799,0.027528742728042677,0.06335568040452216,0.03582693767647949,0.0,0.0,0.0,0.0,0.0,0.0,0.9325973368674865,0.8939059641472727,0.9182566291369683
hc2/search/clean/order1/24,hc2,search,clean,order1,1,0.7282641361389518,0.3361994439480329,0.04069100994960441,-0.3920646921909189,-0.6875731261893474,-0.2955084339984285,1.0,0.0,0.0,0.0,0.0,0.0,0.8594318858829609,0.8806940835406617,0.9137856300840986
hc2/search/clean/order1/28,hc2,search,clean,order1,3,0.7842661273927369,0.7714580524067879,0.7854151852512045,-0.012808074985949047,0.0011490578584675282,0.013957132844416575,1.0,1.0,1.0,0.0,0.0,0.0,0.8505462997261135,0.8441947849317529,0.8528505925315861
hc2/search/clean/order2/0,hc2,search,clean,order2,16,0.5837178981183212,0.5862640171643945,0.6095436451688004,0.0025461190460732697,0.025825747050479242,0.023279628004405972,1.0,1.0,1.0,0.0,0.0,0.0,0.9540585041046142,0.969764753488394,0.9612736958723802
hc2/search/clean/order2/4,hc2,search,clean,order2,23,0.6043980191316893,0.440770189193347,0.6114928765491767,-0.16362782993834235,0.007094857417487388,0.17072268735582974,1.0,0.0,1.0,0.0,0.0,0.0,0.835842271418021,0.8445847731370192,0.72418946486253
hc2/search/clean/order2/8,hc2,search,clean,order2,5,0.10605339249539446,0.24844211844762915,0.32219539841326056,0.14238872595223467,0.2161420059178661,0.07375327996563141,0.0,0.0,0.0,0.0,0.0,0.0,0.9134394165130881,0.8981992202014549,0.8474849701814935
hc2/search/clean/order2/12,hc2,search,clean,order2,1,0.7282641361389518,0.37341336569777145,0.04069100994960441,-0.35485077044118035,-0.6875731261893474,-0.33272235574816705,1.0,0.0,0.0,0.0,0.0,0.0,0.8594318858829609,0.8690694966623247,0.9137856300840986
hc2/search/clean/order2/16,hc2,search,clean,order2,20,0.0,0.0,0.0,0.0,0.0,0.0,0.0,0.0,0.0,1.0,1.0,1.0,0.9437066915112701,0.9152003970008905,0.86493826749032
hc2/search/clean/order2/20,hc2,search,clean,order2,4,0.0,0.0,0.0,0.0,0.0,0.0,0.0,0.0,0.0,1.0,1.0,1.0,0.7832071701152212,0.8134878878999026,0.8203180300309354
hc2/search/clean/order2/24,hc2,search,clean,order2,29,0.33445035549955665,0.40127152950590655,0.39057032500764205,0.0668211740063499,0.0561199695080854,-0.010701204498264505,0.0,0.0,0.0,0.0,0.0,0.0,0.832060582397735,0.8644668113321401,0.8516486618986433
hc2/search/clean/order2/28,hc2,search,clean,order2,8,0.0420744399551408,0.37117137784390397,0.4074044967715712,0.32909693788876315,0.3653300568164304,0.03623311892766723,0.0,0.0,0.0,0.0,0.0,0.0,0.9706370618738587,0.9534513850543004,0.8966017530842183
hc2/search/frame_drop_5/order1/0,hc2,search,frame_drop_5,order1,2,0.5900019595497533,0.6356765372207814,0.5932982329253268,0.045674577671028116,0.0032962733755734774,-0.04237830429545464,1.0,1.0,1.0,0.0,0.0,0.0,0.8770742757254169,0.9202068140704205,0.9465901897457847
hc2/search/frame_drop_5/order1/4,hc2,search,frame_drop_5,order1,27,0.5089777381027547,0.5874385680878946,0.5690693743142734,0.07846082998513992,0.060091636211518695,-0.01836919377362123,1.0,1.0,1.0,0.0,0.0,0.0,0.8797442528509325,0.9459171312174481,0.9577906823927357
hc2/search/frame_drop_5/order1/8,hc2,search,frame_drop_5,order1,26,0.2340286538450649,0.22212858131529356,0.24886837721915248,-0.01190007252977135,0.014839723374087566,0.026739795903858915,0.0,0.0,0.0,0.0,0.0,0.0,0.8912751019250087,0.8503366247084141,0.8631525433457286
hc2/search/frame_drop_5/order1/12,hc2,search,frame_drop_5,order1,14,0.4171713044307332,0.5382232780834797,0.4995421169528608,0.1210519736527465,0.08237081252212763,-0.03868116113061887,0.0,1.0,0.0,0.0,0.0,0.0,0.9390844088881763,0.9031260131514796,0.9625120706076269
hc2/search/frame_drop_5/order1/16,hc2,search,frame_drop_5,order1,29,0.3629415546204258,0.44390579081490594,0.4138183609165935,0.08096423619448012,0.0508768062961677,-0.030087429898312423,0.0,0.0,0.0,0.0,0.0,0.0,0.8326457552377889,0.859714975744086,0.8675552656507033
hc2/search/frame_drop_5/order1/20,hc2,search,frame_drop_5,order1,28,0.3564848085337217,0.36075787345428567,0.4205507889847655,0.0042730649205639515,0.06406598045104378,0.05979291553047983,0.0,0.0,0.0,0.0,0.0,0.0,0.9036841738537911,0.8639722056784461,0.9047113337036603
hc2/search/frame_drop_5/order1/24,hc2,search,frame_drop_5,order1,1,0.3207052977625518,0.3207980229480748,0.04375530488271623,9.272518552300157e-05,-0.27694999287983557,-0.2770427180653586,0.0,0.0,0.0,0.0,0.0,0.0,0.8489921399678321,0.9015263333125082,0.9097965727461145
hc2/search/frame_drop_5/order1/28,hc2,search,frame_drop_5,order1,3,0.7847164474906584,0.7841599910658855,0.7873240109553086,-0.0005564564247728665,0.0026075634646501866,0.003164019889423053,1.0,1.0,1.0,0.0,0.0,0.0,0.8472584691540949,0.8494286769063545,0.8552320570423501
hc2/search/frame_drop_5/order2/0,hc2,search,frame_drop_5,order2,16,0.634847677290463,0.6526686561465419,0.6288486400169421,0.017820978856078917,-0.005999037273520913,-0.02382001612959983,1.0,1.0,1.0,0.0,0.0,0.0,0.9642155093552223,0.9563101253019995,0.9615165673769437
hc2/search/frame_drop_5/order2/4,hc2,search,frame_drop_5,order2,23,0.7671472517470701,0.8091698839779884,0.7657346789161001,0.04202263223091829,-0.0014125728309699603,-0.04343520506188825,1.0,1.0,1.0,0.0,0.0,0.0,0.8583361296601758,0.8840827355018028,0.8695509103628305
hc2/search/frame_drop_5/order2/8,hc2,search,frame_drop_5,order2,5,0.12062330456998202,0.2693635748369109,0.34448689713646424,0.1487402702669289,0.22386359256648222,0.07512332229955332,0.0,0.0,0.0,0.0,0.0,0.0,0.9000285627340182,0.901784932272076,0.8440888809006313
hc2/search/frame_drop_5/order2/12,hc2,search,frame_drop_5,order2,1,0.3207052977625518,0.3355704718331534,0.04375530488271623,0.014865174070601617,-0.27694999287983557,-0.2918151669504372,0.0,0.0,0.0,0.0,0.0,0.0,0.8489921399678321,0.8572004065365304,0.9097965727461145
hc2/search/frame_drop_5/order2/16,hc2,search,frame_drop_5,order2,20,0.0,0.0,0.0,0.0,0.0,0.0,0.0,0.0,0.0,1.0,1.0,1.0,0.9441105893714096,0.8998285603813974,0.8659550181606359
hc2/search/frame_drop_5/order2/20,hc2,search,frame_drop_5,order2,4,0.0,0.0,0.0,0.0,0.0,0.0,0.0,0.0,0.0,1.0,1.0,1.0,0.8038431974065384,0.7970515001540216,0.8312191547163381
hc2/search/frame_drop_5/order2/24,hc2,search,frame_drop_5,order2,29,0.3629415546204258,0.4519805237884647,0.4138183609165935,0.08903896916803888,0.0508768062961677,-0.038162162871871186,0.0,0.0,0.0,0.0,0.0,0.0,0.8326457552377889,0.8502827019250613,0.8675552656507033
hc2/search/frame_drop_5/order2/28,hc2,search,frame_drop_5,order2,8,0.03905283702295969,0.45118924621577833,0.44883370670319167,0.41213640919281863,0.409780869680232,-0.0023555395125866574,0.0,0.0,0.0,0.0,0.0,0.0,0.9459064667148424,0.9682816350049501,0.8741706759172
hc2/search/frame_freeze_5/order1/0,hc2,search,frame_freeze_5,order1,2,0.7610343445134814,0.8531839982061281,0.7553561254102231,0.09214965369264672,-0.005678219103258275,-0.09782787279590499,1.0,1.0,1.0,0.0,0.0,0.0,0.9708015843441612,0.9072351556075247,0.8493719699214486
hc2/search/frame_freeze_5/order1/4,hc2,search,frame_freeze_5,order1,27,0.49422273627615726,0.6037944097697628,0.5946564009769679,0.10957167349360558,0.10043366470081067,-0.009138008792794916,0.0,1.0,1.0,0.0,0.0,0.0,0.9219036717568675,0.925893831480028,0.9200784550510902
hc2/search/frame_freeze_5/order1/8,hc2,search,frame_freeze_5,order1,26,0.19862599107252013,0.16634952095907854,0.20561395230289625,-0.03227647011344159,0.006987961230376122,0.03926443134381771,0.0,0.0,0.0,0.0,0.0,0.0,0.7705796357336866,0.8333946721961407,0.8559281277033163
hc2/search/frame_freeze_5/order1/12,hc2,search,frame_freeze_5,order1,14,0.39819275906968266,0.2518332994084935,0.23609519027052078,-0.14635945966118913,-0.16209756879916187,-0.015738109137972744,0.0,0.0,0.0,0.0,0.0,0.0,0.8893672359150993,0.9041542302643433,0.8695753432524869
hc2/search/frame_freeze_5/order1/16,hc2,search,frame_freeze_5,order1,29,0.33640735956512885,0.38116767435449406,0.37744210008273016,0.04476031478936521,0.04103474051760131,-0.0037255742717638984,0.0,0.0,0.0,0.0,0.0,0.0,0.8338015812529394,0.8972377381299509,0.8611968753219792
hc2/search/frame_freeze_5/order1/20,hc2,search,frame_freeze_5,order1,28,0.33671682400131675,0.3660714157720932,0.3921499767269824,0.029354591770776428,0.055433152725665624,0.026078560954889196,0.0,0.0,0.0,0.0,0.0,0.0,0.927022685340558,0.8578858800120608,0.9200297666744934
hc2/search/frame_freeze_5/order1/24,hc2,search,frame_freeze_5,order1,1,0.32413311243575355,0.30701817898242784,0.02535536978666426,-0.01711493345332571,-0.2987777426490893,-0.2816628091957636,0.0,0.0,0.0,0.0,0.0,0.0,0.8560376210985013,0.8670132149412234,0.9154483511092815
hc2/search/frame_freeze_5/order1/28,hc2,search,frame_freeze_5,order1,3,0.7844849624256707,0.7756016061512361,0.7869362904835292,-0.008883356274434595,0.002451328057858526,0.011334684332293121,1.0,1.0,1.0,0.0,0.0,0.0,0.8475552262931034,0.8402520541487069,0.8545550032014159
hc2/search/frame_freeze_5/order2/0,hc2,search,frame_freeze_5,order2,16,0.5757508455626036,0.6092353938252727,0.6062521777165712,0.03348454826266911,0.030501332153967664,-0.0029832161087014475,1.0,1.0,1.0,0.0,0.0,0.0,0.9530455185816838,0.964448565703172,0.9616458415985107
hc2/search/frame_freeze_5/order2/4,hc2,search,frame_freeze_5,order2,23,0.604839012758101,0.7807071556068144,0.6252756935092467,0.17586814284871333,0.020436680751145686,-0.15543146209756764,1.0,1.0,1.0,0.0,0.0,0.0,0.8449501398707823,0.8527247502253605,0.7551230210524339
hc2/search/frame_freeze_5/order2/8,hc2,search,frame_freeze_5,order2,5,0.10689727652099637,0.24029732803582182,0.3221770058313455,0.13340005151482545,0.21527972931034914,0.08187967779552369,0.0,0.0,0.0,0.0,0.0,0.0,0.9128174507262211,0.910951909784479,0.8471118580273442
hc2/search/frame_freeze_5/order2/12,hc2,search,frame_freeze_5,order2,1,0.32413311243575355,0.3509924277923667,0.02535536978666426,0.026859315356613178,-0.2987777426490893,-0.3256370580057025,0.0,0.0,0.0,0.0,0.0,0.0,0.8560376210985013,0.8645572530450442,0.9154483511092815
hc2/search/frame_freeze_5/order2/16,hc2,search,frame_freeze_5,order2,20,0.0,0.0,0.0,0.0,0.0,0.0,0.0,0.0,0.0,1.0,1.0,1.0,0.9442178780341388,0.9042702836143905,0.8669300915902121
hc2/search/frame_freeze_5/order2/20,hc2,search,frame_freeze_5,order2,4,0.0,0.0,0.0,0.0,0.0,0.0,0.0,0.0,0.0,1.0,1.0,1.0,0.7851602951152212,0.7897149077679527,0.8191256939164744
hc2/search/frame_freeze_5/order2/24,hc2,search,frame_freeze_5,order2,29,0.33640735956512885,0.3854752610490182,0.37744210008273016,0.04906790148388934,0.04103474051760131,-0.008033160966288033,0.0,0.0,0.0,0.0,0.0,0.0,0.8338015812529394,0.8675238114724748,0.8611968753219792
hc2/search/frame_freeze_5/order2/28,hc2,search,frame_freeze_5,order2,8,0.04161835601391347,0.3916767479379475,0.4134653590473243,0.35005839192403404,0.37184700303341084,0.0217886111093768,0.0,0.0,0.0,0.0,0.0,0.0,0.9744797478814341,0.9854915863814219,0.8903820584337766
hc2/search/motion_blur_5/order1/0,hc2,search,motion_blur_5,order1,2,0.6648079911393633,0.7518529583516124,0.7115442838492914,0.08704496721224908,0.04673629270992807,-0.04030867450232101,1.0,1.0,1.0,0.0,0.0,0.0,0.906189132484401,0.9634944945089986,0.9754498204175301
hc2/search/motion_blur_5/order1/4,hc2,search,motion_blur_5,order1,27,0.48709767157973183,0.5888015690380632,0.5755045043150098,0.10170389745833142,0.08840683273527794,-0.013297064723053476,0.0,1.0,1.0,0.0,0.0,0.0,0.9183499120896862,0.9707524823505838,0.9857212189705141
hc2/search/motion_blur_5/order1/8,hc2,search,motion_blur_5,order1,26,0.237195547039045,0.23891108031281458,0.2654399712585114,0.0017155332737695816,0.02824442421946638,0.026528890945696798,0.0,0.0,0.0,0.0,0.0,0.0,0.8122714045536091,0.824307166503794,0.8427152240541249
hc2/search/motion_blur_5/order1/12,hc2,search,motion_blur_5,order1,14,0.42637081078138256,0.23736649254005893,0.3538981796779754,-0.18900431824132363,-0.07247263110340718,0.11653168713791645,0.0,0.0,0.0,0.0,0.0,0.0,0.8950578201409373,0.8568393876919804,0.8422018524592365
hc2/search/motion_blur_5/order1/16,hc2,search,motion_blur_5,order1,29,0.33612561718913964,0.3978388878771323,0.3817176181513553,0.06171327068799265,0.04559200096221566,-0.016121269725776988,0.0,0.0,0.0,0.0,0.0,0.0,0.834802401476354,0.8642398683289239,0.8741658877881369
hc2/search/motion_blur_5/order1/20,hc2,search,motion_blur_5,order1,28,0.34132282431569677,0.3646031155149842,0.39452304437194113,0.02328029119928743,0.05320022005624436,0.029919928856956934,0.0,0.0,0.0,0.0,0.0,0.0,0.9212323987201014,0.882693517204515,0.914120605043411
hc2/search/motion_blur_5/order1/24,hc2,search,motion_blur_5,order1,1,0.30161813966628254,0.3012064910757813,0.007513267088914308,-0.0004116485905012457,-0.2941048725773682,-0.293693223986867,0.0,0.0,0.0,0.0,0.0,0.0,0.8489478893181197,0.8802239796478385,0.9185488883485186
hc2/search/motion_blur_5/order1/28,hc2,search,motion_blur_5,order1,3,0.7826521678613109,0.7739434352275313,0.7847756363052768,-0.008708732633779581,0.002123468443965937,0.010832201077745518,1.0,1.0,1.0,0.0,0.0,0.0,0.8469892801849651,0.8431066774750593,0.8549494149771254
hc2/search/motion_blur_5/order2/0,hc2,search,motion_blur_5,order2,16,0.6157087771835843,0.6537686236397382,0.6077215838552191,0.0380598464561539,-0.007987193328365172,-0.04604703978451907,1.0,1.0,1.0,0.0,0.0,0.0,0.9764183638299172,0.9723984620266256,0.9614769788888785
hc2/search/motion_blur_5/order2/4,hc2,search,motion_blur_5,order2,23,0.7280904691514343,0.8387893058596091,0.7406953767289876,0.11069883670817482,0.012604907577553282,-0.09809392913062154,1.0,1.0,1.0,0.0,0.0,0.0,0.8175350584098922,0.856682803757065,0.8712159963754508
hc2/search/motion_blur_5/order2/8,hc2,search,motion_blur_5,order2,5,0.11076133739354518,0.2635729437464357,0.33706760696345583,0.1528116063528905,0.22630626956991065,0.07349466321702014,0.0,0.0,0.0,0.0,0.0,0.0,0.9017983774831821,0.9219477883397978,0.8410505566999487
hc2/search/motion_blur_5/order2/12,hc2,search,motion_blur_5,order2,1,0.30161813966628254,0.31117235338275695,0.007513267088914308,0.009554213716474413,-0.2941048725773682,-0.30365908629384264,0.0,0.0,0.0,0.0,0.0,0.0,0.8489478893181197,0.851871368890259,0.9185488883485186
hc2/search/motion_blur_5/order2/16,hc2,search,motion_blur_5,order2,20,0.0,0.0,0.0,0.0,0.0,0.0,0.0,0.0,0.0,1.0,1.0,1.0,0.9394310005177385,0.894876999710456,0.8609231982314796
hc2/search/motion_blur_5/order2/20,hc2,search,motion_blur_5,order2,4,0.0,0.0,0.0,0.0,0.0,0.0,0.0,0.0,0.0,1.0,1.0,1.0,0.7832759370739828,0.7829418822422923,0.8202012849334103
hc2/search/motion_blur_5/order2/24,hc2,search,motion_blur_5,order2,29,0.33612561718913964,0.40824146813209977,0.3817176181513553,0.07211585094296014,0.04559200096221566,-0.026523849980744474,0.0,0.0,0.0,0.0,0.0,0.0,0.834802401476354,0.8488612684816271,0.8741658877881369
hc2/search/motion_blur_5/order2/28,hc2,search,motion_blur_5,order2,8,0.04086596529755792,0.3989417529150338,0.4176925927697393,0.3580757876174759,0.3768266274721814,0.018750839854705492,0.0,0.0,0.0,0.0,0.0,0.0,0.9639635391902646,0.9542460753270023,0.8692578875902938
hc2/search/occlusion_5/order1/0,hc2,search,occlusion_5,order1,2,0.7056752803574177,0.8150050916169819,0.7336073864056474,0.1093298112595642,0.02793210604822971,-0.08139770521133449,1.0,1.0,1.0,0.0,0.0,0.0,0.8808169450662714,0.9509886159376872,0.963649792473158
hc2/search/occlusion_5/order1/4,hc2,search,occlusion_5,order1,27,0.4922093081489353,0.6062240567615605,0.5739353651495549,0.11401474861262523,0.08172605700061958,-0.03228869161200565,0.0,1.0,1.0,0.0,0.0,0.0,0.9169544712189706,0.9647433505988315,0.9768091986045341
hc2/search/occlusion_5/order1/8,hc2,search,occlusion_5,order1,26,0.25579631766767436,0.21043318273456663,0.2986440478801391,-0.04536313493310773,0.04284773021246474,0.08821086514557247,0.0,0.0,0.0,0.0,0.0,0.0,0.8254199846638456,0.8540446966867137,0.8711945261626947
hc2/search/occlusion_5/order1/12,hc2,search,occlusion_5,order1,14,0.3967841226754885,0.21420044964753948,0.2384753266366041,-0.18258367302794903,-0.15830879603888443,0.02427487698906461,0.0,0.0,0.0,0.0,0.0,0.0,0.9153627888292232,0.8454268441784138,0.850571159035393
hc2/search/occlusion_5/order1/16,hc2,search,occlusion_5,order1,29,0.3391529438186892,0.3867501265654345,0.37536938481853993,0.04759718274674529,0.03621644099985072,-0.011380741746894574,0.0,0.0,0.0,0.0,0.0,0.0,0.8368536310051226,0.8918201613714848,0.8683556540098538
hc2/search/occlusion_5/order1/20,hc2,search,occlusion_5,order1,28,0.33982905408713704,0.36970282815199157,0.39730959680434147,0.02987377406485453,0.05748054271720443,0.0276067686523499,0.0,0.0,0.0,0.0,0.0,0.0,0.9188965104091636,0.8136192508121732,0.9168673694907523
hc2/search/occlusion_5/order1/24,hc2,search,occlusion_5,order1,1,0.728247347960635,0.3453168168786931,0.041456387557775816,-0.38293053108194186,-0.6867909604028591,-0.3038604293209173,1.0,0.0,0.0,0.0,0.0,0.0,0.8587009051256663,0.8958642123772639,0.9126129150390625
hc2/search/occlusion_5/order1/28,hc2,search,occlusion_5,order1,3,0.7836131543358512,0.7774519474505648,0.785357198052541,-0.00616120688528643,0.0017440437166897915,0.007905250601976221,1.0,1.0,1.0,0.0,0.0,0.0,0.8525117019127155,0.8415235895673858,0.8534605553629582
hc2/search/occlusion_5/order2/0,hc2,search,occlusion_5,order2,16,0.5863790021843919,0.6192911367378537,0.6113804896148505,0.03291213455346187,0.025001487430458602,-0.007910647123003267,1.0,1.0,1.0,0.0,0.0,0.0,0.9568454082195575,0.9673024947826679,0.9619182806748611
hc2/search/occlusion_5/order2/4,hc2,search,occlusion_5,order2,23,0.7095036271508339,0.8387748268706686,0.765999402061339,0.1292711997198347,0.05649577491050506,-0.07277542480932964,1.0,1.0,1.0,0.0,0.0,0.0,0.8177032884808153,0.8387748268706686,0.8858842973018989
hc2/search/occlusion_5/order2/8,hc2,search,occlusion_5,order2,5,0.10980414273047427,0.23025595833093898,0.3290183378131155,0.12045181560046471,0.21921419508264123,0.09876237948217653,0.0,0.0,0.0,0.0,0.0,0.0,0.9041066828496803,0.9068865604425109,0.8441155296049503
hc2/search/occlusion_5/order2/12,hc2,search,occlusion_5,order2,1,0.728247347960635,0.3683846518342063,0.041456387557775816,-0.3598626961264286,-0.6867909604028591,-0.3269282642764305,1.0,0.0,0.0,0.0,0.0,0.0,0.8587009051256663,0.8594803531213846,0.9126129150390625
hc2/search/occlusion_5/order2/16,hc2,search,occlusion_5,order2,20,0.0,0.0,0.0,0.0,0.0,0.0,0.0,0.0,0.0,1.0,1.0,1.0,0.9427635639745733,0.9084637646519403,0.8648969917966608
hc2/search/occlusion_5/order2/20,hc2,search,occlusion_5,order2,4,0.0,0.0,0.0,0.0,0.0,0.0,0.0,0.0,0.0,1.0,1.0,1.0,0.7823762317631868,0.754550344992004,0.82059970318071
hc2/search/occlusion_5/order2/24,hc2,search,occlusion_5,order2,29,0.3391529438186892,0.3970656179290678,0.37536938481853993,0.05791267411037859,0.03621644099985072,-0.021696233110527874,0.0,0.0,0.0,0.0,0.0,0.0,0.8368536310051226,0.8721064587398126,0.8683556540098538
hc2/search/occlusion_5/order2/28,hc2,search,occlusion_5,order2,8,0.04204931222254278,0.3975295875569672,0.40902648984770357,0.35548027533442444,0.3669771776251608,0.011496902290736355,0.0,0.0,0.0,0.0,0.0,0.0,0.970168174864225,0.9826168195200478,0.8898203643177885
hc2/search/exposure_5/order1/0,hc2,search,exposure_5,order1,2,0.7411082461945779,0.8346124279682828,0.7888307236999585,0.0935041817737049,0.04772247750538061,-0.045781704268324286,1.0,1.0,1.0,0.0,0.0,0.0,0.9070177917576591,0.9068203042936802,0.8865123798407138
hc2/search/exposure_5/order1/4,hc2,search,exposure_5,order1,27,0.4915755522290257,0.6044333327949506,0.5692723184518415,0.11285778056592488,0.07769676622281574,-0.03516101434310914,0.0,1.0,1.0,0.0,0.0,0.0,0.9259436822706654,0.9500433843181881,0.9596321775387783
hc2/search/exposure_5/order1/8,hc2,search,exposure_5,order1,26,0.2893928171785726,0.22088639329331383,0.32170386321612554,-0.0685064238852588,0.032311046037552915,0.10081746992281171,0.0,0.0,0.0,0.0,0.0,0.0,0.7612743024688363,0.8012097002309898,0.8106720479660047
hc2/search/exposure_5/order1/12,hc2,search,exposure_5,order1,14,0.38332335271505014,0.2510763476506424,0.24863880118404696,-0.13224700506440773,-0.13468455153100317,-0.0024375464665954416,0.0,0.0,0.0,0.0,0.0,0.0,0.9180700574010395,0.8676740001837743,0.8506725019591432
hc2/search/exposure_5/order1/16,hc2,search,exposure_5,order1,29,0.33499416779400937,0.39590222109504625,0.38121162566643857,0.06090805330103688,0.0462174578724292,-0.014690595428607678,0.0,0.0,0.0,0.0,0.0,0.0,0.8328615083972543,0.8761345390010986,0.8569811119880205
hc2/search/exposure_5/order1/20,hc2,search,exposure_5,order1,28,0.33262488095704895,0.36187456879514196,0.3905119157904684,0.029249687838093008,0.05788703483341945,0.02863734699532644,0.0,0.0,0.0,0.0,0.0,0.0,0.9327707160925434,0.8729483722567232,0.9192954057375523
hc2/search/exposure_5/order1/24,hc2,search,exposure_5,order1,1,0.3269563908089216,0.35200521679649044,0.025784829855571092,0.025048825987568857,-0.3011715609533505,-0.32622038694091937,0.0,0.0,0.0,0.0,0.0,0.0,0.8537042910453353,0.8971583140772358,0.9157018255680165
hc2/search/exposure_5/order1/28,hc2,search,exposure_5,order1,3,0.7836855335123474,0.7738631810625548,0.7845397982190815,-0.00982235244979257,0.0008542647067341091,0.01067661715652668,1.0,1.0,1.0,0.0,0.0,0.0,0.8497293406519396,0.8446311647833327,0.8523918444964703
hc2/search/exposure_5/order2/0,hc2,search,exposure_5,order2,16,0.5855273402863748,0.6198869351144033,0.6032364893103623,0.03435959482802853,0.01770914902398757,-0.01665044580404096,1.0,1.0,1.0,0.0,0.0,0.0,0.9557077884674072,0.96416151706989,0.9621364483466515
hc2/search/exposure_5/order2/4,hc2,search,exposure_5,order2,23,0.6110287699394397,0.8020175110362693,0.6097615074906778,0.19098874109682962,-0.0012672624487618522,-0.19225600354559147,1.0,1.0,1.0,0.0,0.0,0.0,0.8416423113037697,0.8754131023700421,0.7267863933856671
hc2/search/exposure_5/order2/8,hc2,search,exposure_5,order2,5,0.1053510405496623,0.23261591766268522,0.3219230137865237,0.12726487711302292,0.21657197323686142,0.0893070961238385,0.0,0.0,0.0,0.0,0.0,0.0,0.9243415025462455,0.8859912300444841,0.8484685774749549
hc2/search/exposure_5/order2/12,hc2,search,exposure_5,order2,1,0.3269563908089216,0.33886775387287993,0.025784829855571092,0.011911363063958347,-0.3011715609533505,-0.31308292401730886,0.0,0.0,0.0,0.0,0.0,0.0,0.8537042910453353,0.8564110215227831,0.9157018255680165
hc2/search/exposure_5/order2/16,hc2,search,exposure_5,order2,20,0.0,0.0,0.0,0.0,0.0,0.0,0.0,0.0,0.0,1.0,1.0,1.0,0.94453731819887,0.9295488420187872,0.8650317275733278
hc2/search/exposure_5/order2/20,hc2,search,exposure_5,order2,4,0.0,0.0,0.0,0.0,0.0,0.0,0.0,0.0,0.0,1.0,1.0,1.0,0.7815990063968121,0.7937095911244642,0.8193957949644767
hc2/search/exposure_5/order2/24,hc2,search,exposure_5,order2,29,0.33499416779400937,0.4099511113362302,0.38121162566643857,0.07495694354222082,0.0462174578724292,-0.02873948566979162,0.0,0.0,0.0,0.0,0.0,0.0,0.8328615083972543,0.8573588971720819,0.8569811119880205
hc2/search/exposure_5/order2/28,hc2,search,exposure_5,order2,8,0.04201337795545601,0.3879773818546947,0.4050810862070833,0.3459640038992387,0.36306770825162726,0.01710370435238856,0.0,0.0,0.0,0.0,0.0,0.0,0.9810906511051356,0.9705453560964831,0.8781139850988534
hc2/confirm/clean/order1/0,hc2,confirm,clean,order1,33,0.8351758134138891,0.8309071980323962,0.8511591910451332,-0.004268615381492924,0.015983377631244022,0.020251993012736946,1.0,1.0,1.0,0.0,0.0,0.0,0.8883045414190155,0.8986250484559611,0.9064031671119837
hc2/confirm/clean/order1/4,hc2,confirm,clean,order1,47,0.0,0.2711603590259091,0.03269357441087417,0.2711603590259091,0.03269357441087417,-0.23846678461503495,0.0,0.0,0.0,1.0,0.0,0.0,0.948766045912335,0.7372242714116765,0.7456777476007167
hc2/confirm/clean/order1/8,hc2,confirm,clean,order1,42,0.27616699261385097,0.13483075025548302,0.30964839483795303,-0.14133624235836795,0.033481402224102064,0.17481764458247,0.0,0.0,0.0,0.0,0.0,0.0,0.8552152523130326,0.7657250221432992,0.8240005258706755
hc2/confirm/clean/order1/12,hc2,confirm,clean,order1,34,0.598227163292908,0.5799104095143336,0.20787162587474864,-0.018316753778574446,-0.3903555374181594,-0.372038783639585,1.0,1.0,0.0,0.0,0.0,0.0,0.9081328869108852,0.9062788042361664,0.9800335669897547
hc2/confirm/clean/order2/0,hc2,confirm,clean,order2,43,0.0,0.8221899781908307,0.0,0.8221899781908307,0.0,-0.8221899781908307,0.0,1.0,0.0,1.0,0.0,1.0,0.9340328659330096,0.9284692832401821,0.9002786193575177
hc2/confirm/clean/order2/4,hc2,confirm,clean,order2,34,0.598227163292908,0.9468147018954066,0.20787162587474864,0.3485875386024986,-0.3903555374181594,-0.738943076020658,1.0,1.0,0.0,0.0,0.0,0.0,0.9081328869108852,0.9468147018954066,0.9800335669897547
hc2/confirm/clean/order2/8,hc2,confirm,clean,order2,41,0.916389905489408,0.912955797635592,0.9112840799184946,-0.0034341078538160374,-0.005105825570913436,-0.0016717177170973985,1.0,1.0,1.0,0.0,0.0,0.0,0.934419191800631,0.9312138190636268,0.9308006580059345
hc2/confirm/clean/order2/12,hc2,confirm,clean,order2,44,0.6875788894034323,0.6169771066509743,0.47747268889073446,-0.07060178275245799,-0.2101062005126978,-0.1395044177602398,1.0,1.0,0.0,0.0,0.0,0.0,0.9471346738353091,0.7421029228821232,0.7851322117972539
hc2/confirm/frame_drop_5/order1/0,hc2,confirm,frame_drop_5,order1,33,0.7882493956172503,0.8125259453772323,0.8117131430252442,0.024276549759982058,0.02346374740799395,-0.0008128023519881067,1.0,1.0,1.0,0.0,0.0,0.0,0.8783987590244838,0.9134753378279048,0.9296185187068893
hc2/confirm/frame_drop_5/order1/4,hc2,confirm,frame_drop_5,order1,47,0.0,0.1310268733758813,0.009621339334593686,0.1310268733758813,0.009621339334593686,-0.1214055340412876,0.0,0.0,0.0,1.0,0.0,0.0,0.8076373281131137,0.7110459551106425,0.619229355903521
hc2/confirm/frame_drop_5/order1/8,hc2,confirm,frame_drop_5,order1,42,0.27196552369949323,0.1890442640215055,0.31904162246390805,-0.08292125967798772,0.04707609876441482,0.12999735844240254,0.0,0.0,0.0,0.0,0.0,0.0,0.8622817520361038,0.7895963697884828,0.8187440254307164
hc2/confirm/frame_drop_5/order1/12,hc2,confirm,frame_drop_5,order1,34,0.33080190017952404,0.9627168814206946,0.28748280800686243,0.6319149812411705,-0.04331909217266161,-0.6752340734138321,0.0,1.0,0.0,0.0,0.0,0.0,0.9207571053230612,0.9627168814206946,0.9545419442066084
hc2/confirm/frame_drop_5/order2/0,hc2,confirm,frame_drop_5,order2,43,0.0,0.6168509553408568,0.0,0.6168509553408568,0.0,-0.6168509553408568,0.0,1.0,0.0,1.0,0.0,1.0,0.9541002341679165,0.9600058633201741,0.9263087000165667
hc2/confirm/frame_drop_5/order2/4,hc2,confirm,frame_drop_5,order2,34,0.33080190017952404,0.9390234205959394,0.28748280800686243,0.6082215204164153,-0.04331909217266161,-0.6515406125890769,0.0,1.0,0.0,0.0,0.0,0.0,0.9207571053230612,0.9390234205959394,0.9545419442066084
hc2/confirm/frame_drop_5/order2/8,hc2,confirm,frame_drop_5,order2,41,0.9174666771521935,0.9135221334604117,0.9131970038780799,-0.003944543691781877,-0.00426967327411365,-0.00032512958233177347,1.0,1.0,1.0,0.0,0.0,0.0,0.936892582820012,0.9330620398888221,0.9342890519362229
hc2/confirm/frame_drop_5/order2/12,hc2,confirm,frame_drop_5,order2,44,0.6883927323990889,0.6905067321718333,0.5957680540857043,0.0021139997727444015,-0.09262467831338461,-0.09473867808612901,1.0,1.0,1.0,0.0,0.0,0.0,0.944007339477539,0.7564494121658764,0.7340005865743443
hc2/confirm/frame_freeze_5/order1/0,hc2,confirm,frame_freeze_5,order1,33,0.8350737326692618,0.8327955736314018,0.8509606828894928,-0.0022781590378599947,0.01588695022023101,0.018165109258091006,1.0,1.0,1.0,0.0,0.0,0.0,0.8885632003760195,0.899132255408306,0.9057874506205049
hc2/confirm/frame_freeze_5/order1/4,hc2,confirm,frame_freeze_5,order1,47,0.0,0.19205190473653566,0.03568972804952253,0.19205190473653566,0.03568972804952253,-0.15636217668701313,0.0,0.0,0.0,1.0,0.0,0.0,0.9468293544079032,0.7231338903368159,0.7294258566758673
hc2/confirm/frame_freeze_5/order1/8,hc2,confirm,frame_freeze_5,order1,42,0.2783176691630452,0.17044488908781139,0.3084255882398824,-0.10787278007523379,0.030107919076837242,0.13798069915207103,0.0,0.0,0.0,0.0,0.0,0.0,0.8542837083469594,0.7771293526335279,0.8256159046484921
hc2/confirm/frame_freeze_5/order1/12,hc2,confirm,frame_freeze_5,order1,34,0.6285868342454514,0.9954826941856971,0.20576183727410666,0.36689585994024576,-0.4228249969713447,-0.7897208569115904,1.0,1.0,0.0,0.0,0.0,0.0,0.9323035318150297,0.9954826941856971,0.962978515625
hc2/confirm/frame_freeze_5/order2/0,hc2,confirm,frame_freeze_5,order2,43,0.0,0.6597470411548753,0.0,0.6597470411548753,0.0,-0.6597470411548753,0.0,1.0,0.0,1.0,0.0,1.0,0.9251088925770351,0.9288006680352348,0.8882437475836568
hc2/confirm/frame_freeze_5/order2/4,hc2,confirm,frame_freeze_5,order2,34,0.6285868342454514,0.9670581632995635,0.20576183727410666,0.33847132905411215,-0.4228249969713447,-0.7612963260254568,1.0,1.0,0.0,0.0,0.0,0.0,0.9323035318150297,0.9670581632995635,0.962978515625
hc2/confirm/frame_freeze_5/order2/8,hc2,confirm,frame_freeze_5,order2,41,0.9164048708402194,0.9119625091552734,0.9114834712101862,-0.004442361684945939,-0.00492139963003313,-0.00047903794508719066,1.0,1.0,1.0,0.0,0.0,0.0,0.9343958634596604,0.9299203432523288,0.9312205681434045
hc2/confirm/frame_freeze_5/order2/12,hc2,confirm,frame_freeze_5,order2,44,0.6914817995433479,0.6107412541788242,0.46658321525597907,-0.08074054536452369,-0.2248985842873688,-0.14415803892284512,1.0,1.0,0.0,0.0,0.0,0.0,0.963566172047263,0.7379828080133128,0.7895335914703063
hc2/confirm/motion_blur_5/order1/0,hc2,confirm,motion_blur_5,order1,33,0.8696549333271407,0.8459395577668554,0.8743395677866913,-0.023715375560285357,0.004684634459550585,0.028400010019835942,1.0,1.0,1.0,0.0,0.0,0.0,0.9322927264464382,0.9150050069503927,0.9304545707113869
hc2/confirm/motion_blur_5/order1/4,hc2,confirm,motion_blur_5,order1,47,0.0,0.1669309054508645,0.04982379327429881,0.1669309054508645,0.04982379327429881,-0.11710711217656569,0.0,0.0,0.0,1.0,0.0,0.0,0.893686360938105,0.6504437506630941,0.6244979497335678
hc2/confirm/motion_blur_5/order1/8,hc2,confirm,motion_blur_5,order1,42,0.28960418909026586,0.19462965079886382,0.3227589840182739,-0.09497453829140204,0.03315479492800805,0.12812933321941009,0.0,0.0,0.0,0.0,0.0,0.0,0.865202393859291,0.7954708939005023,0.828868179703588
hc2/confirm/motion_blur_5/order1/12,hc2,confirm,motion_blur_5,order1,34,0.6765957967017934,0.44425189678485577,0.21348377590111042,-0.2323438999169376,-0.4631120208006829,-0.23076812088374535,1.0,0.0,0.0,0.0,0.0,0.0,0.9315261360219709,0.9795600901744225,0.9838332464601011
hc2/confirm/motion_blur_5/order2/0,hc2,confirm,motion_blur_5,order2,43,0.0,0.6545084262813546,0.0,0.6545084262813546,0.0,-0.6545084262813546,0.0,1.0,0.0,1.0,0.0,1.0,0.9332626854590911,0.9286588260105678,0.8757341511065948
hc2/confirm/motion_blur_5/order2/4,hc2,confirm,motion_blur_5,order2,34,0.6765957967017934,0.9773724600358233,0.21348377590111042,0.30077666333402997,-0.4631120208006829,-0.7638886841347129,1.0,1.0,0.0,0.0,0.0,0.0,0.9315261360219709,0.9773724600358233,0.9838332464601011
hc2/confirm/motion_blur_5/order2/8,hc2,confirm,motion_blur_5,order2,41,0.919049336360051,0.9137898958646334,0.9140013181246244,-0.0052594404954176,-0.005048018235426666,0.00021142225999093434,1.0,1.0,1.0,0.0,0.0,0.0,0.9385780921349158,0.9332100794865534,0.9347346379206731
hc2/confirm/motion_blur_5/order2/12,hc2,confirm,motion_blur_5,order2,44,0.6822173785262191,0.6395496946552843,0.5044517105251557,-0.04266768387093478,-0.17776566800106341,-0.13509798413012863,1.0,1.0,1.0,0.0,0.0,0.0,0.9652795913294526,0.7660412089029948,0.7640833606369117
hc2/confirm/occlusion_5/order1/0,hc2,confirm,occlusion_5,order1,33,0.8373217866072294,0.8325769531983009,0.8536761628098337,-0.004744833408928506,0.01635437620260427,0.021099209611532777,1.0,1.0,1.0,0.0,0.0,0.0,0.8877239321225536,0.8980439855295647,0.9054033967774934
hc2/confirm/occlusion_5/order1/4,hc2,confirm,occlusion_5,order1,47,0.0,0.20159758997272892,0.04178170151033983,0.20159758997272892,0.04178170151033983,-0.1598158884623891,0.0,0.0,0.0,1.0,0.0,0.0,0.936466211558837,0.7141817162114754,0.6992004039848887
hc2/confirm/occlusion_5/order1/8,hc2,confirm,occlusion_5,order1,42,0.2767388215048696,0.13570003551703697,0.31150369398977595,-0.14103878598783265,0.03476487248490634,0.175803658472739,0.0,0.0,0.0,0.0,0.0,0.0,0.853312671065622,0.7669952110434275,0.824401321495488
hc2/confirm/occlusion_5/order1/12,hc2,confirm,occlusion_5,order1,34,0.6446825296306318,0.17337322478641837,0.19657233827948317,-0.4713093048442134,-0.4481101913511486,0.023199113493064805,1.0,0.0,0.0,0.0,0.0,0.0,0.9179991047783446,0.9424930727622031,0.9611833241511228
hc2/confirm/occlusion_5/order2/0,hc2,confirm,occlusion_5,order2,43,0.0,0.8562290668487549,0.0,0.8562290668487549,0.0,-0.8562290668487549,0.0,1.0,0.0,1.0,0.0,1.0,0.938857981136867,0.9702272760402199,0.9024506021459802
hc2/confirm/occlusion_5/order2/4,hc2,confirm,occlusion_5,order2,34,0.6446825296306318,0.9344028947893835,0.19657233827948317,0.28972036515875177,-0.4481101913511486,-0.7378305565099004,1.0,1.0,0.0,0.0,0.0,0.0,0.9179991047783446,0.9344028947893835,0.9611833241511228
hc2/confirm/occlusion_5/order2/8,hc2,confirm,occlusion_5,order2,41,0.9171340648944561,0.9134104802058294,0.9132515833928034,-0.0037235846886267687,-0.0038824815016527126,-0.00015889681302594383,1.0,1.0,1.0,0.0,0.0,0.0,0.935362302339994,0.9322655017559345,0.9335600046011118
hc2/confirm/occlusion_5/order2/12,hc2,confirm,occlusion_5,order2,44,0.7015752729765008,0.6162083279764078,0.4813341532469862,-0.08536694500009301,-0.2202411197295146,-0.1348741747294216,1.0,1.0,0.0,0.0,0.0,0.0,0.9685210418701172,0.7440771767456921,0.7762129441299849
hc2/confirm/exposure_5/order1/0,hc2,confirm,exposure_5,order1,33,0.8353501336611291,0.838492502150484,0.8514401552506581,0.0031423684893548964,0.01609002158952899,0.012947653100174095,1.0,1.0,1.0,0.0,0.0,0.0,0.8872188939571349,0.9068036788065955,0.9067023043314487
hc2/confirm/exposure_5/order1/4,hc2,confirm,exposure_5,order1,47,0.0,0.2703122465368802,0.0464639906811846,0.2703122465368802,0.0464639906811846,-0.2238482558556956,0.0,0.0,0.0,1.0,0.0,0.0,0.9674350490227365,0.7134988336008481,0.7380148347474705
hc2/confirm/exposure_5/order1/8,hc2,confirm,exposure_5,order1,42,0.2773532622717696,0.17813002499099923,0.30919106381167344,-0.09922323728077037,0.03183780153990384,0.1310610388206742,0.0,0.0,0.0,0.0,0.0,0.0,0.8547778798325569,0.7837584760867299,0.8251647103470304
hc2/confirm/exposure_5/order1/12,hc2,confirm,exposure_5,order1,34,0.6003561204648417,0.9814804282352375,0.20319050588754126,0.38112430777039585,-0.3971656145773004,-0.7782899223476962,1.0,1.0,0.0,0.0,0.0,0.0,0.9133798356528573,0.9814804282352375,0.9729588989764362
hc2/confirm/exposure_5/order2/0,hc2,confirm,exposure_5,order2,43,0.0,0.6666485415291392,0.0,0.6666485415291392,0.0,-0.6666485415291392,0.0,1.0,0.0,1.0,0.0,1.0,0.9315310035433088,0.9342076778411865,0.9043303387505668
hc2/confirm/exposure_5/order2/4,hc2,confirm,exposure_5,order2,34,0.6003561204648417,0.9553780269872015,0.20319050588754126,0.3550219065223599,-0.3971656145773004,-0.7521875210996603,1.0,1.0,0.0,0.0,0.0,0.0,0.9133798356528573,0.9553780269872015,0.9729588989764362
hc2/confirm/exposure_5/order2/8,hc2,confirm,exposure_5,order2,41,0.9166275904728816,0.9112299405611478,0.9118025853083684,-0.005397649911733748,-0.004825005164513119,0.0005726447472206297,1.0,1.0,1.0,0.0,0.0,0.0,0.9346201970027044,0.9289660820594201,0.9314606006328876
hc2/confirm/exposure_5/order2/12,hc2,confirm,exposure_5,order2,44,0.6869116639048695,0.6200007670028272,0.47119824270112515,-0.06691089690204222,-0.21571342120374432,-0.1488025243017021,1.0,1.0,0.0,0.0,0.0,0.0,0.943713902371019,0.7334874039556872,0.7820290627830101
