parent,order,condition,arrival,expert_scheduled,updated,Frozen_m_tIoU,Frozen_m_vIoU,Frozen_vIoU@0.3,Frozen_vIoU@0.5,Frozen_sIoU_dense_GT,Ours_m_tIoU,Ours_m_vIoU,Ours_vIoU@0.3,Ours_vIoU@0.5,Ours_sIoU_dense_GT,delta_m_tIoU,delta_m_vIoU,delta_sIoU_dense_GT,delta_vIoU@0.3,delta_vIoU@0.5
8,order1,clean,0,True,True,0.7858942065491183,0.08761806056923738,0.0,0.0,0.14957353617970084,0.8286445012787724,0.1001474215309333,0.0,0.0,0.14957353617970084,0.04275029472965408,0.01252936096169592,0.0,0.0,0.0
15,order1,clean,1,False,False,0.0,0.0,0.0,0.0,0.4771317599194635,0.0,0.0,0.0,0.0,0.45880196450560073,0.0,0.0,-0.01832979541386276,0.0,0.0
19,order1,clean,2,False,False,0.8607142857142858,0.5932428158635945,1.0,1.0,0.689244765318699,0.8607142857142858,0.5977404555895884,1.0,1.0,0.6944702388592728,0.0,0.004497639725993929,0.005225473540573788,0.0,0.0
27,order1,clean,3,False,False,0.0,0.0,0.0,0.0,0.2106413875779321,0.0,0.0,0.0,0.0,0.21531716187319117,0.0,0.0,0.004675774295259061,0.0,0.0
7,order1,clean,4,True,False,0.0,0.0,0.0,0.0,0.050113759624216776,0.0,0.0,0.0,0.0,0.05005676688995994,0.0,0.0,-5.6992734256834654e-05,0.0,0.0
1,order1,clean,5,False,False,0.0,0.0,0.0,0.0,0.0,0.0,0.0,0.0,0.0,0.0,0.0,0.0,0.0,0.0,0.0
25,order1,clean,6,False,False,0.11174785100286533,0.08206885203495262,0.0,0.0,0.734411009235858,0.11174785100286533,0.08284221783967338,0.0,0.0,0.7413316416934875,0.0,0.0007733658047207603,0.0069206324576295275,0.0,0.0
3,order1,clean,7,False,False,0.37888198757763975,0.21659745675929826,0.0,0.0,0.46100426190497706,0.37888198757763975,0.22524177993346325,0.0,0.0,0.4841653746196517,0.0,0.008644323174164997,0.023161112714674637,0.0,0.0
4,order1,clean,8,True,True,0.5048543689320388,0.1967675542474313,0.0,0.0,0.4007390934177471,0.18543046357615894,0.05507085441471908,0.0,0.0,0.3557175313580963,-0.3194239053558799,-0.14169669983271221,-0.0450215620596508,0.0,0.0
6,order1,clean,9,False,False,0.5986842105263158,0.42037501636934477,1.0,0.0,0.7513039563331398,0.5986842105263158,0.4211515939958839,1.0,0.0,0.7479755363636158,0.0,0.0007765776265391544,-0.0033284199695240435,0.0,0.0
20,order1,clean,10,False,False,0.4742268041237113,0.3055844091819411,1.0,0.0,0.6443845150140932,0.4742268041237113,0.2948165385931301,0.0,0.0,0.6216783531202961,0.0,-0.010767870588810957,-0.02270616189379715,-1.0,0.0
17,order1,clean,11,False,False,0.3951612903225806,0.024841392403310597,0.0,0.0,0.052124082629048635,0.3951612903225806,0.023253413587878677,0.0,0.0,0.05012901652125814,0.0,-0.0015879788154319202,-0.0019950661077904955,0.0,0.0
24,order1,clean,12,True,True,0.7376093294460642,0.0052478954572548805,0.0,0.0,0.005257226458285546,0.8775510204081632,0.004267767173494882,0.0,0.0,0.004267767173494882,0.13994169096209907,-0.0009801282837599984,-0.000989459284790664,0.0,0.0
2,order1,clean,13,False,False,0.919047619047619,0.00045486422907642924,0.0,0.0,0.00045486422907642924,0.919047619047619,0.24472175142322114,0.0,0.0,0.2681804500589394,0.0,0.24426688719414472,0.267725585829863,0.0,0.0
0,order1,clean,14,False,False,0.144136078782453,0.02270908047380844,0.0,0.0,0.022790428500926413,0.144136078782453,0.02614965576444208,0.0,0.0,0.028687576399420347,0.0,0.00344057529063364,0.005897147898493934,0.0,0.0
9,order1,clean,15,False,False,0.32941176470588235,0.06643577011954642,0.0,0.0,0.20168001643433733,0.32941176470588235,0.06136591679726255,0.0,0.0,0.18628939027740415,0.0,-0.005069853322283872,-0.01539062615693318,0.0,0.0
26,order1,clean,16,True,True,0.6744904261890056,0.2542322229308492,0.0,0.0,0.34756008651544446,0.6670784434836319,0.2416363889836833,0.0,0.0,0.3407264531053279,-0.0074119827053736875,-0.012595833947165874,-0.0068336334101165574,0.0,0.0
22,order1,clean,17,False,False,0.6785714285714286,0.5000172278274223,1.0,1.0,0.7368674936404119,0.6785714285714286,0.5022093013337499,1.0,1.0,0.7400979177549999,0.0,0.002192073506327552,0.0032304241145879597,0.0,0.0
5,order1,clean,18,False,False,0.6312056737588653,0.39842744525974244,1.0,0.0,0.633410438060328,0.6312056737588653,0.3990648504963291,1.0,0.0,0.6344542889072079,0.0,0.0006374052365866745,0.0010438508468798569,0.0,0.0
13,order1,clean,19,False,False,0.0319634703196347,0.025191986895068227,0.0,0.0,0.6621537854510572,0.0319634703196347,0.02532448650198935,0.0,0.0,0.6648728160810188,0.0,0.0001324996069211222,0.002719030629961594,0.0,0.0
18,order1,clean,20,True,True,0.0,0.0,0.0,0.0,0.04281797516185004,0.2616279069767442,0.020462081698074796,0.0,0.0,0.0782106233793081,0.2616279069767442,0.020462081698074796,0.035392648217458064,0.0,0.0
10,order1,clean,21,False,False,0.8282208588957055,0.225737089665397,0.0,0.0,0.25413162496263364,0.8282208588957055,0.2227168275908745,0.0,0.0,0.25110743368454835,0.0,-0.003020262074522495,-0.0030241912780852864,0.0,0.0
28,order1,clean,22,False,False,0.9043478260869565,0.6381963709270685,1.0,1.0,0.7056979101597392,0.9043478260869565,0.6362740598520076,1.0,1.0,0.7035722777209699,0.0,-0.0019223110750609118,-0.002125632438769287,0.0,0.0
31,order1,clean,23,False,False,0.9624664879356568,0.0,0.0,0.0,0.0,0.9624664879356568,0.0,0.0,0.0,0.0,0.0,0.0,0.0,0.0,0.0
23,order1,clean,24,True,True,0.0,0.0,0.0,0.0,0.2548496960788968,0.0,0.0,0.0,0.0,0.25916363743721677,0.0,0.0,0.004313941358319973,0.0,0.0
21,order1,clean,25,False,False,0.6597938144329897,0.30517181641197244,1.0,0.0,0.4625260342493957,0.6597938144329897,0.2849244691974851,0.0,0.0,0.43183864862743837,0.0,-0.020247347214487343,-0.03068738562195733,-1.0,0.0
11,order1,clean,26,False,False,0.84375,0.6310029625674677,1.0,1.0,0.7211462429342488,0.84375,0.6288479875905487,1.0,1.0,0.7186834143891986,0.0,-0.0021549749769189663,-0.0024628285450501997,0.0,0.0
12,order1,clean,27,False,False,0.3542319749216301,0.15899549556511655,0.0,0.0,0.44884569102010774,0.3542319749216301,0.15458147742028178,0.0,0.0,0.4363848787351317,0.0,-0.004414018144834775,-0.01246081228497603,0.0,0.0
29,order1,clean,28,True,True,0.0,0.0,0.0,0.0,0.0,0.0,0.0,0.0,0.0,0.0,0.0,0.0,0.0,0.0,0.0
16,order1,clean,29,False,False,0.10599078341013825,2.4075101248238386e-05,0.0,0.0,0.0002271433465594665,0.10599078341013825,4.5061839351075054e-05,0.0,0.0,0.00042514865822536026,0.0,2.098673810283667e-05,0.00019800531166589376,0.0,0.0
30,order1,clean,30,False,False,0.30414746543778803,0.08187536848155304,0.0,0.0,0.2671413278054354,0.30414746543778803,0.13676997117983272,0.0,0.0,0.42718887953414,0.0,0.054894602698279685,0.16004755172870455,0.0,0.0
14,order1,clean,31,False,False,0.0,0.0,0.0,0.0,0.37776744386779837,0.0,0.0,0.0,0.0,0.37983595743430326,0.0,0.0,0.0020685135665048926,0.0,0.0
1,order2,clean,0,True,True,0.0,0.0,0.0,0.0,0.0,0.0,0.0,0.0,0.0,0.0,0.0,0.0,0.0,0.0,0.0
18,order2,clean,1,False,False,0.0,0.0,0.0,0.0,0.04281797516185004,0.0,0.0,0.0,0.0,0.03435384086456902,0.0,0.0,-0.008464134297281024,0.0,0.0
20,order2,clean,2,False,False,0.4742268041237113,0.3055844091819411,1.0,0.0,0.6443845150140932,0.4742268041237113,0.3154427506485059,1.0,0.0,0.6651727568022842,0.0,0.009858341466564835,0.020788241788190942,0.0,0.0
22,order2,clean,3,False,False,0.6785714285714286,0.5000172278274223,1.0,1.0,0.7368674936404119,0.6785714285714286,0.4938794563666932,1.0,0.0,0.7278223567509163,0.0,-0.00613777146072908,-0.009045136889495597,0.0,-1.0
10,order2,clean,4,True,True,0.8282208588957055,0.225737089665397,0.0,0.0,0.25413162496263364,0.7988165680473372,0.22074737775571726,0.0,0.0,0.25767840095455397,-0.029404290848368264,-0.004989711909679728,0.0035467759919203257,0.0,0.0
17,order2,clean,5,False,False,0.3951612903225806,0.024841392403310597,0.0,0.0,0.052124082629048635,0.3951612903225806,0.025254929057041412,0.0,0.0,0.05287575144888685,0.0,0.0004135366537308151,0.0007516688198382152,0.0,0.0
16,order2,clean,6,False,False,0.10599078341013825,2.4075101248238386e-05,0.0,0.0,0.0002271433465594665,0.10599078341013825,3.520268203003462e-05,0.0,0.0,0.0003321296521964136,0.0,1.1127580781796235e-05,0.0001049863056369471,0.0,0.0
13,order2,clean,7,False,False,0.0319634703196347,0.025191986895068227,0.0,0.0,0.6621537854510572,0.0319634703196347,0.025126481110272804,0.0,0.0,0.6639519095058043,0.0,-6.550578479542352e-05,0.0017981240547471078,0.0,0.0
15,order2,clean,8,True,True,0.0,0.0,0.0,0.0,0.4771317599194635,0.009828009828009828,0.004588999249244503,0.0,0.0,0.4809911562926953,0.009828009828009828,0.004588999249244503,0.0038593963732317937,0.0,0.0
31,order2,clean,9,False,False,0.9624664879356568,0.0,0.0,0.0,0.0,0.9624664879356568,0.0,0.0,0.0,0.0,0.0,0.0,0.0,0.0,0.0
23,order2,clean,10,False,False,0.0,0.0,0.0,0.0,0.2548496960788968,0.0,0.0,0.0,0.0,0.2518951829028277,0.0,0.0,-0.0029545131760690957,0.0,0.0
28,order2,clean,11,False,False,0.9043478260869565,0.6381963709270685,1.0,1.0,0.7056979101597392,0.9043478260869565,0.63849850013518,1.0,1.0,0.7060319953417855,0.0,0.0003021292081114568,0.00033408518204636195,0.0,0.0
30,order2,clean,12,True,True,0.30414746543778803,0.08187536848155304,0.0,0.0,0.2671413278054354,0.32195121951219513,0.09667857236913398,0.0,0.0,0.2966600702236759,0.017803754074407097,0.01480320388758094,0.029518742418240485,0.0,0.0
21,order2,clean,13,False,False,0.6597938144329897,0.30517181641197244,1.0,0.0,0.4625260342493957,0.6597938144329897,0.30317282150177666,1.0,0.0,0.45949630758863025,0.0,-0.001998994910195784,-0.0030297266607654527,0.0,0.0
4,order2,clean,14,False,False,0.5048543689320388,0.1967675542474313,0.0,0.0,0.4007390934177471,0.5048543689320388,0.1989443765222977,0.0,0.0,0.3871844441325852,0.0,0.0021768222748664023,-0.013554649285161924,0.0,0.0
26,order2,clean,15,False,False,0.6744904261890056,0.2542322229308492,0.0,0.0,0.34756008651544446,0.6744904261890056,0.22669988422508602,0.0,0.0,0.31186352303473464,0.0,-0.02753233870576316,-0.03569656348070982,0.0,0.0
11,order2,clean,16,True,True,0.84375,0.6310029625674677,1.0,1.0,0.7211462429342488,0.7105263157894737,0.4678343800598376,1.0,0.0,0.6349180872240653,-0.13322368421052633,-0.1631685825076301,-0.0862281557101835,0.0,-1.0
14,order2,clean,17,False,False,0.0,0.0,0.0,0.0,0.37776744386779837,0.0,0.0,0.0,0.0,0.3854912015570259,0.0,0.0,0.007723757689227506,0.0,0.0
27,order2,clean,18,False,False,0.0,0.0,0.0,0.0,0.2106413875779321,0.0,0.0,0.0,0.0,0.21061723912241537,0.0,0.0,-2.4148455516737055e-05,0.0,0.0
0,order2,clean,19,False,False,0.144136078782453,0.02270908047380844,0.0,0.0,0.022790428500926413,0.144136078782453,0.02042091842408777,0.0,0.0,0.02042091842408777,0.0,-0.0022881620497206684,-0.0023695100768386414,0.0,0.0
19,order2,clean,20,True,True,0.8607142857142858,0.5932428158635945,1.0,1.0,0.689244765318699,0.7927631578947368,0.5577243492810288,1.0,1.0,0.703519511126277,-0.06795112781954893,-0.035518466582565744,0.014274745807577927,0.0,0.0
12,order2,clean,21,False,False,0.3542319749216301,0.15899549556511655,0.0,0.0,0.44884569102010774,0.3542319749216301,0.13432877035746046,0.0,0.0,0.37921130746929105,0.0,-0.024666725207656087,-0.06963438355081669,0.0,0.0
8,order2,clean,22,False,False,0.7858942065491183,0.08761806056923738,0.0,0.0,0.14957353617970084,0.7858942065491183,0.07765822339468678,0.0,0.0,0.12795287587177354,0.0,-0.009959837174550595,-0.02162066030792731,0.0,0.0
24,order2,clean,23,False,False,0.7376093294460642,0.0052478954572548805,0.0,0.0,0.005257226458285546,0.7376093294460642,0.003742638623466426,0.0,0.0,0.003742638623466426,0.0,-0.0015052568337884545,-0.00151458783481912,0.0,0.0
3,order2,clean,24,True,True,0.37888198757763975,0.21659745675929826,0.0,0.0,0.46100426190497706,0.37888198757763975,0.2278224760666685,0.0,0.0,0.4960852751432836,0.0,0.011225019307370243,0.035081013238306535,0.0,0.0
5,order2,clean,25,False,False,0.6312056737588653,0.39842744525974244,1.0,0.0,0.633410438060328,0.6312056737588653,0.39893334478089215,1.0,0.0,0.6342788648093244,0.0,0.0005058995211497108,0.0008684267489963426,0.0,0.0
2,order2,clean,26,False,False,0.919047619047619,0.00045486422907642924,0.0,0.0,0.00045486422907642924,0.919047619047619,0.257761354164628,0.0,0.0,0.2845099864332771,0.0,0.25730648993555155,0.28405512220420065,0.0,0.0
7,order2,clean,27,False,False,0.0,0.0,0.0,0.0,0.050113759624216776,0.0,0.0,0.0,0.0,0.05608519570144788,0.0,0.0,0.005971436077231107,0.0,0.0
6,order2,clean,28,True,True,0.5986842105263158,0.42037501636934477,1.0,0.0,0.7513039563331398,0.9733333333333334,0.7260012637176044,1.0,1.0,0.7458917092989087,0.37464912280701756,0.30562624734825966,-0.005412247034231155,0.0,1.0
9,order2,clean,29,False,False,0.32941176470588235,0.06643577011954642,0.0,0.0,0.20168001643433733,0.32941176470588235,0.0586919490411378,0.0,0.0,0.1781719881605969,0.0,-0.007743821078408618,-0.023508028273740433,0.0,0.0
25,order2,clean,30,False,False,0.11174785100286533,0.08206885203495262,0.0,0.0,0.734411009235858,0.11174785100286533,0.08187432949165974,0.0,0.0,0.7326702818612627,0.0,-0.00019452254329288543,-0.0017407273745952967,0.0,0.0
29,order2,clean,31,False,False,0.0,0.0,0.0,0.0,0.0,0.0,0.0,0.0,0.0,0.0,0.0,0.0,0.0,0.0,0.0
8,order1,frame_drop_5,0,True,True,0.8161209068010076,0.09946066249002632,0.0,0.0,0.14001421581092033,0.8463476070528967,0.10744998081102573,0.0,0.0,0.14001421581092033,0.030226700251889116,0.007989318320999417,0.0,0.0,0.0
15,order1,frame_drop_5,1,False,False,0.0,0.0,0.0,0.0,0.4771317599194635,0.0,0.0,0.0,0.0,0.4548244809981934,0.0,0.0,-0.0223072789212701,0.0,0.0
19,order1,frame_drop_5,2,False,False,0.2648221343873518,0.17283229776342834,0.0,0.0,0.6893917357962284,0.2648221343873518,0.17261262112266001,0.0,0.0,0.6940155376899007,0.0,-0.00021967664076832927,0.004623801893672286,0.0,0.0
27,order1,frame_drop_5,3,False,False,0.5619834710743802,0.14932835333974526,0.0,0.0,0.21423205254462252,0.5619834710743802,0.14548336707504117,0.0,0.0,0.20978871570005855,0.0,-0.0038449862647040867,-0.0044433368445639665,0.0,0.0
7,order1,frame_drop_5,4,True,False,0.0,0.0,0.0,0.0,0.04898804486751303,0.0,0.0,0.0,0.0,0.04971901963423054,0.0,0.0,0.0007309747667175112,0.0,0.0
1,order1,frame_drop_5,5,False,False,0.0,0.0,0.0,0.0,0.0,0.0,0.0,0.0,0.0,0.0,0.0,0.0,0.0,0.0,0.0
25,order1,frame_drop_5,6,False,False,0.42857142857142855,0.31480142147413426,1.0,0.0,0.7345366501063132,0.42857142857142855,0.3177568746875278,1.0,0.0,0.7414327076042315,0.0,0.002955453213393522,0.006896057497918329,0.0,0.0
3,order1,frame_drop_5,7,False,False,0.00641025641025641,0.0042715769373326785,0.0,0.0,0.4340171647466129,0.00641025641025641,0.00471757348689865,0.0,0.0,0.4387914011881841,0.0,0.00044599654956597144,0.004774236441571211,0.0,0.0
4,order1,frame_drop_5,8,True,True,0.5048543689320388,0.19365906682638784,0.0,0.0,0.3961043988653899,0.2251655629139073,0.07492506262075103,0.0,0.0,0.3600221070456379,-0.2796888060181315,-0.1187340042056368,-0.03608229181975198,0.0,0.0
6,order1,frame_drop_5,9,False,False,0.5986842105263158,0.42014400086074377,1.0,0.0,0.7510291388880092,0.5986842105263158,0.41986496514393756,1.0,0.0,0.746825919082046,0.0,-0.00027903571680620853,-0.004203219805963165,0.0,0.0
20,order1,frame_drop_5,10,False,False,0.4742268041237113,0.3055844091819411,1.0,0.0,0.6443845150140932,0.4742268041237113,0.29460628041187725,0.0,0.0,0.6212349826076542,0.0,-0.010978128770063822,-0.023149532406439022,-1.0,0.0
17,order1,frame_drop_5,11,False,False,0.25,0.04718653008165567,0.0,0.0,0.14697974018673768,0.25,0.03968490691825737,0.0,0.0,0.13156914055898292,0.0,-0.007501623163398301,-0.015410599627754762,0.0,0.0
24,order1,frame_drop_5,12,True,True,0.3177842565597668,0.0024309802229784106,0.0,0.0,0.0024407249400188054,0.7376093294460642,0.001628855114091998,0.0,0.0,0.001628855114091998,0.4198250728862974,-0.0008021251088864126,-0.0008118698259268074,0.0,0.0
2,order1,frame_drop_5,13,False,False,0.46190476190476193,7.0729965395442484e-06,0.0,0.0,0.0005566787117429856,0.46190476190476193,0.05441790342953804,0.0,0.0,0.10764656166262661,0.0,0.0544108304329985,0.10708988295088362,0.0,0.0
0,order1,frame_drop_5,14,False,False,0.144136078782453,0.02270908047380844,0.0,0.0,0.022790428500926413,0.144136078782453,0.025401979174118555,0.0,0.0,0.027388982766309366,0.0,0.0026928987003101146,0.004598554265382953,0.0,0.0
9,order1,frame_drop_5,15,False,False,0.390625,0.06359420096856072,0.0,0.0,0.19488249063797497,0.390625,0.05973319569350726,0.0,0.0,0.18510290688078562,0.0,-0.00386100527505346,-0.009779583757189347,0.0,0.0
26,order1,frame_drop_5,16,True,True,0.6744904261890056,0.2542308727065672,0.0,0.0,0.3460594331002488,0.8486720197652872,0.2817383042783467,0.0,0.0,0.338551024843147,0.1741815935762816,0.027507431571779484,-0.007508408257101806,0.0,0.0
22,order1,frame_drop_5,17,False,False,0.6785714285714286,0.5000598906028615,1.0,1.0,0.7369303650989538,0.6785714285714286,0.5007649865452318,1.0,1.0,0.7379694538561311,0.0,0.0007050959423703373,0.0010390887571772867,0.0,0.0
5,order1,frame_drop_5,18,False,False,0.6312056737588653,0.39842744525974244,1.0,0.0,0.633410438060328,0.6312056737588653,0.3996927468692909,1.0,0.0,0.6354350466335394,0.0,0.0012653016095484637,0.002024608573211406,0.0,0.0
13,order1,frame_drop_5,19,False,False,0.05448717948717949,0.03271640018409305,0.0,0.0,0.6004421680845313,0.05448717948717949,0.032784588479616086,0.0,0.0,0.6016936238611894,0.0,6.81882955230334e-05,0.0012514557766580836,0.0,0.0
18,order1,frame_drop_5,20,True,True,0.0,0.0,0.0,0.0,0.04396916754586041,0.2616279069767442,0.016036133780821093,0.0,0.0,0.06129366689558285,0.2616279069767442,0.016036133780821093,0.01732449934972244,0.0,0.0
10,order1,frame_drop_5,21,False,False,0.7914110429447853,0.22558703205257236,0.0,0.0,0.2610815734878247,0.7914110429447853,0.2202381666857936,0.0,0.0,0.2556624245012262,0.0,-0.0053488653667787545,-0.005419148986598454,0.0,0.0
28,order1,frame_drop_5,22,False,False,0.8521739130434782,0.5984707954490613,1.0,1.0,0.6999137236170188,0.8521739130434782,0.5963205133619851,1.0,1.0,0.6971594608348402,0.0,-0.0021502820870762385,-0.002754262782178607,0.0,0.0
31,order1,frame_drop_5,23,False,False,0.8921832884097035,0.0,0.0,0.0,0.0,0.8921832884097035,0.0,0.0,0.0,0.0,0.0,0.0,0.0,0.0,0.0
23,order1,frame_drop_5,24,True,True,0.0,0.0,0.0,0.0,0.2548496960788968,0.0,0.0,0.0,0.0,0.2580534034224833,0.0,0.0,0.0032037073435864927,0.0,0.0
21,order1,frame_drop_5,25,False,False,0.810126582278481,0.3733925292259039,1.0,0.0,0.46090640326322513,0.810126582278481,0.3493224237448378,1.0,0.0,0.43119486681003416,0.0,-0.024070105481066084,-0.029711536453190968,0.0,0.0
11,order1,frame_drop_5,26,False,False,0.84375,0.6310749505358236,1.0,1.0,0.7212285148980841,0.84375,0.6301134506243318,1.0,1.0,0.7201296578563792,0.0,-0.0009614999114918588,-0.0010988570417049814,0.0,0.0
12,order1,frame_drop_5,27,False,False,0.7593984962406015,0.3712854431718686,1.0,0.0,0.47893484225380134,0.7593984962406015,0.3382497062858713,1.0,0.0,0.4325199226625188,0.0,-0.03303573688599731,-0.04641491959128252,0.0,0.0
29,order1,frame_drop_5,28,True,True,0.0,0.0,0.0,0.0,0.0,0.0,0.0,0.0,0.0,0.0,0.0,0.0,0.0,0.0,0.0
16,order1,frame_drop_5,29,False,False,0.10043668122270742,2.1907470495945656e-05,0.0,0.0,0.00021812220624224153,0.10043668122270742,5.327362456203469e-05,0.0,0.0,0.0005304200010741714,0.0,3.136615406608903e-05,0.0003122977948319299,0.0,0.0
30,order1,frame_drop_5,30,False,False,0.22748815165876776,0.062196832673326034,0.0,0.0,0.275215571524873,0.22748815165876776,0.06525935083187578,0.0,0.0,0.2867848717018796,0.0,0.00306251815854975,0.01156930017700658,0.0,0.0
14,order1,frame_drop_5,31,False,False,0.0,0.0,0.0,0.0,0.37821761494460054,0.0,0.0,0.0,0.0,0.3794128337196415,0.0,0.0,0.0011952187750409737,0.0,0.0
1,order2,frame_drop_5,0,True,True,0.0,0.0,0.0,0.0,0.0,0.0,0.0,0.0,0.0,0.0,0.0,0.0,0.0,0.0,0.0
18,order2,frame_drop_5,1,False,False,0.0,0.0,0.0,0.0,0.04396916754586041,0.0,0.0,0.0,0.0,0.03350245145514619,0.0,0.0,-0.010466716090714222,0.0,0.0
20,order2,frame_drop_5,2,False,False,0.4742268041237113,0.3055844091819411,1.0,0.0,0.6443845150140932,0.4742268041237113,0.315860274542665,1.0,0.0,0.6660531876225761,0.0,0.010275865360723946,0.02166867260848293,0.0,0.0
22,order2,frame_drop_5,3,False,False,0.6785714285714286,0.5000598906028615,1.0,1.0,0.7369303650989538,0.6785714285714286,0.4933583867726633,1.0,0.0,0.727054464717609,0.0,-0.0067015038301981855,-0.009875900381344782,0.0,-1.0
10,order2,frame_drop_5,4,True,True,0.7914110429447853,0.22558703205257236,0.0,0.0,0.2610815734878247,0.7633136094674556,0.22080576952051237,0.0,0.0,0.26498226352815524,-0.028097433477329625,-0.004781262532059988,0.0039006900403305567,0.0,0.0
17,order2,frame_drop_5,5,False,False,0.25,0.04718653008165567,0.0,0.0,0.14697974018673768,0.25,0.04137037513539977,0.0,0.0,0.14118736944577678,0.0,-0.005816154946255904,-0.005792370740960895,0.0,0.0
16,order2,frame_drop_5,6,False,False,0.10043668122270742,2.1907470495945656e-05,0.0,0.0,0.00021812220624224153,0.10043668122270742,3.7291044452428296e-05,0.0,0.0,0.0003712890947654817,0.0,1.538357395648264e-05,0.0001531668885232402,0.0,0.0
13,order2,frame_drop_5,7,False,False,0.05448717948717949,0.03271640018409305,0.0,0.0,0.6004421680845313,0.05448717948717949,0.032939943108674256,0.0,0.0,0.6045448382297863,0.0,0.00022354292458120345,0.004102670145255005,0.0,0.0
15,order2,frame_drop_5,8,True,True,0.0,0.0,0.0,0.0,0.4771317599194635,0.009828009828009828,0.004602336954976604,0.0,0.0,0.4801241806620234,0.009828009828009828,0.004602336954976604,0.002992420742559898,0.0,0.0
31,order2,frame_drop_5,9,False,False,0.8921832884097035,0.0,0.0,0.0,0.0,0.8921832884097035,0.0,0.0,0.0,0.0,0.0,0.0,0.0,0.0,0.0
23,order2,frame_drop_5,10,False,False,0.0,0.0,0.0,0.0,0.2548496960788968,0.0,0.0,0.0,0.0,0.25221181564086714,0.0,0.0,-0.0026378804380296494,0.0,0.0
28,order2,frame_drop_5,11,False,False,0.8521739130434782,0.5984707954490613,1.0,1.0,0.6999137236170188,0.8521739130434782,0.5981742116004423,1.0,1.0,0.6990712732416455,0.0,-0.0002965838486190808,-0.0008424503753732271,0.0,0.0
30,order2,frame_drop_5,12,True,True,0.22748815165876776,0.062196832673326034,0.0,0.0,0.275215571524873,0.3127962085308057,0.0963745742532786,0.0,0.0,0.30346793747551737,0.08530805687203794,0.03417774157995256,0.028252365950644343,0.0,0.0
21,order2,frame_drop_5,13,False,False,0.810126582278481,0.3733925292259039,1.0,0.0,0.46090640326322513,0.810126582278481,0.3708362698671942,1.0,0.0,0.4577510206173178,0.0,-0.0025562593587096782,-0.003155382645907312,0.0,0.0
4,order2,frame_drop_5,14,False,False,0.5048543689320388,0.19365906682638784,0.0,0.0,0.3961043988653899,0.5048543689320388,0.17846891636857196,0.0,0.0,0.36238305885152766,0.0,-0.015190150457815882,-0.03372134001386223,0.0,0.0
26,order2,frame_drop_5,15,False,False,0.6744904261890056,0.2542308727065672,0.0,0.0,0.3460594331002488,0.6744904261890056,0.22971020081557245,0.0,0.0,0.3130797481842114,0.0,-0.024520671890994744,-0.032979684916037366,0.0,0.0
11,order2,frame_drop_5,16,True,True,0.84375,0.6310749505358236,1.0,1.0,0.7212285148980841,0.7105263157894737,0.47053699736159144,1.0,0.0,0.6385859249907312,-0.13322368421052633,-0.1605379531742322,-0.08264258990735296,0.0,-1.0
14,order2,frame_drop_5,17,False,False,0.0,0.0,0.0,0.0,0.37821761494460054,0.0,0.0,0.0,0.0,0.3845010754764051,0.0,0.0,0.006283460531804563,0.0,0.0
27,order2,frame_drop_5,18,False,False,0.5619834710743802,0.14932835333974526,0.0,0.0,0.21423205254462252,0.5619834710743802,0.13668104742175832,0.0,0.0,0.19618168943931405,0.0,-0.012647305917986934,-0.01805036310530847,0.0,0.0
0,order2,frame_drop_5,19,False,False,0.144136078782453,0.02270908047380844,0.0,0.0,0.022790428500926413,0.144136078782453,0.023480188902190693,0.0,0.0,0.023529951381383155,0.0,0.0007711084283822528,0.0007395228804567416,0.0,0.0
19,order2,frame_drop_5,20,True,True,0.2648221343873518,0.17283229776342834,0.0,0.0,0.6893917357962284,0.94140625,0.660852366917173,1.0,1.0,0.7019842569742585,0.6765841156126482,0.48802006915374463,0.012592521178030114,1.0,1.0
12,order2,frame_drop_5,21,False,False,0.7593984962406015,0.3712854431718686,1.0,0.0,0.47893484225380134,0.7593984962406015,0.3188639634969409,1.0,0.0,0.4131637955186952,0.0,-0.05242147967492772,-0.06577104673510614,0.0,0.0
8,order2,frame_drop_5,22,False,False,0.8161209068010076,0.09946066249002632,0.0,0.0,0.14001421581092033,0.8161209068010076,0.07886041132920642,0.0,0.0,0.11006088870167048,0.0,-0.0206002511608199,-0.029953327109249847,0.0,0.0
24,order2,frame_drop_5,23,False,False,0.3177842565597668,0.0024309802229784106,0.0,0.0,0.0024407249400188054,0.3177842565597668,0.001743486695617073,0.0,0.0,0.001743486695617073,0.0,-0.0006874935273613375,-0.0006972382444017323,0.0,0.0
3,order2,frame_drop_5,24,True,True,0.00641025641025641,0.0042715769373326785,0.0,0.0,0.4340171647466129,0.1346153846153846,0.07484680600704251,0.0,0.0,0.45360610287701525,0.1282051282051282,0.07057522906970982,0.019588938130402356,0.0,0.0
5,order2,frame_drop_5,25,False,False,0.6312056737588653,0.39842744525974244,1.0,0.0,0.633410438060328,0.6312056737588653,0.39790176491874124,1.0,0.0,0.6326155620106132,0.0,-0.0005256803410012001,-0.0007948760497148433,0.0,0.0
2,order2,frame_drop_5,26,False,False,0.46190476190476193,7.0729965395442484e-06,0.0,0.0,0.0005566787117429856,0.46190476190476193,0.09796438320598554,0.0,0.0,0.2098526286041768,0.0,0.097957310209446,0.20929594989243383,0.0,0.0
7,order2,frame_drop_5,27,False,False,0.0,0.0,0.0,0.0,0.04898804486751303,0.0,0.0,0.0,0.0,0.05136783297927627,0.0,0.0,0.0023797881117632452,0.0,0.0
6,order2,frame_drop_5,28,True,True,0.5986842105263158,0.42014400086074377,1.0,0.0,0.7510291388880092,0.9733333333333334,0.7272510572195208,1.0,1.0,0.7471757437186857,0.37464912280701756,0.307107056358777,-0.0038533951693234814,0.0,1.0
9,order2,frame_drop_5,29,False,False,0.390625,0.06359420096856072,0.0,0.0,0.19488249063797497,0.390625,0.05634020584843634,0.0,0.0,0.1771962690922104,0.0,-0.007253995120124382,-0.017686221545764574,0.0,0.0
25,order2,frame_drop_5,30,False,False,0.42857142857142855,0.31480142147413426,1.0,0.0,0.7345366501063132,0.42857142857142855,0.3140930248286197,1.0,0.0,0.7328837246001128,0.0,-0.0007083966455145307,-0.0016529255062004422,0.0,0.0
29,order2,frame_drop_5,31,False,False,0.0,0.0,0.0,0.0,0.0,0.0,0.0,0.0,0.0,0.0,0.0,0.0,0.0,0.0,0.0
8,order1,frame_freeze_5,0,True,True,0.6794871794871795,0.07696162394492956,0.0,0.0,0.1468301997628782,0.7871794871794872,0.08226162334090964,0.0,0.0,0.1468301997628782,0.10769230769230764,0.005299999395980082,0.0,0.0,0.0
15,order1,frame_freeze_5,1,False,False,0.0,0.0,0.0,0.0,0.4771317599194635,0.0,0.0,0.0,0.0,0.4539380237850573,0.0,0.0,-0.023193736134406173,0.0,0.0
19,order1,frame_freeze_5,2,False,False,0.8087248322147651,0.5574165605032827,1.0,1.0,0.6892536723235612,0.8087248322147651,0.5611589483976642,1.0,1.0,0.6938811893049956,0.0,0.003742387894381527,0.004627516981434487,0.0,0.0
27,order1,frame_freeze_5,3,False,False,0.35883905013192613,0.08730624116447107,0.0,0.0,0.19672355647695638,0.35883905013192613,0.08805770412853615,0.0,0.0,0.19919124788739176,0.0,0.0007514629640650861,0.002467691410435374,0.0,0.0
7,order1,frame_freeze_5,4,True,False,0.0,0.0,0.0,0.0,0.05036806143418488,0.0,0.0,0.0,0.0,0.04989219085443417,0.0,0.0,-0.000475870579750709,0.0,0.0
1,order1,frame_freeze_5,5,False,False,0.0,0.0,0.0,0.0,0.0,0.0,0.0,0.0,0.0,0.0,0.0,0.0,0.0,0.0,0.0
25,order1,frame_freeze_5,6,False,False,0.11174785100286533,0.08207678018979545,0.0,0.0,0.7344819560574002,0.11174785100286533,0.08287194533030061,0.0,0.0,0.7415976646224336,0.0,0.0007951651405051635,0.007115708565033407,0.0,0.0
3,order1,frame_freeze_5,7,False,False,0.19254658385093168,0.11046722574529659,0.0,0.0,0.42385478571673013,0.19254658385093168,0.11500385954342088,0.0,0.0,0.45561881381898467,0.0,0.004536633798124287,0.03176402810225454,0.0,0.0
4,order1,frame_freeze_5,8,True,True,0.5048543689320388,0.19371974360187655,0.0,0.0,0.39627831466872593,0.2251655629139073,0.06851546180052587,0.0,0.0,0.3462695357754282,-0.2796888060181315,-0.12520428180135068,-0.050008778893297745,0.0,0.0
6,order1,frame_freeze_5,9,False,False,0.5986842105263158,0.42007448465080016,1.0,0.0,0.7509601481178526,0.5986842105263158,0.4199187802090775,1.0,0.0,0.7468183837752724,0.0,-0.0001557044417226372,-0.004141764342580179,0.0,0.0
20,order1,frame_freeze_5,10,False,False,0.4742268041237113,0.3055844091819411,1.0,0.0,0.6443845150140932,0.4742268041237113,0.29480107658940097,0.0,0.0,0.6216457484602586,0.0,-0.010783332592540107,-0.022738766553834666,-1.0,0.0
17,order1,frame_freeze_5,11,False,False,0.3951612903225806,0.22184187061320274,0.0,0.0,0.5846714225067351,0.3951612903225806,0.2173913195005801,0.0,0.0,0.5824984820592821,0.0,-0.0044505511126226305,-0.0021729404474529757,0.0,0.0
24,order1,frame_freeze_5,12,True,True,0.7376093294460642,0.002350305665093919,0.0,0.0,0.0023596366195190966,0.8775510204081632,0.0015687382024110574,0.0,0.0,0.0015687382024110574,0.13994169096209907,-0.0007815674626828618,-0.0007908984171080392,0.0,0.0
2,order1,frame_freeze_5,13,False,False,0.919047619047619,0.0005778335174805237,0.0,0.0,0.0005778335174805237,0.919047619047619,0.24559480676638654,0.0,0.0,0.2691231607140444,0.0,0.245016973248906,0.2685453271965639,0.0,0.0
0,order1,frame_freeze_5,14,False,False,0.144136078782453,0.02270908047380844,0.0,0.0,0.022790428500926413,0.144136078782453,0.0261136623035208,0.0,0.0,0.02865199434232429,0.0,0.0034045818297123616,0.005861565841397878,0.0,0.0
9,order1,frame_freeze_5,15,False,False,0.2014388489208633,0.03949607712345847,0.0,0.0,0.1960698114343117,0.2014388489208633,0.037396079586274,0.0,0.0,0.18564482366043164,0.0,-0.00209999753718447,-0.010424987773880068,0.0,0.0
26,order1,frame_freeze_5,16,True,True,0.6744904261890056,0.2542024477604718,0.0,0.0,0.3133661437954647,0.6670784434836319,0.24311872069198692,0.0,0.0,0.3111709438324644,-0.0074119827053736875,-0.011083727068484872,-0.0021951999630002716,0.0,0.0
22,order1,frame_freeze_5,17,False,False,0.6785714285714286,0.4999862869102955,1.0,0.0,0.7368218964993829,0.6785714285714286,0.5009927450787843,1.0,1.0,0.7383050980108401,0.0,0.0010064581684888219,0.0014832015114571995,0.0,1.0
5,order1,frame_freeze_5,18,False,False,0.6312056737588653,0.39842744525974244,1.0,0.0,0.633410438060328,0.6312056737588653,0.3982252931830682,1.0,0.0,0.6331073333663302,0.0,-0.00020215207667423352,-0.00030310469399785767,0.0,0.0
13,order1,frame_freeze_5,19,False,False,0.0319634703196347,0.02118172602827114,0.0,0.0,0.59366350196399,0.0319634703196347,0.021214608367777932,0.0,0.0,0.5942659667424314,0.0,3.2882339506792174e-05,0.0006024647784413917,0.0,0.0
18,order1,frame_freeze_5,20,True,True,0.0,0.0,0.0,0.0,0.04722982170615857,0.2616279069767442,0.016738257279487242,0.0,0.0,0.06397733893492902,0.2616279069767442,0.016738257279487242,0.01674751722877045,0.0,0.0
10,order1,frame_freeze_5,21,False,False,0.8282208588957055,0.23167324968483105,0.0,0.0,0.2607533940257448,0.8282208588957055,0.22752743456639102,0.0,0.0,0.25649477977295687,0.0,-0.004145815118440033,-0.004258614252787951,0.0,0.0
28,order1,frame_freeze_5,22,False,False,0.859504132231405,0.608693069349036,1.0,1.0,0.7081909749157054,0.859504132231405,0.6076353565578889,1.0,1.0,0.7069603667644669,0.0,-0.0010577127911470807,-0.0012306081512384326,0.0,0.0
31,order1,frame_freeze_5,23,False,False,0.9624664879356568,0.0,0.0,0.0,0.0,0.9624664879356568,0.0,0.0,0.0,0.0,0.0,0.0,0.0,0.0,0.0
23,order1,frame_freeze_5,24,True,True,0.0,0.0,0.0,0.0,0.2548496960788968,0.0,0.0,0.0,0.0,0.25735497646100686,0.0,0.0,0.0025052803821100644,0.0,0.0
21,order1,frame_freeze_5,25,False,False,0.6597938144329897,0.3046906228118961,1.0,0.0,0.46179672519928,0.6597938144329897,0.28418980086240186,0.0,0.0,0.43072516693207785,0.0,-0.020500821949494208,-0.03107155826720215,-1.0,0.0
11,order1,frame_freeze_5,26,False,False,0.84375,0.6310747971486175,1.0,1.0,0.7212283395984199,0.84375,0.6275562756637116,1.0,1.0,0.7172071721870991,0.0,-0.0035185214849058344,-0.004021167411320858,0.0,0.0
12,order1,frame_freeze_5,27,False,False,0.3542319749216301,0.15844998058008386,0.0,0.0,0.44730569738979425,0.3542319749216301,0.15292390657416824,0.0,0.0,0.4317055415677847,0.0,-0.005526074005915621,-0.015600155822009576,0.0,0.0
29,order1,frame_freeze_5,28,True,True,0.0,0.0,0.0,0.0,0.0,0.0,0.0,0.0,0.0,0.0,0.0,0.0,0.0,0.0,0.0
16,order1,frame_freeze_5,29,False,False,0.11219512195121951,2.7482037930762635e-05,0.0,0.0,0.00024494859894810177,0.11219512195121951,4.08354161988212e-05,0.0,0.0,0.00036396784003297155,0.0,1.3353378268058565e-05,0.00011901924108486978,0.0,0.0
30,order1,frame_freeze_5,30,False,False,0.30414746543778803,0.08196699754391,0.0,0.0,0.26740066480700075,0.30414746543778803,0.08635089521679445,0.0,0.0,0.2815191065229345,0.0,0.004383897672884454,0.014118441715933738,0.0,0.0
14,order1,frame_freeze_5,31,False,False,0.0,0.0,0.0,0.0,0.37773968164731103,0.0,0.0,0.0,0.0,0.3777458030475712,0.0,0.0,6.121400260183929e-06,0.0,0.0
1,order2,frame_freeze_5,0,True,True,0.0,0.0,0.0,0.0,0.0,0.0,0.0,0.0,0.0,0.0,0.0,0.0,0.0,0.0,0.0
18,order2,frame_freeze_5,1,False,False,0.0,0.0,0.0,0.0,0.04722982170615857,0.0,0.0,0.0,0.0,0.033545170578435715,0.0,0.0,-0.013684651127722852,0.0,0.0
20,order2,frame_freeze_5,2,False,False,0.4742268041237113,0.3055844091819411,1.0,0.0,0.6443845150140932,0.4742268041237113,0.31637240967377717,1.0,0.0,0.6671331247468779,0.0,0.010788000491836092,0.022748609732784697,0.0,0.0
22,order2,frame_freeze_5,3,False,False,0.6785714285714286,0.4999862869102955,1.0,0.0,0.7368218964993829,0.6785714285714286,0.49215572215804,1.0,0.0,0.72528211686448,0.0,-0.00783056475225552,-0.011539779634902936,0.0,0.0
10,order2,frame_freeze_5,4,True,True,0.8282208588957055,0.23167324968483105,0.0,0.0,0.2607533940257448,0.7633136094674556,0.22311735809784775,0.0,0.0,0.2665731192292198,-0.06490724942824988,-0.008555891586983305,0.005819725203474957,0.0,0.0
17,order2,frame_freeze_5,5,False,False,0.3951612903225806,0.22184187061320274,0.0,0.0,0.5846714225067351,0.3951612903225806,0.22517070087136568,0.0,0.0,0.5866338249921567,0.0,0.0033288302581629403,0.001962402485421566,0.0,0.0
16,order2,frame_freeze_5,6,False,False,0.11219512195121951,2.7482037930762635e-05,0.0,0.0,0.00024494859894810177,0.11219512195121951,5.540047618560141e-05,0.0,0.0,0.0004937868529586213,0.0,2.7918438254838777e-05,0.0002488382540105196,0.0,0.0
13,order2,frame_freeze_5,7,False,False,0.0319634703196347,0.02118172602827114,0.0,0.0,0.59366350196399,0.0319634703196347,0.021145093226167474,0.0,0.0,0.5987133093438743,0.0,-3.6632802103666456e-05,0.0050498073798843635,0.0,0.0
15,order2,frame_freeze_5,8,True,True,0.0,0.0,0.0,0.0,0.4771317599194635,0.009828009828009828,0.004630936441244641,0.0,0.0,0.4756197446158972,0.009828009828009828,0.004630936441244641,-0.0015120153035663164,0.0,0.0
31,order2,frame_freeze_5,9,False,False,0.9624664879356568,0.0,0.0,0.0,0.0,0.9624664879356568,0.0,0.0,0.0,0.0,0.0,0.0,0.0,0.0,0.0
23,order2,frame_freeze_5,10,False,False,0.0,0.0,0.0,0.0,0.2548496960788968,0.0,0.0,0.0,0.0,0.25272235818767935,0.0,0.0,-0.00212733789121744,0.0,0.0
28,order2,frame_freeze_5,11,False,False,0.859504132231405,0.608693069349036,1.0,1.0,0.7081909749157054,0.859504132231405,0.6059408576193457,1.0,1.0,0.704988882422508,0.0,-0.0027522117296903126,-0.0032020924931973616,0.0,0.0
30,order2,frame_freeze_5,12,True,True,0.30414746543778803,0.08196699754391,0.0,0.0,0.26740066480700075,0.3127962085308057,0.09528362556889668,0.0,0.0,0.3021093795056918,0.008648743093017663,0.013316628024986676,0.03470871469869102,0.0,0.0
21,order2,frame_freeze_5,13,False,False,0.6597938144329897,0.3046906228118961,1.0,0.0,0.46179672519928,0.6597938144329897,0.30224744706604817,1.0,0.0,0.4580937869594793,0.0,-0.002443175745847903,-0.003702938239800724,0.0,0.0
4,order2,frame_freeze_5,14,False,False,0.5048543689320388,0.19371974360187655,0.0,0.0,0.39627831466872593,0.5048543689320388,0.2057452083781365,0.0,0.0,0.4044759958567338,0.0,0.012025464776259959,0.0081976811880079,0.0,0.0
26,order2,frame_freeze_5,15,False,False,0.6744904261890056,0.2542024477604718,0.0,0.0,0.3133661437954647,0.6744904261890056,0.22798836246192772,0.0,0.0,0.2807699728057146,0.0,-0.026214085298544076,-0.032596170989750095,0.0,0.0
11,order2,frame_freeze_5,16,True,True,0.84375,0.6310747971486175,1.0,1.0,0.7212283395984199,0.7105263157894737,0.46989706300655354,1.0,0.0,0.6377174426517512,-0.13322368421052633,-0.16117773414206393,-0.08351089694666869,0.0,-1.0
14,order2,frame_freeze_5,17,False,False,0.0,0.0,0.0,0.0,0.37773968164731103,0.0,0.0,0.0,0.0,0.38688552646672053,0.0,0.0,0.009145844819409499,0.0,0.0
27,order2,frame_freeze_5,18,False,False,0.35883905013192613,0.08730624116447107,0.0,0.0,0.19672355647695638,0.35883905013192613,0.08911180949699442,0.0,0.0,0.2006988883520795,0.0,0.0018055683325233496,0.0039753318751231115,0.0,0.0
0,order2,frame_freeze_5,19,False,False,0.144136078782453,0.02270908047380844,0.0,0.0,0.022790428500926413,0.144136078782453,0.018922446615731607,0.0,0.0,0.018922446615731607,0.0,-0.003786633858076833,-0.003867981885194806,0.0,0.0
19,order2,frame_freeze_5,20,True,True,0.8087248322147651,0.5574165605032827,1.0,1.0,0.6892536723235612,0.7850162866449512,0.5540680089892148,1.0,1.0,0.705804476181282,-0.023708545569813944,-0.0033485515140678768,0.016550803857720786,0.0,0.0
12,order2,frame_freeze_5,21,False,False,0.3542319749216301,0.15844998058008386,0.0,0.0,0.44730569738979425,0.3542319749216301,0.12892852422497278,0.0,0.0,0.3639663648474895,0.0,-0.02952145635511108,-0.08333933254230474,0.0,0.0
8,order2,frame_freeze_5,22,False,False,0.6794871794871795,0.07696162394492956,0.0,0.0,0.1468301997628782,0.6794871794871795,0.05732405577166836,0.0,0.0,0.12978075187997135,0.0,-0.019637568173261198,-0.017049447882906854,0.0,0.0
24,order2,frame_freeze_5,23,False,False,0.7376093294460642,0.002350305665093919,0.0,0.0,0.0023596366195190966,0.7376093294460642,0.0016058819806953615,0.0,0.0,0.0016058819806953615,0.0,-0.0007444236843985577,-0.0007537546388237352,0.0,0.0
3,order2,frame_freeze_5,24,True,True,0.19254658385093168,0.11046722574529659,0.0,0.0,0.42385478571673013,0.37888198757763975,0.21354816109615934,0.0,0.0,0.46964365484726295,0.18633540372670807,0.10308093535086275,0.04578886913053282,0.0,0.0
5,order2,frame_freeze_5,25,False,False,0.6312056737588653,0.39842744525974244,1.0,0.0,0.633410438060328,0.6312056737588653,0.40208683017616675,1.0,0.0,0.639331208686475,0.0,0.003659384916424313,0.005920770626146932,0.0,0.0
2,order2,frame_freeze_5,26,False,False,0.919047619047619,0.0005778335174805237,0.0,0.0,0.0005778335174805237,0.919047619047619,0.2594535849087941,0.0,0.0,0.286406074414374,0.0,0.2588757513913136,0.28582824089689346,0.0,0.0
7,order2,frame_freeze_5,27,False,False,0.0,0.0,0.0,0.0,0.05036806143418488,0.0,0.0,0.0,0.0,0.04345463103684574,0.0,0.0,-0.006913430397339139,0.0,0.0
6,order2,frame_freeze_5,28,True,True,0.5986842105263158,0.42007448465080016,1.0,0.0,0.7509601481178526,0.9733333333333334,0.7243946746688014,1.0,1.0,0.7442411041117822,0.37464912280701756,0.3043201900180012,-0.006719044006070374,0.0,1.0
9,order2,frame_freeze_5,29,False,False,0.2014388489208633,0.03949607712345847,0.0,0.0,0.1960698114343117,0.2014388489208633,0.0360735367231874,0.0,0.0,0.1790793430186803,0.0,-0.003422540400271068,-0.0169904684156314,0.0,0.0
25,order2,frame_freeze_5,30,False,False,0.11174785100286533,0.08207678018979545,0.0,0.0,0.7344819560574002,0.11174785100286533,0.08196538966031441,0.0,0.0,0.7334851536269161,0.0,-0.00011139052948103134,-0.0009968024304840561,0.0,0.0
29,order2,frame_freeze_5,31,False,False,0.0,0.0,0.0,0.0,0.0,0.0,0.0,0.0,0.0,0.0,0.0,0.0,0.0,0.0,0.0
8,order1,motion_blur_5,0,True,True,0.8463476070528967,0.10724627016492855,0.0,0.0,0.14621422699063719,0.8487179487179487,0.1018704185873826,0.0,0.0,0.14621422699063719,0.0023703416650520115,-0.0053758515775459426,0.0,0.0,0.0
15,order1,motion_blur_5,1,False,False,0.0,0.0,0.0,0.0,0.4771317599194635,0.0,0.0,0.0,0.0,0.45889095124411194,0.0,0.0,-0.01824080867535155,0.0,0.0
19,order1,motion_blur_5,2,False,False,0.2648221343873518,0.1728474976253132,0.0,0.0,0.6894533986480991,0.2648221343873518,0.1728759302200469,0.0,0.0,0.6946194395538926,0.0,2.8432594733701633e-05,0.005166040905793534,0.0,0.0
27,order1,motion_blur_5,3,False,False,0.3646112600536193,0.09399635054061718,0.0,0.0,0.20802704135486946,0.3646112600536193,0.09356287365245158,0.0,0.0,0.20785572338459463,0.0,-0.0004334768881655987,-0.00017131797027483686,0.0,0.0
7,order1,motion_blur_5,4,True,False,0.0,0.0,0.0,0.0,0.05033831004455502,0.0,0.0,0.0,0.0,0.05013182080583369,0.0,0.0,-0.00020648923872132463,0.0,0.0
1,order1,motion_blur_5,5,False,False,0.0,0.0,0.0,0.0,0.0,0.0,0.0,0.0,0.0,0.0,0.0,0.0,0.0,0.0,0.0
25,order1,motion_blur_5,6,False,False,0.11174785100286533,0.0820934050984819,0.0,0.0,0.7346307276761586,0.11174785100286533,0.0828341494117838,0.0,0.0,0.741259439608014,0.0,0.0007407443133018998,0.0066287119318554355,0.0,0.0
3,order1,motion_blur_5,7,False,False,0.1346153846153846,0.08225697742283618,0.0,0.0,0.43241668357657614,0.1346153846153846,0.0829833337347975,0.0,0.0,0.46062460524945625,0.0,0.0007263563119613153,0.02820792167288011,0.0,0.0
4,order1,motion_blur_5,8,True,True,0.5048543689320388,0.19978790641128047,0.0,0.0,0.4044822096406061,0.2251655629139073,0.07240304565308985,0.0,0.0,0.3576244155237565,-0.2796888060181315,-0.1273848607581906,-0.046857794116849594,0.0,0.0
6,order1,motion_blur_5,9,False,False,0.5986842105263158,0.4201842510583092,1.0,0.0,0.7510838370391237,0.5986842105263158,0.420028652416825,1.0,0.0,0.7465751166218592,0.0,-0.00015559864148417812,-0.004508720417264578,0.0,0.0
20,order1,motion_blur_5,10,False,False,0.4742268041237113,0.3055844091819411,1.0,0.0,0.6443845150140932,0.4742268041237113,0.2934105755062191,0.0,0.0,0.6187136048718098,0.0,-0.012173833675722001,-0.0256709101422834,-1.0,0.0
17,order1,motion_blur_5,11,False,False,0.3467741935483871,0.16211698556077064,0.0,0.0,0.3843298844181494,0.3467741935483871,0.06967102812990887,0.0,0.0,0.20330146206526892,0.0,-0.09244595743086177,-0.1810284223528805,0.0,0.0
24,order1,motion_blur_5,12,True,True,0.685131195335277,0.009801006879046162,0.0,0.0,0.009811186884720604,0.7201166180758017,0.00893841216976759,0.0,0.0,0.00893841216976759,0.03498542274052474,-0.0008625947092785712,-0.0008727747149530132,0.0,0.0
2,order1,motion_blur_5,13,False,False,0.861904761904762,0.0004800942437270123,0.0,0.0,0.0004800942437270123,0.861904761904762,0.21612751201000618,0.0,0.0,0.25479732326634386,0.0,0.21564741776627916,0.25431722902261683,0.0,0.0
0,order1,motion_blur_5,14,False,False,0.144136078782453,0.02270908047380844,0.0,0.0,0.022790428500926413,0.144136078782453,0.0281500396382992,0.0,0.0,0.034698880997404626,0.0,0.00544095916449076,0.011908452496478213,0.0,0.0
9,order1,motion_blur_5,15,False,False,0.28865979381443296,0.05626434896707147,0.0,0.0,0.1949157803502119,0.28865979381443296,0.05287714611572017,0.0,0.0,0.18318154190088773,0.0,-0.003387202851351301,-0.01173423844932417,0.0,0.0
26,order1,motion_blur_5,16,True,True,0.6744904261890056,0.2542272416296273,0.0,0.0,0.3460658473520073,0.8486720197652872,0.2783696025018143,0.0,0.0,0.3347109587176654,0.1741815935762816,0.02414236087218702,-0.01135488863434192,0.0,0.0
22,order1,motion_blur_5,17,False,False,0.6785714285714286,0.5000513572750831,1.0,1.0,0.7369177896685435,0.6785714285714286,0.5023238801606354,1.0,1.0,0.7402667707630418,0.0,0.0022725228855523527,0.0033489810944983267,0.0,0.0
5,order1,motion_blur_5,18,False,False,0.6312056737588653,0.39842744525974244,1.0,0.0,0.633410438060328,0.6312056737588653,0.39820049916920913,1.0,0.0,0.6330811821750086,0.0,-0.00022694609053330872,-0.00032925588531940164,0.0,0.0
13,order1,motion_blur_5,19,False,False,0.05448717948717949,0.03689557694987149,0.0,0.0,0.6771423534329356,0.05448717948717949,0.03696806989935061,0.0,0.0,0.6784728122704347,0.0,7.249294947911378e-05,0.001330458837499049,0.0,0.0
18,order1,motion_blur_5,20,True,True,0.0,0.0,0.0,0.0,0.052635006492280666,0.2616279069767442,0.017817074820762255,0.0,0.0,0.06810081931491352,0.2616279069767442,0.017817074820762255,0.015465812822632853,0.0,0.0
10,order1,motion_blur_5,21,False,False,0.7914110429447853,0.23997919018042566,0.0,0.0,0.2765212500115405,0.7914110429447853,0.23629090538026415,0.0,0.0,0.2728822059064811,0.0,-0.0036882848001615065,-0.003639044105059386,0.0,0.0
28,order1,motion_blur_5,22,False,False,0.8521739130434782,0.598701032549688,1.0,1.0,0.6984567410556548,0.8521739130434782,0.5973182380155989,1.0,1.0,0.6965662135402297,0.0,-0.0013827945340890713,-0.0018905275154250667,0.0,0.0
31,order1,motion_blur_5,23,False,False,0.9222520107238605,0.0,0.0,0.0,0.0,0.9222520107238605,0.0,0.0,0.0,0.0,0.0,0.0,0.0,0.0,0.0
23,order1,motion_blur_5,24,True,True,0.0,0.0,0.0,0.0,0.2548496960788968,0.0,0.0,0.0,0.0,0.2592464734013996,0.0,0.0,0.004396777322502821,0.0,0.0
21,order1,motion_blur_5,25,False,False,0.5871559633027523,0.2704172765407224,0.0,0.0,0.4605544241084178,0.5871559633027523,0.25412816917510994,0.0,0.0,0.4328120381263591,0.0,-0.016289107365612454,-0.027742385982058693,0.0,0.0
11,order1,motion_blur_5,26,False,False,0.84375,0.6310638862404926,1.0,1.0,0.7212158699891343,0.84375,0.6267042772167959,1.0,1.0,0.7162334596763381,0.0,-0.004359609023696698,-0.004982410312796226,0.0,0.0
12,order1,motion_blur_5,27,False,False,0.27228915662650605,0.10849143227235326,0.0,0.0,0.3984419857789965,0.27228915662650605,0.11805589758179477,0.0,0.0,0.43356811943756485,0.0,0.009564465309441508,0.03512613365856837,0.0,0.0
29,order1,motion_blur_5,28,True,True,0.0,0.0,0.0,0.0,0.0,0.0,0.0,0.0,0.0,0.0,0.0,0.0,0.0,0.0,0.0
16,order1,motion_blur_5,29,False,False,0.10043668122270742,2.462773303557138e-05,0.0,0.0,0.00024520655935416724,0.10043668122270742,5.113704733914669e-05,0.0,0.0,0.0005091471235071562,0.0,2.650931430357531e-05,0.0002639405641529889,0.0,0.0
30,order1,motion_blur_5,30,False,False,0.3127962085308057,0.08486083146205067,0.0,0.0,0.26913645673424524,0.3127962085308057,0.09146906881317528,0.0,0.0,0.289808466892193,0.0,0.0066082373511246045,0.02067201015794773,0.0,0.0
14,order1,motion_blur_5,31,False,False,0.0,0.0,0.0,0.0,0.3777409782482105,0.0,0.0,0.0,0.0,0.37824792103448646,0.0,0.0,0.0005069427862759435,0.0,0.0
1,order2,motion_blur_5,0,True,True,0.0,0.0,0.0,0.0,0.0,0.0,0.0,0.0,0.0,0.0,0.0,0.0,0.0,0.0,0.0
18,order2,motion_blur_5,1,False,False,0.0,0.0,0.0,0.0,0.052635006492280666,0.0,0.0,0.0,0.0,0.04526135430786944,0.0,0.0,-0.007373652184411224,0.0,0.0
20,order2,motion_blur_5,2,False,False,0.4742268041237113,0.3055844091819411,1.0,0.0,0.6443845150140932,0.4742268041237113,0.31575709263029644,1.0,0.0,0.6658356083725816,0.0,0.010172683448355369,0.021451093358488382,0.0,0.0
22,order2,motion_blur_5,3,False,False,0.6785714285714286,0.5000513572750831,1.0,1.0,0.7369177896685435,0.6785714285714286,0.49333359055111287,1.0,0.0,0.7270179229174295,0.0,-0.006717766723970231,-0.009899866751113984,0.0,-1.0
10,order2,motion_blur_5,4,True,True,0.7914110429447853,0.23997919018042566,0.0,0.0,0.2765212500115405,0.7914110429447853,0.24424741797557975,0.0,0.0,0.28141992285023476,0.0,0.004268227795154095,0.0048986728386942735,0.0,0.0
17,order2,motion_blur_5,5,False,False,0.3467741935483871,0.16211698556077064,0.0,0.0,0.3843298844181494,0.3467741935483871,0.12559947078186554,0.0,0.0,0.30543367362960727,0.0,-0.03651751477890511,-0.07889621078854214,0.0,0.0
16,order2,motion_blur_5,6,False,False,0.10043668122270742,2.462773303557138e-05,0.0,0.0,0.00024520655935416724,0.10043668122270742,4.7081948720247116e-05,0.0,0.0,0.0004687724459537648,0.0,2.2454215684675736e-05,0.00022356588659959756,0.0,0.0
13,order2,motion_blur_5,7,False,False,0.05448717948717949,0.03689557694987149,0.0,0.0,0.6771423534329356,0.05448717948717949,0.03696292918644048,0.0,0.0,0.6783784650687901,0.0,6.735223656898631e-05,0.0012361116358544644,0.0,0.0
15,order2,motion_blur_5,8,True,True,0.0,0.0,0.0,0.0,0.4771317599194635,0.009828009828009828,0.004603302923483762,0.0,0.0,0.4804137117561088,0.009828009828009828,0.004603302923483762,0.0032819518366453138,0.0,0.0
31,order2,motion_blur_5,9,False,False,0.9222520107238605,0.0,0.0,0.0,0.0,0.9222520107238605,0.0,0.0,0.0,0.0,0.0,0.0,0.0,0.0,0.0
23,order2,motion_blur_5,10,False,False,0.0,0.0,0.0,0.0,0.2548496960788968,0.0,0.0,0.0,0.0,0.2524566530067693,0.0,0.0,-0.0023930430721275098,0.0,0.0
28,order2,motion_blur_5,11,False,False,0.8521739130434782,0.598701032549688,1.0,1.0,0.6984567410556548,0.8521739130434782,0.5981861676437225,1.0,1.0,0.6977122875454325,0.0,-0.0005148649059655286,-0.0007444535102223426,0.0,0.0
30,order2,motion_blur_5,12,True,True,0.3127962085308057,0.08486083146205067,0.0,0.0,0.26913645673424524,0.32195121951219513,0.09680393814949141,0.0,0.0,0.29703613608443963,0.009155010981389433,0.011943106687440738,0.027899679350194384,0.0,0.0
21,order2,motion_blur_5,13,False,False,0.5871559633027523,0.2704172765407224,0.0,0.0,0.4605544241084178,0.5871559633027523,0.2698437203134974,0.0,0.0,0.4595775861589253,0.0,-0.0005735562272249917,-0.0009768379494924928,0.0,0.0
4,order2,motion_blur_5,14,False,False,0.5048543689320388,0.19978790641128047,0.0,0.0,0.4044822096406061,0.5048543689320388,0.21324017097161646,0.0,0.0,0.40816227869229565,0.0,0.013452264560335991,0.0036800690516895496,0.0,0.0
26,order2,motion_blur_5,15,False,False,0.6744904261890056,0.2542272416296273,0.0,0.0,0.3460658473520073,0.6744904261890056,0.22720847760411034,0.0,0.0,0.30887947780662994,0.0,-0.02701876402551695,-0.03718636954537735,0.0,0.0
11,order2,motion_blur_5,16,True,True,0.84375,0.6310638862404926,1.0,1.0,0.7212158699891343,0.7105263157894737,0.46976866603098355,1.0,0.0,0.6375431896134777,-0.13322368421052633,-0.16129522020950904,-0.08367268037565667,0.0,-1.0
14,order2,motion_blur_5,17,False,False,0.0,0.0,0.0,0.0,0.3777409782482105,0.0,0.0,0.0,0.0,0.3848274732126284,0.0,0.0,0.007086494964417878,0.0,0.0
27,order2,motion_blur_5,18,False,False,0.3646112600536193,0.09399635054061718,0.0,0.0,0.20802704135486946,0.3646112600536193,0.09501314079092578,0.0,0.0,0.20966401681949065,0.0,0.0010167902503085968,0.0016369754646211876,0.0,0.0
0,order2,motion_blur_5,19,False,False,0.144136078782453,0.02270908047380844,0.0,0.0,0.022790428500926413,0.144136078782453,0.01964534436650477,0.0,0.0,0.01964534436650477,0.0,-0.0030637361073036704,-0.0031450841344216433,0.0,0.0
19,order2,motion_blur_5,20,True,True,0.2648221343873518,0.1728474976253132,0.0,0.0,0.6894533986480991,0.8892988929889298,0.6265513018149463,1.0,1.0,0.7045452398002093,0.624476758601578,0.45370380418963313,0.015091841152110264,1.0,1.0
12,order2,motion_blur_5,21,False,False,0.27228915662650605,0.10849143227235326,0.0,0.0,0.3984419857789965,0.27228915662650605,0.09120473009500646,0.0,0.0,0.33495542468520073,0.0,-0.017286702177346805,-0.06348656109379575,0.0,0.0
8,order2,motion_blur_5,22,False,False,0.8463476070528967,0.10724627016492855,0.0,0.0,0.14621422699063719,0.8463476070528967,0.09938445147608796,0.0,0.0,0.12431271915015842,0.0,-0.007861818688840588,-0.02190150784047877,0.0,0.0
24,order2,motion_blur_5,23,False,False,0.685131195335277,0.009801006879046162,0.0,0.0,0.009811186884720604,0.685131195335277,0.00850331808455695,0.0,0.0,0.00850331808455695,0.0,-0.0012976887944892122,-0.0013078688001636543,0.0,0.0
3,order2,motion_blur_5,24,True,True,0.1346153846153846,0.08225697742283618,0.0,0.0,0.43241668357657614,0.19254658385093168,0.11774055469158388,0.0,0.0,0.4766076764814337,0.05793119923554707,0.03548357726874771,0.04419099290485756,0.0,0.0
5,order2,motion_blur_5,25,False,False,0.6312056737588653,0.39842744525974244,1.0,0.0,0.633410438060328,0.6312056737588653,0.39758923165306165,1.0,0.0,0.6321303212339326,0.0,-0.0008382136066807933,-0.0012801168263953944,0.0,0.0
2,order2,motion_blur_5,26,False,False,0.861904761904762,0.0004800942437270123,0.0,0.0,0.0004800942437270123,0.861904761904762,0.22611194401781465,0.0,0.0,0.27108225016274573,0.0,0.22563184977408762,0.2706021559190187,0.0,0.0
7,order2,motion_blur_5,27,False,False,0.0,0.0,0.0,0.0,0.05033831004455502,0.0,0.0,0.0,0.0,0.031456655523243775,0.0,0.0,-0.018881654521311242,0.0,0.0
6,order2,motion_blur_5,28,True,True,0.5986842105263158,0.4201842510583092,1.0,0.0,0.7510838370391237,0.9733333333333334,0.7242173418837182,1.0,1.0,0.744058912894231,0.37464912280701756,0.304033090825409,-0.007024924144892752,0.0,1.0
9,order2,motion_blur_5,29,False,False,0.28865979381443296,0.05626434896707147,0.0,0.0,0.1949157803502119,0.28865979381443296,0.05075593425400013,0.0,0.0,0.1758330579513576,0.0,-0.005508414713071341,-0.019082722398854307,0.0,0.0
25,order2,motion_blur_5,30,False,False,0.11174785100286533,0.0820934050984819,0.0,0.0,0.7346307276761586,0.11174785100286533,0.08143359128862165,0.0,0.0,0.7287262399930502,0.0,-0.0006598138098602435,-0.0059044876831083615,0.0,0.0
29,order2,motion_blur_5,31,False,False,0.0,0.0,0.0,0.0,0.0,0.0,0.0,0.0,0.0,0.0,0.0,0.0,0.0,0.0,0.0
8,order1,occlusion_5,0,True,True,0.8161209068010076,0.09950617439179582,0.0,0.0,0.14293312425422175,0.8593350383631714,0.10916832492860545,0.0,0.0,0.14293312425422175,0.043214131562163804,0.009662150536809633,0.0,0.0,0.0
15,order1,occlusion_5,1,False,False,0.0,0.0,0.0,0.0,0.4771317599194635,0.0,0.0,0.0,0.0,0.4547434617694055,0.0,0.0,-0.022388298150057995,0.0,0.0
19,order1,occlusion_5,2,False,False,0.8169491525423729,0.5626703971598676,1.0,1.0,0.6887459218346926,0.8169491525423729,0.5663897490917925,1.0,1.0,0.6932986555272979,0.0,0.0037193519319249635,0.004552733692605226,0.0,0.0
27,order1,occlusion_5,3,False,False,0.37057220708446864,0.08871964956345953,0.0,0.0,0.1936427849339462,0.37057220708446864,0.09000868786240905,0.0,0.0,0.19718080073101044,0.0,0.0012890382989495242,0.0035380157970642256,0.0,0.0
7,order1,occlusion_5,4,True,False,0.0,0.0,0.0,0.0,0.050324120074357936,0.0,0.0,0.0,0.0,0.04999091068328831,0.0,0.0,-0.00033320939106962905,0.0,0.0
1,order1,occlusion_5,5,False,False,0.0,0.0,0.0,0.0,0.0,0.0,0.0,0.0,0.0,0.0,0.0,0.0,0.0,0.0,0.0
25,order1,occlusion_5,6,False,False,0.11174785100286533,0.08209877245097062,0.0,0.0,0.7346787585997114,0.11174785100286533,0.08289761147608012,0.0,0.0,0.7418273437218451,0.0,0.0007988390251094935,0.007148585122133677,0.0,0.0
3,order1,occlusion_5,7,False,False,0.1987179487179487,0.11928700597689477,0.0,0.0,0.4354842814012006,0.1987179487179487,0.12178662566185398,0.0,0.0,0.4624644885112446,0.0,0.002499619684959209,0.026980207110044008,0.0,0.0
4,order1,occlusion_5,8,True,True,0.5048543689320388,0.19802618256328833,0.0,0.0,0.40191233911364344,0.18543046357615894,0.05530971501662532,0.0,0.0,0.35304768780487344,-0.3194239053558799,-0.142716467546663,-0.04886465130876999,0.0,0.0
6,order1,occlusion_5,9,False,False,0.5986842105263158,0.4201832098390761,1.0,0.0,0.7510920780290594,0.5986842105263158,0.4200315984168914,1.0,0.0,0.7468372606769916,0.0,-0.00015161142218467205,-0.004254817352067786,0.0,0.0
20,order1,occlusion_5,10,False,False,0.4742268041237113,0.3055844091819411,1.0,0.0,0.6443845150140932,0.4742268041237113,0.2947900406281328,0.0,0.0,0.6216224769767148,0.0,-0.010794368553808276,-0.022762038037378418,-1.0,0.0
17,order1,occlusion_5,11,False,False,0.25,0.062306252570197104,0.0,0.0,0.20146918740309633,0.25,0.052810627051784756,0.0,0.0,0.17922591357197237,0.0,-0.009495625518412348,-0.022243273831123955,0.0,0.0
24,order1,occlusion_5,12,True,True,0.7376093294460642,0.009225980023036432,0.0,0.0,0.00923557655276859,0.8775510204081632,0.007922681055270019,0.0,0.0,0.007922681055270019,0.13994169096209907,-0.0013032989677664135,-0.0013128954974985715,0.0,0.0
2,order1,occlusion_5,13,False,False,0.8047619047619048,8.908104908400446e-05,0.0,0.0,8.908104908400446e-05,0.8047619047619048,0.01868345637577493,0.0,0.0,0.021215436004788344,0.0,0.018594375326690924,0.02112635495570434,0.0,0.0
0,order1,occlusion_5,14,False,False,0.144136078782453,0.02270908047380844,0.0,0.0,0.022790428500926413,0.144136078782453,0.026062830671315467,0.0,0.0,0.028561927493085122,0.0,0.003353750197507027,0.005771498992158709,0.0,0.0
9,order1,occlusion_5,15,False,False,0.2014388489208633,0.03939713903593178,0.0,0.0,0.1955786544998042,0.2014388489208633,0.037231241731165855,0.0,0.0,0.18482652145114478,0.0,-0.0021658973047659277,-0.010752133048659407,0.0,0.0
26,order1,occlusion_5,16,True,True,0.6744904261890056,0.2542453804678232,0.0,0.0,0.34672067757642316,0.6744904261890056,0.246082719364075,0.0,0.0,0.3374265852720672,0.0,-0.008162661103748192,-0.009294092304355961,0.0,0.0
22,order1,occlusion_5,17,False,False,0.6785714285714286,0.4999894153190159,1.0,0.0,0.7368265067859182,0.6785714285714286,0.5006612625587356,1.0,1.0,0.7378165974549787,0.0,0.0006718472397196362,0.0009900906690605282,0.0,1.0
5,order1,occlusion_5,18,False,False,0.6312056737588653,0.39842744525974244,1.0,0.0,0.633410438060328,0.6312056737588653,0.39896857222667675,1.0,0.0,0.6342913982003626,0.0,0.0005411269669343133,0.0008809601400345812,0.0,0.0
13,order1,occlusion_5,19,False,False,0.0319634703196347,0.022405756271381607,0.0,0.0,0.6142879972565944,0.0319634703196347,0.022101790437373068,0.0,0.0,0.609308210562884,0.0,-0.0003039658340085391,-0.004979786693710464,0.0,0.0
18,order1,occlusion_5,20,True,True,0.0,0.0,0.0,0.0,0.09544079265983064,0.2616279069767442,0.03205822457365512,0.0,0.0,0.12253365837041512,0.2616279069767442,0.03205822457365512,0.027092865710584474,0.0,0.0
10,order1,occlusion_5,21,False,False,0.7914110429447853,0.2362009103280585,0.0,0.0,0.2725032224566475,0.7914110429447853,0.2332146394290514,0.0,0.0,0.2695967046663275,0.0,-0.002986270899007104,-0.0029065177903199735,0.0,0.0
28,order1,occlusion_5,22,False,False,0.8521739130434782,0.5994452079198181,1.0,1.0,0.707142264748179,0.8521739130434782,0.5976874556126461,1.0,1.0,0.7039685485416263,0.0,-0.0017577523071720114,-0.0031737162065527125,0.0,0.0
31,order1,occlusion_5,23,False,False,0.9624664879356568,0.0,0.0,0.0,0.0,0.9624664879356568,0.0,0.0,0.0,0.0,0.0,0.0,0.0,0.0,0.0
23,order1,occlusion_5,24,True,True,0.0,0.0,0.0,0.0,0.2548496960788968,0.0,0.0,0.0,0.0,0.25825384138069596,0.0,0.0,0.0034041453017991663,0.0,0.0
21,order1,occlusion_5,25,False,False,0.6597938144329897,0.3042965510697229,1.0,0.0,0.46119946021504876,0.6597938144329897,0.2849483091700425,0.0,0.0,0.43187478108584565,0.0,-0.01934824189968043,-0.029324679129203113,-1.0,0.0
11,order1,occlusion_5,26,False,False,0.84375,0.6310308508121619,1.0,1.0,0.7211781152138993,0.84375,0.6287224928229692,1.0,1.0,0.7185399917976791,0.0,-0.002308357989192711,-0.0026381234162201617,0.0,0.0
12,order1,occlusion_5,27,False,False,0.3542319749216301,0.15869468253735441,0.0,0.0,0.4479964931806731,0.3542319749216301,0.1563293902741566,0.0,0.0,0.44131925218987567,0.0,-0.0023652922631978157,-0.006677240990797417,0.0,0.0
29,order1,occlusion_5,28,True,True,0.0,0.0,0.0,0.0,0.0,0.0,0.0,0.0,0.0,0.0,0.0,0.0,0.0,0.0,0.0
16,order1,occlusion_5,29,False,False,0.11219512195121951,2.9165100732489237e-05,0.0,0.0,0.0002599498108765345,0.11219512195121951,4.580950076854649e-05,0.0,0.0,0.00040830207206747957,0.0,1.6644400036057253e-05,0.00014835226119094504,0.0,0.0
30,order1,occlusion_5,30,False,False,0.3127962085308057,0.08600984569810202,0.0,0.0,0.272567651360483,0.3127962085308057,0.0918592513470265,0.0,0.0,0.2907717433401243,0.0,0.005849405648924472,0.01820409197964129,0.0,0.0
14,order1,occlusion_5,31,False,False,0.0,0.0,0.0,0.0,0.37816733245582645,0.0,0.0,0.0,0.0,0.379110089150198,0.0,0.0,0.0009427566943715493,0.0,0.0
1,order2,occlusion_5,0,True,True,0.0,0.0,0.0,0.0,0.0,0.0,0.0,0.0,0.0,0.0,0.0,0.0,0.0,0.0,0.0
18,order2,occlusion_5,1,False,False,0.0,0.0,0.0,0.0,0.09544079265983064,0.0,0.0,0.0,0.0,0.10083547230766558,0.0,0.0,0.005394679647834938,0.0,0.0
20,order2,occlusion_5,2,False,False,0.4742268041237113,0.3055844091819411,1.0,0.0,0.6443845150140932,0.4742268041237113,0.3149705179598829,1.0,0.0,0.6641769617849704,0.0,0.009386108777941826,0.019792446770877214,0.0,0.0
22,order2,occlusion_5,3,False,False,0.6785714285714286,0.4999894153190159,1.0,0.0,0.7368265067859182,0.6785714285714286,0.4943438492365933,1.0,0.0,0.7285067251907691,0.0,-0.005645566082422615,-0.008319781595149123,0.0,0.0
10,order2,occlusion_5,4,True,True,0.7914110429447853,0.2362009103280585,0.0,0.0,0.2725032224566475,0.7914110429447853,0.23941282086889076,0.0,0.0,0.27620687182876297,0.0,0.0032119105408322524,0.0037036493721154806,0.0,0.0
17,order2,occlusion_5,5,False,False,0.25,0.062306252570197104,0.0,0.0,0.20146918740309633,0.25,0.05164595456152516,0.0,0.0,0.18417899550081565,0.0,-0.010660298008671944,-0.017290191902280677,0.0,0.0
16,order2,occlusion_5,6,False,False,0.11219512195121951,2.9165100732489237e-05,0.0,0.0,0.0002599498108765345,0.11219512195121951,4.849391469296552e-05,0.0,0.0,0.0004322283700894753,0.0,1.9328813960476283e-05,0.00017227855921294076,0.0,0.0
13,order2,occlusion_5,7,False,False,0.0319634703196347,0.022405756271381607,0.0,0.0,0.6142879972565944,0.0319634703196347,0.022527999789321507,0.0,0.0,0.619145449241153,0.0,0.00012224351793990035,0.004857451984558558,0.0,0.0
15,order2,occlusion_5,8,True,True,0.0,0.0,0.0,0.0,0.4771317599194635,0.009828009828009828,0.004591571765286157,0.0,0.0,0.48163415184067015,0.009828009828009828,0.004591571765286157,0.004502391921206661,0.0,0.0
31,order2,occlusion_5,9,False,False,0.9624664879356568,0.0,0.0,0.0,0.0,0.9624664879356568,0.0,0.0,0.0,0.0,0.0,0.0,0.0,0.0,0.0
23,order2,occlusion_5,10,False,False,0.0,0.0,0.0,0.0,0.2548496960788968,0.0,0.0,0.0,0.0,0.2517780900355838,0.0,0.0,-0.003071606043312969,0.0,0.0
28,order2,occlusion_5,11,False,False,0.8521739130434782,0.5994452079198181,1.0,1.0,0.707142264748179,0.8521739130434782,0.5995784327523989,1.0,1.0,0.7064613997186642,0.0,0.00013322483258071394,-0.00068086502951481,0.0,0.0
30,order2,occlusion_5,12,True,True,0.3127962085308057,0.08600984569810202,0.0,0.0,0.272567651360483,0.32195121951219513,0.09906891953017749,0.0,0.0,0.3036673070392351,0.009155010981389433,0.013059073832075468,0.031099655678752114,0.0,0.0
21,order2,occlusion_5,13,False,False,0.6597938144329897,0.3042965510697229,1.0,0.0,0.46119946021504876,0.6597938144329897,0.3029017082688021,1.0,0.0,0.45908540159490313,0.0,-0.001394842800920837,-0.0021140586201456313,0.0,0.0
4,order2,occlusion_5,14,False,False,0.5048543689320388,0.19802618256328833,0.0,0.0,0.40191233911364344,0.5048543689320388,0.19592700728820955,0.0,0.0,0.38037757079901274,0.0,-0.002099175275078774,-0.021534768314630692,0.0,0.0
26,order2,occlusion_5,15,False,False,0.6744904261890056,0.2542453804678232,0.0,0.0,0.34672067757642316,0.6744904261890056,0.22568847115051566,0.0,0.0,0.3092131590192466,0.0,-0.028556909317307533,-0.037507518557176545,0.0,0.0
11,order2,occlusion_5,16,True,True,0.84375,0.6310308508121619,1.0,1.0,0.7211781152138993,0.7105263157894737,0.46592274013954943,1.0,0.0,0.6323237187608172,-0.13322368421052633,-0.1651081106726125,-0.08885439645308213,0.0,-1.0
14,order2,occlusion_5,17,False,False,0.0,0.0,0.0,0.0,0.37816733245582645,0.0,0.0,0.0,0.0,0.3851158639604439,0.0,0.0,0.006948531504617439,0.0,0.0
27,order2,occlusion_5,18,False,False,0.37057220708446864,0.08871964956345953,0.0,0.0,0.1936427849339462,0.37057220708446864,0.088381124965236,0.0,0.0,0.192303401725036,0.0,-0.000338524598223533,-0.001339383208910222,0.0,0.0
0,order2,occlusion_5,19,False,False,0.144136078782453,0.02270908047380844,0.0,0.0,0.022790428500926413,0.144136078782453,0.020658260338083302,0.0,0.0,0.020658260338083302,0.0,-0.002050820135725138,-0.0021321681628431108,0.0,0.0
19,order2,occlusion_5,20,True,True,0.8169491525423729,0.5626703971598676,1.0,1.0,0.6887459218346926,0.8006644518272426,0.5632974384251388,1.0,1.0,0.7035374645890738,-0.01628470071513033,0.0006270412652712443,0.014791542754381215,0.0,0.0
12,order2,occlusion_5,21,False,False,0.3542319749216301,0.15869468253735441,0.0,0.0,0.4479964931806731,0.3542319749216301,0.12414051359141964,0.0,0.0,0.3504497684571935,0.0,-0.03455416894593477,-0.09754672472347958,0.0,0.0
8,order2,occlusion_5,22,False,False,0.8161209068010076,0.09950617439179582,0.0,0.0,0.14293312425422175,0.8161209068010076,0.08301063731295212,0.0,0.0,0.11853622330847248,0.0,-0.0164955370788437,-0.02439690094574927,0.0,0.0
24,order2,occlusion_5,23,False,False,0.7376093294460642,0.009225980023036432,0.0,0.0,0.00923557655276859,0.7376093294460642,0.004998894733874094,0.0,0.0,0.004998894733874094,0.0,-0.004227085289162338,-0.0042366818188944964,0.0,0.0
3,order2,occlusion_5,24,True,True,0.1987179487179487,0.11928700597689477,0.0,0.0,0.4354842814012006,0.2469879518072289,0.15212347518820812,0.0,0.0,0.47698201265132495,0.0482700030892802,0.03283646921131335,0.04149773125012435,0.0,0.0
5,order2,occlusion_5,25,False,False,0.6312056737588653,0.39842744525974244,1.0,0.0,0.633410438060328,0.6312056737588653,0.39836627844453226,1.0,0.0,0.6333920893396185,0.0,-6.116681521017853e-05,-1.834872070949345e-05,0.0,0.0
2,order2,occlusion_5,26,False,False,0.8047619047619048,8.908104908400446e-05,0.0,0.0,8.908104908400446e-05,0.8047619047619048,0.0981573678151614,0.0,0.0,0.11935786568562982,0.0,0.0980682867660774,0.11926878463654582,0.0,0.0
7,order2,occlusion_5,27,False,False,0.0,0.0,0.0,0.0,0.050324120074357936,0.0,0.0,0.0,0.0,0.05086272738768485,0.0,0.0,0.0005386073133269165,0.0,0.0
6,order2,occlusion_5,28,True,True,0.5986842105263158,0.4201832098390761,1.0,0.0,0.7510920780290594,0.9733333333333334,0.7245690020401911,1.0,1.0,0.7444202075755388,0.37464912280701756,0.30438579220111506,-0.006671870453520579,0.0,1.0
9,order2,occlusion_5,29,False,False,0.2014388489208633,0.03939713903593178,0.0,0.0,0.1955786544998042,0.2014388489208633,0.0353981804477215,0.0,0.0,0.17572668150833173,0.0,-0.003998958588210283,-0.019851972991472455,0.0,0.0
25,order2,occlusion_5,30,False,False,0.11174785100286533,0.08209877245097062,0.0,0.0,0.7346787585997114,0.11174785100286533,0.08151036699975672,0.0,0.0,0.7294132841773102,0.0,-0.0005884054512138998,-0.005265474422401217,0.0,0.0
29,order2,occlusion_5,31,False,False,0.0,0.0,0.0,0.0,0.0,0.0,0.0,0.0,0.0,0.0,0.0,0.0,0.0,0.0,0.0
8,order1,exposure_5,0,True,True,0.8161209068010076,0.09934382926630016,0.0,0.0,0.149219714443796,0.8593350383631714,0.10900240283841725,0.0,0.0,0.149219714443796,0.043214131562163804,0.009658573572117093,0.0,0.0,0.0
15,order1,exposure_5,1,False,False,0.0,0.0,0.0,0.0,0.4771317599194635,0.0,0.0,0.0,0.0,0.45445595114183096,0.0,0.0,-0.022675808777632533,0.0,0.0
19,order1,exposure_5,2,False,False,0.8169491525423729,0.5630114785868606,1.0,1.0,0.6891634281457422,0.8169491525423729,0.5668071583135408,1.0,1.0,0.6938095921265334,0.0,0.0037956797266801567,0.004646163980791207,0.0,0.0
27,order1,exposure_5,3,False,False,0.37057220708446864,0.09684536184970624,0.0,0.0,0.2108382685367549,0.37057220708446864,0.09719344298575457,0.0,0.0,0.21240892970963215,0.0,0.00034808113604832547,0.0015706611728772413,0.0,0.0
7,order1,exposure_5,4,True,False,0.0,0.0,0.0,0.0,0.04878252646962056,0.0,0.0,0.0,0.0,0.049504970265211584,0.0,0.0,0.0007224437955910268,0.0,0.0
1,order1,exposure_5,5,False,False,0.0,0.0,0.0,0.0,0.0,0.0,0.0,0.0,0.0,0.0,0.0,0.0,0.0,0.0,0.0
25,order1,exposure_5,6,False,False,0.11174785100286533,0.0821378259840912,0.0,0.0,0.7350282376525085,0.11174785100286533,0.08291809698805613,0.0,0.0,0.7420106627905536,0.0,0.0007802710039649385,0.006982425138045145,0.0,0.0
3,order1,exposure_5,7,False,False,0.1987179487179487,0.13092607020551722,0.0,0.0,0.46720578601045276,0.1987179487179487,0.1260208871329559,0.0,0.0,0.4740482361890941,0.0,-0.0049051830725613255,0.006842450178641324,0.0,0.0
4,order1,exposure_5,8,True,True,0.5048543689320388,0.199601245295638,0.0,0.0,0.4048409394992167,0.18543046357615894,0.05605662573330355,0.0,0.0,0.3545885121003735,-0.3194239053558799,-0.14354461956233444,-0.05025242739884317,0.0,0.0
6,order1,exposure_5,9,False,False,0.5986842105263158,0.4203445200022347,1.0,0.0,0.7512711975137204,0.5986842105263158,0.4204524604380796,1.0,0.0,0.7479925489840178,0.0,0.00010794043584488877,-0.0032786485297026102,0.0,0.0
20,order1,exposure_5,10,False,False,0.4742268041237113,0.3055844091819411,1.0,0.0,0.6443845150140932,0.4742268041237113,0.2953102332916453,0.0,0.0,0.6227194049845565,0.0,-0.010274175890295778,-0.02166511002953675,-1.0,0.0
17,order1,exposure_5,11,False,False,0.3951612903225806,0.11278001035805661,0.0,0.0,0.2218863816573384,0.3951612903225806,0.11095524655503816,0.0,0.0,0.2180198831975595,0.0,-0.0018247638030184504,-0.0038664984597789054,0.0,0.0
24,order1,exposure_5,12,True,True,0.597667638483965,0.01958385795642752,0.0,0.0,0.019604643655810283,0.685131195335277,0.018597021756606547,0.0,0.0,0.018597021756606547,0.08746355685131202,-0.0009868361998209736,-0.001007621899203736,0.0,0.0
2,order1,exposure_5,13,False,False,0.8333333333333334,0.0002836360935695006,0.0,0.0,0.0002836360935695006,0.8333333333333334,0.09260847011067533,0.0,0.0,0.10203138657590433,0.0,0.09232483401710583,0.10174775048233482,0.0,0.0
0,order1,exposure_5,14,False,False,0.144136078782453,0.02270908047380844,0.0,0.0,0.022790428500926413,0.144136078782453,0.02616720697934993,0.0,0.0,0.029014988025702713,0.0,0.0034581265055414895,0.0062245595247763,0.0,0.0
9,order1,exposure_5,15,False,False,0.28865979381443296,0.05661146060494445,0.0,0.0,0.19611827423855757,0.28865979381443296,0.053651057136705406,0.0,0.0,0.18586259079501516,0.0,-0.002960403468239045,-0.010255683443542413,0.0,0.0
26,order1,exposure_5,16,True,True,0.6744904261890056,0.25422994153779505,0.0,0.0,0.35123622765867984,0.8412600370599135,0.2799797284741344,0.0,0.0,0.338611642505385,0.16676961087090791,0.025749786936339336,-0.012624585153294843,0.0,0.0
22,order1,exposure_5,17,False,False,0.6785714285714286,0.5000108321872517,1.0,1.0,0.7368580684864762,0.6785714285714286,0.4990620155674969,1.0,0.0,0.7354598124152586,0.0,-0.000948816619754822,-0.001398256071217574,0.0,-1.0
5,order1,exposure_5,18,False,False,0.6312056737588653,0.39842744525974244,1.0,0.0,0.633410438060328,0.6312056737588653,0.40005464913229233,1.0,0.0,0.6360185384964715,0.0,0.0016272038725498872,0.0026081004361434568,0.0,0.0
13,order1,exposure_5,19,False,False,0.05448717948717949,0.035057957644215626,0.0,0.0,0.6434166344114868,0.05448717948717949,0.03527406992097174,0.0,0.0,0.6473829303143049,0.0,0.0002161122767561155,0.003966295902818162,0.0,0.0
18,order1,exposure_5,20,True,True,0.0,0.0,0.0,0.0,0.033300833271843404,0.2616279069767442,0.00944352704399105,0.0,0.0,0.03609525892369912,0.2616279069767442,0.00944352704399105,0.0027944256518557184,0.0,0.0
10,order1,exposure_5,21,False,False,0.8282208588957055,0.22971982004956285,0.0,0.0,0.2587915610898321,0.8282208588957055,0.22743577197478365,0.0,0.0,0.25656269134888066,0.0,-0.0022840480747791936,-0.0022288697409514335,0.0,0.0
28,order1,exposure_5,22,False,False,0.9043478260869565,0.6373055974733594,1.0,1.0,0.7047129202830416,0.9043478260869565,0.6343902768292075,1.0,1.0,0.7014892484169122,0.0,-0.0029153206441518975,-0.003223671866129374,0.0,0.0
31,order1,exposure_5,23,False,False,0.9222520107238605,0.0,0.0,0.0,0.0,0.9222520107238605,0.0,0.0,0.0,0.0,0.0,0.0,0.0,0.0,0.0
23,order1,exposure_5,24,True,True,0.0,0.0,0.0,0.0,0.2548496960788968,0.0,0.0,0.0,0.0,0.25826386843554694,0.0,0.0,0.003414172356650147,0.0,0.0
21,order1,exposure_5,25,False,False,0.7032967032967034,0.32470839356498477,1.0,0.0,0.4616947471002127,0.7032967032967034,0.3002094806399746,1.0,0.0,0.4268603552849639,0.0,-0.024498912925010163,-0.03483439181524878,0.0,0.0
11,order1,exposure_5,26,False,False,0.84375,0.6312342220880326,1.0,1.0,0.7214105395291801,0.84375,0.6323508569732725,1.0,1.0,0.7226866936837401,0.0,0.0011166348852399421,0.0012761541545599497,0.0,0.0
12,order1,exposure_5,27,False,False,0.3542319749216301,0.14431434872113175,0.0,0.0,0.40740068355788517,0.3542319749216301,0.16073132295300085,0.0,0.0,0.45374594709740945,0.0,0.016416974231869108,0.046345263539524284,0.0,0.0
29,order1,exposure_5,28,True,True,0.0,0.0,0.0,0.0,0.0,0.0,0.0,0.0,0.0,0.0,0.0,0.0,0.0,0.0,0.0
16,order1,exposure_5,29,False,False,0.11219512195121951,2.3292963168616153e-05,0.0,0.0,0.00020761119345940484,0.11219512195121951,4.3458015025435035e-05,0.0,0.0,0.0003873431774006166,0.0,2.0165051856818882e-05,0.00017973198394121177,0.0,0.0
30,order1,exposure_5,30,False,False,0.3127962085308057,0.08492406884259147,0.0,0.0,0.2694211499643569,0.3127962085308057,0.08937237068048605,0.0,0.0,0.28350480570357434,0.0,0.004448301837894575,0.014083655739217438,0.0,0.0
14,order1,exposure_5,31,False,False,0.0,0.0,0.0,0.0,0.37860629683186986,0.0,0.0,0.0,0.0,0.37999715484316016,0.0,0.0,0.0013908580112902968,0.0,0.0
1,order2,exposure_5,0,True,True,0.0,0.0,0.0,0.0,0.0,0.0,0.0,0.0,0.0,0.0,0.0,0.0,0.0,0.0,0.0
18,order2,exposure_5,1,False,False,0.0,0.0,0.0,0.0,0.033300833271843404,0.0,0.0,0.0,0.0,0.035572180187613996,0.0,0.0,0.0022713469157705918,0.0,0.0
20,order2,exposure_5,2,False,False,0.4742268041237113,0.3055844091819411,1.0,0.0,0.6443845150140932,0.4742268041237113,0.3155633314880921,1.0,0.0,0.6654270250944551,0.0,0.00997892230615105,0.021042510080361843,0.0,0.0
22,order2,exposure_5,3,False,False,0.6785714285714286,0.5000108321872517,1.0,1.0,0.7368580684864762,0.6785714285714286,0.4937998605841805,1.0,0.0,0.7277050577030029,0.0,-0.006210971603071214,-0.009153010783473303,0.0,-1.0
10,order2,exposure_5,4,True,True,0.8282208588957055,0.22971982004956285,0.0,0.0,0.2587915610898321,0.7988165680473372,0.22458703598816007,0.0,0.0,0.26233666319925986,-0.029404290848368264,-0.005132784061402773,0.003545102109427767,0.0,0.0
17,order2,exposure_5,5,False,False,0.3951612903225806,0.11278001035805661,0.0,0.0,0.2218863816573384,0.3951612903225806,0.11401828273937863,0.0,0.0,0.22219674716699592,0.0,0.0012382723813220142,0.0003103655096575175,0.0,0.0
16,order2,exposure_5,6,False,False,0.11219512195121951,2.3292963168616153e-05,0.0,0.0,0.00020761119345940484,0.11219512195121951,3.354759348708799e-05,0.0,0.0,0.0002990111593414364,0.0,1.0254630318471836e-05,9.139996588203154e-05,0.0,0.0
13,order2,exposure_5,7,False,False,0.05448717948717949,0.035057957644215626,0.0,0.0,0.6434166344114868,0.05448717948717949,0.03519335091798721,0.0,0.0,0.6459014992007065,0.0,0.00013539327377158628,0.0024848647892197206,0.0,0.0
15,order2,exposure_5,8,True,True,0.0,0.0,0.0,0.0,0.4771317599194635,0.009828009828009828,0.004595078345887865,0.0,0.0,0.47981449406300913,0.009828009828009828,0.004595078345887865,0.0026827341435456398,0.0,0.0
31,order2,exposure_5,9,False,False,0.9222520107238605,0.0,0.0,0.0,0.0,0.9222520107238605,0.0,0.0,0.0,0.0,0.0,0.0,0.0,0.0,0.0
23,order2,exposure_5,10,False,False,0.0,0.0,0.0,0.0,0.2548496960788968,0.0,0.0,0.0,0.0,0.25207935104781204,0.0,0.0,-0.0027703450310847533,0.0,0.0
28,order2,exposure_5,11,False,False,0.9043478260869565,0.6373055974733594,1.0,1.0,0.7047129202830416,0.9043478260869565,0.6364572650186318,1.0,1.0,0.703774860357141,0.0,-0.0008483324547275961,-0.0009380599259005695,0.0,0.0
30,order2,exposure_5,12,True,True,0.3127962085308057,0.08492406884259147,0.0,0.0,0.2694211499643569,0.32195121951219513,0.09813853543817085,0.0,0.0,0.3015080685002906,0.009155010981389433,0.013214466595579372,0.032086918535933706,0.0,0.0
21,order2,exposure_5,13,False,False,0.7032967032967034,0.32470839356498477,1.0,0.0,0.4616947471002127,0.7032967032967034,0.32238326918531157,1.0,0.0,0.45838871087286487,0.0,-0.0023251243796731935,-0.0033060362273478194,0.0,0.0
4,order2,exposure_5,14,False,False,0.5048543689320388,0.199601245295638,0.0,0.0,0.4048409394992167,0.5048543689320388,0.20155197464812902,0.0,0.0,0.3933414718883064,0.0,0.0019507293524910208,-0.011499467610910252,0.0,0.0
26,order2,exposure_5,15,False,False,0.6744904261890056,0.25422994153779505,0.0,0.0,0.35123622765867984,0.6744904261890056,0.22703057524475156,0.0,0.0,0.31344934394020624,0.0,-0.02719936629304348,-0.03778688371847361,0.0,0.0
11,order2,exposure_5,16,True,True,0.84375,0.6312342220880326,1.0,1.0,0.7214105395291801,0.7105263157894737,0.46845137071002513,1.0,0.0,0.6357554316778913,-0.13322368421052633,-0.16278285137800746,-0.08565510785128883,0.0,-1.0
14,order2,exposure_5,17,False,False,0.0,0.0,0.0,0.0,0.37860629683186986,0.0,0.0,0.0,0.0,0.38683514272103847,0.0,0.0,0.008228845889168612,0.0,0.0
27,order2,exposure_5,18,False,False,0.37057220708446864,0.09684536184970624,0.0,0.0,0.2108382685367549,0.37057220708446864,0.09788871663327776,0.0,0.0,0.21281453043016035,0.0,0.0010433547835715234,0.00197626189340544,0.0,0.0
0,order2,exposure_5,19,False,False,0.144136078782453,0.02270908047380844,0.0,0.0,0.022790428500926413,0.144136078782453,0.01964623153270052,0.0,0.0,0.01964623153270052,0.0,-0.0030628489411079207,-0.0031441969682258937,0.0,0.0
19,order2,exposure_5,20,True,True,0.8169491525423729,0.5630114785868606,1.0,1.0,0.6891634281457422,0.8006644518272426,0.5626668332131433,1.0,1.0,0.7027498622288635,-0.01628470071513033,-0.00034464537371736714,0.013586434083121324,0.0,0.0
12,order2,exposure_5,21,False,False,0.3542319749216301,0.14431434872113175,0.0,0.0,0.40740068355788517,0.3542319749216301,0.14839327232769095,0.0,0.0,0.41891552099587087,0.0,0.004078923606559204,0.011514837437985703,0.0,0.0
8,order2,exposure_5,22,False,False,0.8161209068010076,0.09934382926630016,0.0,0.0,0.149219714443796,0.8161209068010076,0.09200913465112065,0.0,0.0,0.13409394786355586,0.0,-0.007334694615179507,-0.015125766580240146,0.0,0.0
24,order2,exposure_5,23,False,False,0.597667638483965,0.01958385795642752,0.0,0.0,0.019604643655810283,0.597667638483965,0.01743445372462689,0.0,0.0,0.01743445372462689,0.0,-0.0021494042318006314,-0.0021701899311833937,0.0,0.0
3,order2,exposure_5,24,True,True,0.1987179487179487,0.13092607020551722,0.0,0.0,0.46720578601045276,0.391025641025641,0.23409028731554735,0.0,0.0,0.4921846108441234,0.19230769230769232,0.10316421711003013,0.024978824833670643,0.0,0.0
5,order2,exposure_5,25,False,False,0.6312056737588653,0.39842744525974244,1.0,0.0,0.633410438060328,0.6312056737588653,0.4002465350911603,1.0,0.0,0.6363787300343844,0.0,0.001819089831417875,0.0029682919740563474,0.0,0.0
2,order2,exposure_5,26,False,False,0.8333333333333334,0.0002836360935695006,0.0,0.0,0.0002836360935695006,0.8333333333333334,0.18092680787096824,0.0,0.0,0.22336451024334192,0.0,0.18064317177739875,0.22308087414977243,0.0,0.0
7,order2,exposure_5,27,False,False,0.0,0.0,0.0,0.0,0.04878252646962056,0.0,0.0,0.0,0.0,0.05886853602622981,0.0,0.0,0.010086009556609252,0.0,0.0
6,order2,exposure_5,28,True,True,0.5986842105263158,0.4203445200022347,1.0,0.0,0.7512711975137204,0.9733333333333334,0.7251186894117484,1.0,1.0,0.744984954875084,0.37464912280701756,0.3047741694095137,-0.006286242638636419,0.0,1.0
9,order2,exposure_5,29,False,False,0.28865979381443296,0.05661146060494445,0.0,0.0,0.19611827423855757,0.28865979381443296,0.0512301021801608,0.0,0.0,0.1774757111241285,0.0,-0.0053813584247836485,-0.018642563114429078,0.0,0.0
25,order2,exposure_5,30,False,False,0.11174785100286533,0.0821378259840912,0.0,0.0,0.7350282376525085,0.11174785100286533,0.08189597307743172,0.0,0.0,0.7328639642057352,0.0,-0.00024185290665947046,-0.0021642734467732794,0.0,0.0
29,order2,exposure_5,31,False,False,0.0,0.0,0.0,0.0,0.0,0.0,0.0,0.0,0.0,0.0,0.0,0.0,0.0,0.0,0.0
