coordinate,trial,value,status,delta_v_pp,current_pp,inherited_pp,harm5,harm20
lr,cfg_cf4b841231122236,0.001,complete,1.0733633196645247,0.8021954502244605,0.27116786944006416,0,0
lr,cfg_468213afb9826a66,0.003,complete,2.9063331604857625,2.305595306462787,0.600737854022976,0,0
lr,cfg_5228481f0a00de5b,0.01,complete,2.9555717956951617,2.072125531502915,0.8834462641922468,1,0
lr,cfg_24398fb7b610f045,0.03,complete,2.733574586161252,1.986675048067444,0.7468995380938079,1,0
lr,cfg_eec40147d0a13034,0.1,complete,2.0762063959598676,2.550729803954946,-0.4745234079950788,2,0
sigma,cfg_b99c7cd939a3f073,0.025,complete,3.25818603248819,2.371149609761305,0.8870364227268852,0,0
sigma,cfg_a4b6cfed11a1b0d7,0.05,complete,3.146768049116623,2.2614573376749973,0.8853107114416253,0,0
sigma,cfg_5228481f0a00de5b,0.1,complete,2.9555717956951617,2.072125531502915,0.8834462641922468,1,0
sigma,cfg_f7e585f645c8edfa,0.25,complete,1.9800343576318786,1.1745260336841752,0.8055083239477033,1,0
sigma,cfg_f7ed0e3296a46b72,0.5,complete,-0.10204909874384024,-0.6770655124841751,0.5750164137403346,4,0
tau,cfg_fb8a2e8d2dacd747,0.05,complete,3.306261106990052,2.412471742261623,0.893789364728429,0,0
tau,cfg_2b6766ba8c0eb88b,0.1,complete,3.2780535649439417,2.3878503303194756,0.8902032346244662,0,0
tau,cfg_b99c7cd939a3f073,0.25,complete,3.25818603248819,2.371149609761305,0.8870364227268852,0,0
tau,cfg_3b8cf65263c7f575,0.5,complete,3.2511219051972446,2.3769061717770734,0.8742157334201716,0,0
tau,cfg_e9c3f5d3feb03fee,1.0,complete,3.2476870876301898,2.3670459913299524,0.8806410963002373,0,0
steps,cfg_379fcdf04d5729f3,1,complete,0.4703348707314479,0.34545023693171223,0.12488463379973563,0,0
steps,cfg_d1c7670206ca1585,3,complete,1.4234494193214713,1.0912976248239832,0.33215179449748783,0,0
steps,cfg_97ba7d47a5f659ae,5,complete,2.532711687633762,2.059704407833092,0.47300727980067,0,0
steps,cfg_7abb5f2eb1045a22,10,complete,2.7908594036693604,2.006968773267253,0.7838906304021077,0,0
steps,cfg_fb8a2e8d2dacd747,20,complete,3.306261106990052,2.412471742261623,0.893789364728429,0,0
steps,cfg_e8735d3fe1dd4bc2,40,complete,3.572563015863011,2.7175064188927296,0.8550565969702815,0,0
writeback,cfg_f2ca2a748665a40b,0.0,complete,3.370963821124098,3.370963821124098,0.0,1,0
writeback,cfg_10a0e65452453062,0.015625,complete,3.4966432356206836,3.162627684412811,0.334015551207872,0,0
writeback,cfg_fa4a230551ad7eed,0.03125,complete,3.497896459223519,2.928760400290059,0.5691360589334606,0,0
writeback,cfg_e8735d3fe1dd4bc2,0.0625,complete,3.572563015863011,2.7175064188927296,0.8550565969702815,0,0
writeback,cfg_60d0482e64f242af,0.125,complete,3.5622693235604026,2.520928620174205,1.0413407033861979,0,0
