dataset,trial,phase,factor,lr,sigma,tau,steps,writeback,samples,sources,arrivals,delta_v_pp,ci_low_pp,ci_high_pp,current_pp,inherited_pp,harm20_sources,harm20_cells,fit_GPU_seconds,capture_seconds,CPU_math_seconds
vidstg,refine_00,refine,initial_incumbent,0.03,0.25,0.25,10,0.125,32,32,64,3.785829628500767,1.591767759231878,6.347358025702967,2.40614562254709,1.3796840059536777,0,0,21.571836876217276,49.617627187399194,0.43783244804944843
vidstg,refine_01,refine,lr,0.1,0.25,0.25,10,0.125,32,32,64,3.4174223605701797,1.3124555433499465,5.824350477544725,2.5873264209305558,0.830095939639624,0,0,20.970220773364417,47.83395351609215,0.4386752285063267
vidstg,refine_02,refine,sigma,0.03,0.5,0.25,10,0.125,32,32,64,2.713202169729015,0.7039638415480399,4.846827961644721,1.2942749106680553,1.4189272590609596,0,0,20.29656010202598,47.799385007005185,0.43083316169213504
vidstg,refine_05,refine,lr,0.01,0.25,0.25,10,0.125,32,32,64,3.182069487377527,1.3709053836661342,5.2492768279244775,2.1035483785071434,1.0785211088703843,0,0,20.135155722033232,47.51860876940191,0.4368401464307681
vidstg,refine_09,refine,lr,0.001,0.25,0.25,10,0.125,32,32,64,0.6002907848734721,0.3098562770668438,0.9450864265880456,0.46114559140485484,0.1391451934686173,0,0,20.28320404945407,47.89749339141417,0.44788226927630603
vidstg,refine_10,refine,sigma,0.03,0.1,0.25,10,0.125,32,32,64,4.025958185201942,1.7933322741159756,6.630366898241789,2.7742639763473553,1.2516942088545864,0,0,20.217509226640686,47.55880546208937,0.4349592903163284
vidstg,screen_00,screen,reference,0.03,0.25,0.25,10,0.0625,32,16,32,2.7613250498456714,-0.3682795677712988,6.025627330869457,2.4010521741446897,0.36027287570098154,0,0,10.995510679902509,24.62150644371286,0.2257769692223519
vidstg,screen_01,screen,lr,0.001,0.25,0.25,10,0.0625,32,16,32,0.3120649058518591,0.007286540499602496,0.6454818910030988,0.29195068020920817,0.02011422564265095,0,0,11.228921079193242,23.894853334641084,0.23704543302301317
vidstg,screen_02,screen,lr,0.003,0.25,0.25,10,0.0625,32,16,32,1.8009135233848845,0.24741827341399847,3.9435147473256613,1.7461194571988234,0.0547940661860608,0,0,11.266423286986537,23.925957779516466,0.23365517903584987
vidstg,screen_03,screen,lr,0.01,0.25,0.25,10,0.0625,32,16,32,2.0814343308550844,-0.06004602965512118,4.314903298901948,1.9065344725187603,0.17489985833632465,0,0,11.030491993762553,24.265531223267317,0.22665035631507635
vidstg,screen_04,screen,lr,0.1,0.25,0.25,10,0.0625,32,16,32,1.8307985980897077,-1.3790236690500153,4.5778130870575815,1.3965630118292276,0.43423558626048003,0,1,10.972306390758604,24.21815575216897,0.22619858279358596
vidstg,screen_05,screen,sigma,0.03,0.1,0.25,10,0.0625,32,16,32,2.974295151946766,0.01831525682739792,6.129577843344999,2.6436336775310836,0.33066147441568233,0,0,10.989962009247392,24.163904767716303,0.2260433641495183
vidstg,screen_06,screen,sigma,0.03,0.5,0.25,10,0.0625,32,16,32,2.19269267607891,-1.1115664482438439,5.405782847158081,1.7874844008728026,0.40520827520610736,0,0,11.056801321683452,24.24986155796796,0.226421988918446
vidstg,screen_07,screen,tau,0.03,0.25,0.1,10,0.0625,32,16,32,2.6761936229048366,-0.31876793373796314,5.823065911793668,2.3331303054302777,0.34306331747455926,0,0,11.023625106783584,24.324684689287096,0.22521583479829133
vidstg,screen_08,screen,tau,0.03,0.25,0.5,10,0.0625,32,16,32,2.9718187428150964,-0.08535671410232797,6.190872581957457,2.608588466939801,0.36323027587529505,0,0,11.143509692978114,23.97797702997923,0.2300431920448318
vidstg,screen_09,screen,tau,0.03,0.25,1.0,10,0.0625,32,16,32,2.95317259999066,-0.07309713856124521,6.191260521061627,2.5794396584148496,0.3737329415758108,0,0,10.975767355994321,23.976986886002123,0.23105780058540404
vidstg,screen_10,screen,steps,0.03,0.25,0.25,3,0.0625,32,16,32,2.4026426716936258,-0.34849856616555336,5.7063390332027755,2.239170037274558,0.16347263441906723,0,0,3.798033191007562,23.77103592187632,0.07347783993463963
vidstg,screen_11,screen,steps,0.03,0.25,0.25,5,0.0625,32,16,32,2.772953296226338,0.030146792002165336,5.80029259868568,2.5237619337150345,0.24919136251130375,0,0,5.6013505208538845,23.133584216353483,0.11718860524706542
vidstg,screen_12,screen,steps,0.03,0.25,0.25,20,0.0625,32,16,32,2.447517199854126,-0.1581677857291787,5.089759925807284,2.0742263965133048,0.37329080334082115,0,0,19.88125719386153,23.83802002365701,0.43285262444987893
vidstg,screen_13,screen,writeback,0.03,0.25,0.25,10,0.0,32,16,32,2.6153879273159983,-0.4797342463750093,5.900080444536512,2.6153879273159983,0.0,0,0,10.417709397152066,23.456820553634316,0.22289610968437046
vidstg,screen_14,screen,writeback,0.03,0.25,0.25,10,0.03125,32,16,32,2.7109263774192467,-0.4334519702138111,6.020534470796611,2.509484937636503,0.20144143978274373,0,0,10.281578030087985,24.14000251609832,0.2207605098374188
vidstg,screen_15,screen,writeback,0.03,0.25,0.25,10,0.125,32,16,32,2.981477168605013,-0.09499335220383068,6.170693993552343,2.385620686431438,0.595856482173575,0,0,10.345131305395626,23.53894803649746,0.2219558487413451
hc2,refine_00,refine,initial_incumbent,0.03,0.25,0.25,20,0.0625,32,32,64,2.0956355390359724,-0.29134589134036726,5.239602683887907,1.4529670819436495,0.6426684570923231,0,0,44.07733249140438,67.627098170924,1.1731024482287467
hc2,refine_01,refine,sigma,0.03,0.5,0.25,20,0.0625,32,32,64,-0.0757424772878002,-2.330281406125535,2.889565354484615,-0.4800087516750911,0.4042662743872907,0,0,44.03637102129869,67.05624277843162,1.210395532893017
hc2,refine_06,refine,lr,0.01,0.25,0.25,20,0.0625,32,32,64,1.9800343576318786,-0.22261204494179224,4.970353572339696,1.1745260336841752,0.8055083239477033,0,0,44.13042146433145,68.30172402656171,1.1766603792784736
hc2,refine_09,refine,sigma,0.03,0.1,0.25,20,0.0625,32,32,64,2.733574586161252,0.413888747297682,5.837005968272443,1.986675048067444,0.7468995380938079,0,0,43.9646594657097,68.27587038488127,1.1656825526151806
hc2,screen_00,screen,reference,0.03,0.25,0.25,10,0.0625,32,16,32,1.1240318019139877,-0.32405246577153674,2.75716723901842,0.8631044011669413,0.26092740074704646,0,0,11.433700483525172,36.34705888654571,0.3021636370103806
hc2,screen_01,screen,lr,0.001,0.25,0.25,10,0.0625,32,16,32,0.3065843509293709,0.006865373076382091,0.6179250011739217,0.2687455416621401,0.03783880926723078,0,0,11.504352330346592,36.581369781983085,0.3054913922678679
hc2,screen_02,screen,lr,0.003,0.25,0.25,10,0.0625,32,16,32,0.698761357004576,-0.2779780264487284,1.5888584506979977,0.5954101200288305,0.10335123697574539,0,0,12.654782637953758,38.446700285887346,0.31626282597426325
hc2,screen_03,screen,lr,0.01,0.25,0.25,10,0.0625,32,16,32,1.4600650091711405,0.2605769891519948,2.846573830654574,1.1976995859080302,0.2623654232631106,0,0,11.586451120791025,36.101715456927195,0.31216357788071036
hc2,screen_04,screen,lr,0.1,0.25,0.25,10,0.0625,32,16,32,-0.5003229191331073,-2.6510611359425638,1.599742142511783,0.4998259980821377,-1.0001489172152451,0,0,11.438037624931894,36.514185164822266,0.3072176263667643
hc2,screen_05,screen,sigma,0.03,0.1,0.25,10,0.0625,32,16,32,1.3009815747026037,0.07136219572028563,2.84670379524544,0.8009526137697089,0.5000289609328945,0,0,11.292745634098537,36.02957338024862,0.3040431342087686
hc2,screen_06,screen,sigma,0.03,0.5,0.25,10,0.0625,32,16,32,-1.091432487930476,-2.7331874643119836,0.38074944664738175,-1.1182546658139463,0.026822177883470452,0,0,11.44517872610595,36.05844117724337,0.3063372801989317
hc2,screen_07,screen,tau,0.03,0.25,0.1,10,0.0625,32,16,32,1.1587838451308543,-0.3239517705373344,2.8454268572525963,0.9252421728903617,0.23354167224049266,0,0,11.427183959516697,36.38475228718016,0.3041801566723734
hc2,screen_08,screen,tau,0.03,0.25,0.5,10,0.0625,32,16,32,0.8372576770194027,-0.6052078953096065,2.4798316570120233,0.5878257419246293,0.24943193509477318,0,0,11.397338012233377,36.02985295583494,0.30319800530560315
hc2,screen_09,screen,tau,0.03,0.25,1.0,10,0.0625,32,16,32,0.6414568391552248,-0.8134612752382293,2.3419877072340127,0.4066702630491828,0.234786576106042,0,0,11.4682600365486,36.45989302475937,0.3040028099203482
hc2,screen_10,screen,steps,0.03,0.25,0.25,3,0.0625,32,16,32,1.3168184852772569,-0.4209502948601829,2.9886689800807704,1.127069859721096,0.1897486255561606,0,0,4.002509842510335,36.43746495153755,0.09857802407350391
hc2,screen_11,screen,steps,0.03,0.25,0.25,5,0.0625,32,16,32,1.1873009143961264,0.14585592669124461,2.380112748073703,0.9563143688549602,0.2309865455411661,0,0,6.153055354603566,36.25389109412208,0.15897756884805858
hc2,screen_12,screen,steps,0.03,0.25,0.25,20,0.0625,32,16,32,1.8862601463429731,0.325624217508288,3.5977565747662497,1.809618003198489,0.0766421431444844,0,0,22.021759384078905,35.8015805039322,0.5924772638827562
hc2,screen_13,screen,writeback,0.03,0.25,0.25,10,0.0,32,16,32,0.9577955748325293,-0.6221569972065831,2.605778790734903,0.9577955748325293,0.0,0,0,11.427301326417364,36.62037413101643,0.30487112677656114
hc2,screen_14,screen,writeback,0.03,0.25,0.25,10,0.03125,32,16,32,0.9521910442553908,-0.47640598251609434,2.5358259877042726,0.7462003883278757,0.20599065592751517,0,0,11.4814936472103,36.44065369828604,0.30401303223334253
hc2,screen_15,screen,writeback,0.03,0.25,0.25,10,0.125,32,16,32,1.2182621062112982,0.04118232272501201,2.5432810836492523,1.0191775638616638,0.19908454234963419,0,0,11.400713581009768,36.522674061125144,0.3037445982918143
