parent,order,condition,arrival,expert_scheduled,updated,Frozen_m_tIoU,Frozen_m_vIoU,Frozen_sIoU_dense_GT,Frozen_vIoU@0.3,Frozen_vIoU@0.5,Ours_m_tIoU,Ours_m_vIoU,Ours_sIoU_dense_GT,Ours_vIoU@0.3,Ours_vIoU@0.5,delta_m_tIoU,delta_m_vIoU,delta_sIoU_dense_GT,delta_vIoU@0.3,delta_vIoU@0.5
2,order1,clean,0,True,True,0.31100478468899523,0.14707668065697144,0.4866781728755366,0.0,0.0,0.3827751196172249,0.17194835123657828,0.4866781728755366,0.0,0.0,0.07177033492822965,0.024871670579606847,0.0,0.0,0.0
0,order1,clean,1,False,False,0.3778801843317972,0.15685570836134016,0.36053351472703854,0.0,0.0,0.3778801843317972,0.1571058062225369,0.3610237743939592,0.0,0.0,0.0,0.0002500978611967297,0.0004902596669206782,0.0,0.0
25,order1,clean,2,False,False,0.6883116883116883,0.24601851112436565,0.30394630024207897,0.0,0.0,0.6883116883116883,0.24603320137526413,0.3039659834171588,0.0,0.0,0.0,1.4690250898480306e-05,1.9683175079832083e-05,0.0,0.0
22,order1,clean,3,False,False,0.24316939890710382,0.05866280380394877,0.3623146524359551,0.0,0.0,0.24316939890710382,0.05876961072237133,0.3625879561815629,0.0,0.0,0.0,0.00010680691842256118,0.00027330374560780024,0.0,0.0
27,order1,clean,4,True,True,0.7095588235294118,0.5475705511631078,0.762512214144856,1.0,1.0,0.32987012987012987,0.25920829569053344,0.762503321064981,0.0,0.0,-0.37968869365928193,-0.2883622554725744,-8.893079875060828e-06,-1.0,-1.0
31,order1,clean,5,False,False,0.8092105263157895,0.4974973179980646,0.6072341466982412,1.0,0.0,0.8092105263157895,0.49746059103839335,0.6071956723011664,1.0,0.0,0.0,-3.672695967127382e-05,-3.8474397074717004e-05,0.0,0.0
11,order1,clean,6,False,False,0.8641114982578397,0.26129458058630056,0.2969008799726667,0.0,0.0,0.8641114982578397,0.26120043120284525,0.29678865357274525,0.0,0.0,0.0,-9.414938345531088e-05,-0.00011222639992142236,0.0,0.0
30,order1,clean,7,False,False,0.723404255319149,0.5214905574670691,0.7213663069112217,1.0,1.0,0.723404255319149,0.52161002250197,0.7215290483283153,1.0,1.0,0.0,0.00011946503490090077,0.00016274141709360368,0.0,0.0
26,order1,clean,8,True,True,0.4473684210526316,0.1712275345400678,0.38544328852494425,0.0,0.0,0.4473684210526316,0.17100977230509015,0.38494079736719333,0.0,0.0,0.0,-0.00021776223497765868,-0.0005024911577509172,0.0,0.0
24,order1,clean,9,False,False,0.342911877394636,0.1443249080096127,0.4085156323768635,0.0,0.0,0.342911877394636,0.12378552950560781,0.36854823096109546,0.0,0.0,0.0,-0.02053937850400489,-0.039967401415768045,0.0,0.0
19,order1,clean,10,False,False,0.8327137546468402,0.14174345180272133,0.19025246822142405,0.0,0.0,0.8327137546468402,0.16545223168019482,0.2167318647743287,0.0,0.0,0.0,0.023708779877473496,0.026479396552904655,0.0,0.0
13,order1,clean,11,False,False,0.5476190476190477,0.3324740508966074,0.6075684753506353,1.0,0.0,0.5476190476190477,0.3325932535467376,0.6077859498820986,1.0,0.0,0.0,0.00011920265013015685,0.00021747453146325757,0.0,0.0
14,order1,clean,12,True,True,0.7444444444444445,0.4987267948120409,0.6706490503757583,1.0,0.0,0.6175115207373272,0.41367592587926805,0.670625173030034,1.0,0.0,-0.12693292370711728,-0.08505086893277286,-2.3877345724288013e-05,0.0,0.0
16,order1,clean,13,False,False,0.3333333333333333,0.15028470927788676,0.43601934667225783,0.0,0.0,0.3333333333333333,0.15037363336579435,0.4363306050308971,0.0,0.0,0.0,8.89240879075881e-05,0.0003112583586392659,0.0,0.0
17,order1,clean,14,False,False,0.4533678756476684,0.28337946606154363,0.6239088243286764,0.0,0.0,0.4533678756476684,0.28346137530713195,0.624088150080032,0.0,0.0,0.0,8.190924558831858e-05,0.0001793257513555968,0.0,0.0
23,order1,clean,15,False,False,0.5739514348785872,0.08059189121835764,0.13987788016059774,0.0,0.0,0.5739514348785872,0.07991940963078241,0.1387106994741166,0.0,0.0,0.0,-0.0006724815875752271,-0.0011671806864811396,0.0,0.0
29,order1,clean,16,True,True,0.4232209737827715,0.195601404845168,0.4581190797689461,0.0,0.0,0.3896551724137931,0.17901796230907227,0.4553965707862365,0.0,0.0,-0.03356580136897841,-0.016583442536095727,-0.0027225089827095927,0.0,0.0
9,order1,clean,17,False,False,0.0,0.0,0.6125485497808583,0.0,0.0,0.0,0.0,0.6131260999895417,0.0,0.0,0.0,0.0,0.0005775502086834416,0.0,0.0
5,order1,clean,18,False,False,0.46996466431095407,0.23134113063052913,0.4929934245523907,0.0,0.0,0.46996466431095407,0.2313543839789869,0.4930239661995113,0.0,0.0,0.0,1.32533484577535e-05,3.054164712057439e-05,0.0,0.0
8,order1,clean,19,False,False,0.8688046647230321,0.7397110385028338,0.8461453059239524,1.0,1.0,0.8688046647230321,0.7397116884589179,0.8461547203280196,1.0,1.0,0.0,6.499560840644847e-07,9.414404067209503e-06,0.0,0.0
28,order1,clean,20,True,True,0.5736040609137056,0.4088633076946691,0.7065444878583317,1.0,0.0,0.551219512195122,0.39288654637649495,0.7065065088349252,1.0,0.0,-0.02238454871858364,-0.01597676131817416,-3.797902340652026e-05,0.0,0.0
10,order1,clean,21,False,False,0.3598326359832636,0.27344619950691035,0.7454048498715581,0.0,0.0,0.3598326359832636,0.2734202989216544,0.7453316123109803,0.0,0.0,0.0,-2.5900585255922426e-05,-7.323756057775466e-05,0.0,0.0
21,order1,clean,22,False,False,0.8761329305135952,0.5793626088468448,0.6674389100440012,1.0,1.0,0.8761329305135952,0.5793907739303322,0.6674709083005865,1.0,1.0,0.0,2.8165083487463605e-05,3.19982565852861e-05,0.0,0.0
20,order1,clean,23,False,False,0.890295358649789,0.5375115740392151,0.6079372626469639,1.0,1.0,0.890295358649789,0.5374243591461464,0.6078317095979345,1.0,1.0,0.0,-8.72148930687322e-05,-0.00010555304902937213,0.0,0.0
1,order1,clean,24,True,True,0.6735537190082644,0.3786611889113303,0.5609866084369657,1.0,0.0,0.7520661157024794,0.42188045575346356,0.5608206616343406,1.0,0.0,0.07851239669421495,0.04321926684213323,-0.0001659468026250499,0.0,0.0
7,order1,clean,25,False,False,0.9824561403508771,0.6500312662099743,0.659733948183979,1.0,1.0,0.9824561403508771,0.6499369570274178,0.6596383463311805,1.0,1.0,0.0,-9.430918255648457e-05,-9.560185279855471e-05,0.0,0.0
12,order1,clean,26,False,False,0.8191489361702128,0.47028141604743257,0.5773505500069106,1.0,0.0,0.8191489361702128,0.47025345217464676,0.5773134511381764,1.0,0.0,0.0,-2.796387278580781e-05,-3.7098868734153356e-05,0.0,0.0
18,order1,clean,27,False,False,0.35435435435435436,0.2302637540100394,0.6628667253042259,0.0,0.0,0.35435435435435436,0.23033624713307269,0.6630873196797424,0.0,0.0,0.0,7.249312303328481e-05,0.00022059437551658068,0.0,0.0
3,order1,clean,28,True,True,0.5028901734104047,0.22054599635683567,0.4375278339843707,0.0,0.0,0.5337423312883436,0.23411384847848105,0.43759921482347974,0.0,0.0,0.030852157877938935,0.01356785212164538,7.138083910906978e-05,0.0,0.0
6,order1,clean,29,False,False,0.6896551724137931,0.2915769382409892,0.4225049643732611,0.0,0.0,0.6896551724137931,0.29184633080842914,0.4228940740194786,0.0,0.0,0.0,0.0002693925674399633,0.000389109646217467,0.0,0.0
15,order1,clean,30,False,False,0.28044280442804426,0.06828424480591606,0.217243209620191,0.0,0.0,0.28044280442804426,0.06815812927775998,0.21687988715852427,0.0,0.0,0.0,-0.0001261155281560844,-0.0003633224616667319,0.0,0.0
4,order1,clean,31,False,False,0.0,0.0,0.5067420498048043,0.0,0.0,0.0,0.0,0.5080285546214466,0.0,0.0,0.0,0.0,0.0012865048166422755,0.0,0.0
16,order2,clean,0,True,True,0.3333333333333333,0.15028470927788676,0.43601934667225783,0.0,0.0,0.3723958333333333,0.17435136044540903,0.43601934667225783,0.0,0.0,0.0390625,0.02406665116752227,0.0,0.0,0.0
2,order2,clean,1,False,False,0.31100478468899523,0.14707668065697144,0.4866781728755366,0.0,0.0,0.31100478468899523,0.1471377255662252,0.4869600588318288,0.0,0.0,0.0,6.104490925376571e-05,0.0002818859562921938,0.0,0.0
27,order2,clean,2,False,False,0.7095588235294118,0.5475705511631078,0.762512214144856,1.0,1.0,0.7095588235294118,0.5474945243235382,0.7624053193362446,1.0,1.0,0.0,-7.602683956964285e-05,-0.0001068948086114796,0.0,0.0
22,order2,clean,3,False,False,0.24316939890710382,0.05866280380394877,0.3623146524359551,0.0,0.0,0.24316939890710382,0.05871454254116188,0.36248141488823243,0.0,0.0,0.0,5.173873721311256e-05,0.00016676245227731368,0.0,0.0
23,order2,clean,4,True,False,0.5739514348785872,0.08059189121835764,0.13987788016059774,0.0,0.0,0.6132075471698113,0.08608853935589934,0.13985264630996674,0.0,0.0,0.039256112291224055,0.005496648137541707,-2.5233850630995702e-05,0.0,0.0
26,order2,clean,5,False,False,0.4473684210526316,0.1712275345400678,0.38544328852494425,0.0,0.0,0.4473684210526316,0.17121862059147602,0.3854186000492027,0.0,0.0,0.0,-8.913948591787735e-06,-2.4688475741552196e-05,0.0,0.0
15,order2,clean,6,False,False,0.28044280442804426,0.06828424480591606,0.217243209620191,0.0,0.0,0.28044280442804426,0.06827038138453256,0.21720679200998458,0.0,0.0,0.0,-1.3863421383500385e-05,-3.641761020642398e-05,0.0,0.0
12,order2,clean,7,False,False,0.8191489361702128,0.47028141604743257,0.5773505500069106,1.0,0.0,0.8191489361702128,0.4703086364130445,0.5773888287315609,1.0,0.0,0.0,2.722036561192409e-05,3.827872465034243e-05,0.0,0.0
5,order2,clean,8,True,True,0.46996466431095407,0.23134113063052913,0.4929934245523907,0.0,0.0,0.4276315789473684,0.2109411432032096,0.49307791038477966,0.0,0.0,-0.042333085363585654,-0.02039998742731952,8.448583238895857e-05,0.0,0.0
17,order2,clean,9,False,False,0.4533678756476684,0.28337946606154363,0.6239088243286764,0.0,0.0,0.4533678756476684,0.2834170003780731,0.6239913999857438,0.0,0.0,0.0,3.753431652947503e-05,8.257565706737413e-05,0.0,0.0
11,order2,clean,10,False,False,0.8641114982578397,0.26129458058630056,0.2969008799726667,0.0,0.0,0.8641114982578397,0.26146970249637097,0.29709914912397756,0.0,0.0,0.0,0.00017512191007040823,0.0001982691513108814,0.0,0.0
3,order2,clean,11,False,False,0.5028901734104047,0.22054599635683567,0.4375278339843707,0.0,0.0,0.5028901734104047,0.22052935568471665,0.43749387498555553,0.0,0.0,0.0,-1.6640672119011546e-05,-3.3958998815142305e-05,0.0,0.0
1,order2,clean,12,True,True,0.6735537190082644,0.3786611889113303,0.5609866084369657,1.0,0.0,0.7520661157024794,0.42200033382785707,0.5609816177866606,1.0,0.0,0.07851239669421495,0.04333914491652674,-4.990650305125577e-06,0.0,0.0
9,order2,clean,13,False,False,0.0,0.0,0.6125485497808583,0.0,0.0,0.0,0.0,0.6126023009931065,0.0,0.0,0.0,0.0,5.375121224826529e-05,0.0,0.0
14,order2,clean,14,False,False,0.7444444444444445,0.4987267948120409,0.6706490503757583,1.0,0.0,0.7444444444444445,0.49885590926680556,0.6708216845108312,1.0,0.0,0.0,0.0001291144547646561,0.00017263413507295766,0.0,0.0
31,order2,clean,15,False,False,0.8092105263157895,0.4974973179980646,0.6072341466982412,1.0,0.0,0.8092105263157895,0.4975653614180458,0.6073325826166248,1.0,0.0,0.0,6.804341998117858e-05,9.843591838365473e-05,0.0,0.0
20,order2,clean,16,True,True,0.890295358649789,0.5375115740392151,0.6079372626469639,1.0,1.0,0.8,0.48154720861520395,0.608156891935427,1.0,0.0,-0.09029535864978899,-0.055964365424011175,0.00021962928846308571,0.0,-1.0
0,order2,clean,17,False,False,0.3778801843317972,0.15685570836134016,0.36053351472703854,0.0,0.0,0.3778801843317972,0.15721839608362612,0.36131833212381453,0.0,0.0,0.0,0.0003626877222859537,0.0007848173967759942,0.0,0.0
24,order2,clean,18,False,False,0.342911877394636,0.1443249080096127,0.4085156323768635,0.0,0.0,0.342911877394636,0.14278852791800237,0.40552461252535454,0.0,0.0,0.0,-0.0015363800916103343,-0.002991019851508958,0.0,0.0
6,order2,clean,19,False,False,0.6896551724137931,0.2915769382409892,0.4225049643732611,0.0,0.0,0.6896551724137931,0.2917382375613737,0.42273781213643846,0.0,0.0,0.0,0.00016129932038450034,0.00023284776317733513,0.0,0.0
4,order2,clean,20,True,True,0.0,0.0,0.5067420498048043,0.0,0.0,0.0,0.0,0.5070328565343032,0.0,0.0,0.0,0.0,0.00029080672949888253,0.0,0.0
28,order2,clean,21,False,False,0.5736040609137056,0.4088633076946691,0.7065444878583317,1.0,0.0,0.5736040609137056,0.40895068631812115,0.7066954842514901,1.0,0.0,0.0,8.737862345203906e-05,0.00015099639315840907,0.0,0.0
30,order2,clean,22,False,False,0.723404255319149,0.5214905574670691,0.7213663069112217,1.0,1.0,0.723404255319149,0.5214075691062597,0.7212526770155192,1.0,1.0,0.0,-8.298836080933292e-05,-0.00011362989570251614,0.0,0.0
25,order2,clean,23,False,False,0.6883116883116883,0.24601851112436565,0.30394630024207897,0.0,0.0,0.6883116883116883,0.24632977139346332,0.3042997776982489,0.0,0.0,0.0,0.00031126026909766846,0.0003534774561699261,0.0,0.0
29,order2,clean,24,True,True,0.4232209737827715,0.195601404845168,0.4581190797689461,0.0,0.0,0.3896551724137931,0.17970362676542984,0.4571408049296022,0.0,0.0,-0.03356580136897841,-0.015897778079738162,-0.000978274839343929,0.0,0.0
21,order2,clean,25,False,False,0.8761329305135952,0.5793626088468448,0.6674389100440012,1.0,1.0,0.8761329305135952,0.5795030585422648,0.6676062009861867,1.0,1.0,0.0,0.00014044969542004182,0.0001672909421854829,0.0,0.0
19,order2,clean,26,False,False,0.8327137546468402,0.14174345180272133,0.19025246822142405,0.0,0.0,0.8327137546468402,0.1467582851137469,0.196213552149396,0.0,0.0,0.0,0.005014833311025563,0.005961083927971955,0.0,0.0
18,order2,clean,27,False,False,0.35435435435435436,0.2302637540100394,0.6628667253042259,0.0,0.0,0.35435435435435436,0.23053836209503642,0.6635116201078576,0.0,0.0,0.0,0.00027460808499701894,0.0006448948036317237,0.0,0.0
8,order2,clean,28,True,True,0.8688046647230321,0.7397110385028338,0.8461453059239524,1.0,1.0,0.9825072886297376,0.8319520082012698,0.8460913509115331,1.0,1.0,0.11370262390670549,0.09224096969843598,-5.3955012419337756e-05,0.0,0.0
7,order2,clean,29,False,False,0.9824561403508771,0.6500312662099743,0.659733948183979,1.0,1.0,0.9824561403508771,0.6500859889042949,0.6597875412922792,1.0,1.0,0.0,5.4722694320608056e-05,5.359310830022057e-05,0.0,0.0
10,order2,clean,30,False,False,0.3598326359832636,0.27344619950691035,0.7454048498715581,0.0,0.0,0.3598326359832636,0.2735224365180093,0.7456199400207845,0.0,0.0,0.0,7.62370110989341e-05,0.00021509014922638237,0.0,0.0
13,order2,clean,31,False,False,0.5476190476190477,0.3324740508966074,0.6075684753506353,1.0,0.0,0.5476190476190477,0.3327734251540921,0.6081142640924693,1.0,0.0,0.0,0.0002993742574846636,0.0005457887418339746,0.0,0.0
2,order1,frame_drop_5,0,True,True,0.16129032258064516,0.0762338369190863,0.40703294050968297,0.0,0.0,0.2995391705069124,0.1103401371744706,0.40703294050968297,0.0,0.0,0.13824884792626727,0.03410630025538429,0.0,0.0,0.0
0,order1,frame_drop_5,1,False,False,0.3778801843317972,0.15890601317388925,0.3642695489399771,0.0,0.0,0.3778801843317972,0.15945363385401468,0.3653327490959341,0.0,0.0,0.0,0.0005476206801254269,0.0010632001559570115,0.0,0.0
25,order1,frame_drop_5,2,False,False,0.6883116883116883,0.24603586560282925,0.3039270654357781,0.0,0.0,0.6883116883116883,0.2460856220547185,0.3039876014235497,0.0,0.0,0.0,4.9756451889260145e-05,6.053598777161495e-05,0.0,0.0
22,order1,frame_drop_5,3,False,False,0.24316939890710382,0.07583386158724723,0.4018888250605136,0.0,0.0,0.24316939890710382,0.07585097486249553,0.40184076749224945,0.0,0.0,0.0,1.7113275248309412e-05,-4.80575682641482e-05,0.0,0.0
27,order1,frame_drop_5,4,True,True,0.875,0.6090937060226317,0.7012763158997896,1.0,1.0,0.8346774193548387,0.5796222018838769,0.7012575142065757,1.0,1.0,-0.040322580645161255,-0.029471504138754767,-1.8801693213887916e-05,0.0,0.0
31,order1,frame_drop_5,5,False,False,0.6885964912280702,0.42627717963211853,0.5900949082643167,1.0,0.0,0.6885964912280702,0.4262379209299993,0.590041240463052,1.0,0.0,0.0,-3.92587021192381e-05,-5.366780126470072e-05,0.0,0.0
11,order1,frame_drop_5,6,False,False,0.7013698630136986,0.2163962010534688,0.30399959459772175,0.0,0.0,0.7013698630136986,0.21634049547165432,0.30391843280657915,0.0,0.0,0.0,-5.5705581814474714e-05,-8.116179114259214e-05,0.0,0.0
30,order1,frame_drop_5,7,False,False,0.8242424242424242,0.5939353976861155,0.7210677287253376,1.0,1.0,0.8242424242424242,0.5940405747711959,0.721193011947332,1.0,1.0,0.0,0.00010517708508039902,0.00012528322199434339,0.0,0.0
26,order1,frame_drop_5,8,True,True,0.4473684210526316,0.23801653615873808,0.5348801627145893,0.0,0.0,0.4272300469483568,0.2466443973113825,0.527838571535617,0.0,0.0,-0.02013837410427477,0.008627861152644412,-0.007041591178972295,0.0,0.0
24,order1,frame_drop_5,9,False,False,0.30842911877394635,0.1455650779386745,0.40757924144314517,0.0,0.0,0.30842911877394635,0.12319736236902985,0.36440520152195865,0.0,0.0,0.0,-0.022367715569644633,-0.04317403992118651,0.0,0.0
19,order1,frame_drop_5,10,False,False,0.8853754940711462,0.10690844009771305,0.13505751302226854,0.0,0.0,0.8853754940711462,0.20675497940780427,0.24757038802340173,0.0,0.0,0.0,0.09984653931009121,0.11251287500113319,0.0,0.0
13,order1,frame_drop_5,11,False,False,0.5476190476190477,0.3325030864205823,0.6076202126794175,1.0,0.0,0.5476190476190477,0.3326362689047264,0.6078632961934803,1.0,0.0,0.0,0.00013318248414412315,0.00024308351406288065,0.0,0.0
14,order1,frame_drop_5,12,True,True,0.7486033519553073,0.46052301812318025,0.6120120111910468,1.0,0.0,0.7928994082840237,0.48765682007193206,0.6118590646365653,1.0,0.0,0.04429605632871647,0.027133801948751812,-0.0001529465544815034,0.0,0.0
16,order1,frame_drop_5,13,False,False,0.3803191489361702,0.17874414097171398,0.4371062641224091,0.0,0.0,0.3803191489361702,0.17896018289106927,0.437537249503273,0.0,0.0,0.0,0.0002160419193552865,0.0004309853808638908,0.0,0.0
17,order1,frame_drop_5,14,False,False,0.4533678756476684,0.28336562624929135,0.6238783541146361,0.0,0.0,0.4533678756476684,0.2834606746620346,0.624086560843994,0.0,0.0,0.0,9.504841274327047e-05,0.00020820672935795148,0.0,0.0
23,order1,frame_drop_5,15,False,False,0.8538205980066446,0.11100462006232936,0.13153902870534978,0.0,0.0,0.8538205980066446,0.1100311628141211,0.13017126537663343,0.0,0.0,0.0,-0.0009734572482082565,-0.0013677633287163538,0.0,0.0
29,order1,frame_drop_5,16,True,True,0.4232209737827715,0.19522018981378295,0.45722623403754425,0.0,0.0,0.3992932862190813,0.18284732596151096,0.45391046707989124,0.0,0.0,-0.023927687563690236,-0.012372863852271987,-0.00331576695765301,0.0,0.0
9,order1,frame_drop_5,17,False,False,0.0,0.0,0.6131255078721807,0.0,0.0,0.0,0.0,0.6138730149015109,0.0,0.0,0.0,0.0,0.000747507029330241,0.0,0.0
5,order1,frame_drop_5,18,False,False,0.46996466431095407,0.23138993721420115,0.4930955285563311,0.0,0.0,0.46996466431095407,0.2314105618101485,0.4931426755654583,0.0,0.0,0.0,2.0624595947343893e-05,4.714700912722414e-05,0.0,0.0
8,order1,frame_drop_5,19,False,False,0.7551020408163265,0.6556144707260723,0.8404679870338276,1.0,1.0,0.7551020408163265,0.6555923253555247,0.8404856957803435,1.0,1.0,0.0,-2.2145370547566046e-05,1.77087465158543e-05,0.0,0.0
28,order1,frame_drop_5,20,True,True,0.6243093922651933,0.44638723167344463,0.7087376222183639,1.0,0.0,0.653179190751445,0.46701421607418525,0.7087145559722285,1.0,0.0,0.028869798486251708,0.020626984400740622,-2.3066246135350355e-05,0.0,0.0
10,order1,frame_drop_5,21,False,False,0.3598326359832636,0.2731953516105475,0.7446906062152817,0.0,0.0,0.3598326359832636,0.27326862675132907,0.7448998656754888,0.0,0.0,0.0,7.327514078159236e-05,0.00020925946020711184,0.0,0.0
21,order1,frame_drop_5,22,False,False,0.8664688427299704,0.5702289939048136,0.6686215232174779,1.0,1.0,0.8664688427299704,0.5705272009903096,0.6689549877267918,1.0,1.0,0.0,0.00029820708549599395,0.0003334645093139299,0.0,0.0
20,order1,frame_drop_5,23,False,False,0.890295358649789,0.5375069064196796,0.607930742427402,1.0,1.0,0.890295358649789,0.5375870583428171,0.6080095894799201,1.0,1.0,0.0,8.015192313748365e-05,7.88470525181495e-05,0.0,0.0
1,order1,frame_drop_5,24,True,True,0.6735537190082644,0.3784654263561456,0.5606758420293272,1.0,0.0,0.7520661157024794,0.42158882442926177,0.560429552255791,1.0,0.0,0.07851239669421495,0.04312339807311616,-0.0002462897735361347,0.0,0.0
7,order1,frame_drop_5,25,False,False,0.9619883040935673,0.6386943437695298,0.6594288797398109,1.0,1.0,0.9619883040935673,0.6386299229863216,0.659359590588498,1.0,1.0,0.0,-6.442078320822997e-05,-6.928915131287905e-05,0.0,0.0
12,order1,frame_drop_5,26,False,False,0.8191489361702128,0.47016356583827695,0.5772640191740749,1.0,0.0,0.8191489361702128,0.4701880776198635,0.5773234843620769,1.0,0.0,0.0,2.4511781586522563e-05,5.946518800203915e-05,0.0,0.0
18,order1,frame_drop_5,27,False,False,0.25,0.13706304984545212,0.6315322591269222,0.0,0.0,0.25,0.13714587834148395,0.63183658179168,0.0,0.0,0.0,8.282849603183373e-05,0.00030432266475777237,0.0,0.0
3,order1,frame_drop_5,28,True,True,0.5028901734104047,0.2205204570121592,0.4374774282376588,0.0,0.0,0.5337423312883436,0.23405492217449037,0.437487867426721,0.0,0.0,0.030852157877938935,0.013534465162331172,1.0439189062239063e-05,0.0,0.0
6,order1,frame_drop_5,29,False,False,0.6896551724137931,0.29161839625014774,0.42256656395361464,0.0,0.0,0.6896551724137931,0.2920793907938788,0.42323172464746867,0.0,0.0,0.0,0.00046099454373105253,0.0006651606938540278,0.0,0.0
15,order1,frame_drop_5,30,False,False,0.28044280442804426,0.06838345772354762,0.21753269732851452,0.0,0.0,0.28044280442804426,0.06817713003437331,0.2169373123566033,0.0,0.0,0.0,-0.0002063276891743071,-0.0005953849719112225,0.0,0.0
4,order1,frame_drop_5,31,False,False,0.0,0.0,0.5070704046938872,0.0,0.0,0.0,0.0,0.5093159935282668,0.0,0.0,0.0,0.0,0.0022455888343796415,0.0,0.0
16,order2,frame_drop_5,0,True,True,0.3803191489361702,0.17874414097171398,0.4371062641224091,0.0,0.0,0.41032608695652173,0.19472829767177785,0.4371062641224091,0.0,0.0,0.030006938020351537,0.015984156700063867,0.0,0.0,0.0
2,order2,frame_drop_5,1,False,False,0.16129032258064516,0.0762338369190863,0.40703294050968297,0.0,0.0,0.16129032258064516,0.07627095909038922,0.4070023363133452,0.0,0.0,0.0,3.712217130291684e-05,-3.060419633776901e-05,0.0,0.0
27,order2,frame_drop_5,2,False,False,0.875,0.6090937060226317,0.7012763158997896,1.0,1.0,0.875,0.6090138910406233,0.7011849175529116,1.0,1.0,0.0,-7.981498200837489e-05,-9.139834687799109e-05,0.0,0.0
22,order2,frame_drop_5,3,False,False,0.24316939890710382,0.07583386158724723,0.4018888250605136,0.0,0.0,0.24316939890710382,0.07585169323283024,0.40194317240132266,0.0,0.0,0.0,1.7831645583013533e-05,5.434734080905779e-05,0.0,0.0
23,order2,frame_drop_5,4,True,False,0.8538205980066446,0.11100462006232936,0.13153902870534978,0.0,0.0,0.8280254777070064,0.10929884424143702,0.13149362870425757,0.0,0.0,-0.025795120299638152,-0.0017057758208923468,-4.540000109221065e-05,0.0,0.0
26,order2,frame_drop_5,5,False,False,0.4473684210526316,0.23801653615873808,0.5348801627145893,0.0,0.0,0.4473684210526316,0.2373907598374366,0.5334747907939624,0.0,0.0,0.0,-0.00062577632130148,-0.0014053719206268411,0.0,0.0
15,order2,frame_drop_5,6,False,False,0.28044280442804426,0.06838345772354762,0.21753269732851452,0.0,0.0,0.28044280442804426,0.06836910006474516,0.21749501381429895,0.0,0.0,0.0,-1.4357658802463535e-05,-3.768351421556959e-05,0.0,0.0
12,order2,frame_drop_5,7,False,False,0.8191489361702128,0.47016356583827695,0.5772640191740749,1.0,0.0,0.8191489361702128,0.47019022994156273,0.5773011381590916,1.0,0.0,0.0,2.6664103285778396e-05,3.711898501668198e-05,0.0,0.0
5,order2,frame_drop_5,8,True,True,0.46996466431095407,0.23138993721420115,0.4930955285563311,0.0,0.0,0.415625,0.20466854087735237,0.4931762315904683,0.0,0.0,-0.05433966431095405,-0.02672139633684878,8.070303413720836e-05,0.0,0.0
17,order2,frame_drop_5,9,False,False,0.4533678756476684,0.28336562624929135,0.6238783541146361,0.0,0.0,0.4533678756476684,0.2834075934871296,0.6239706290889979,0.0,0.0,0.0,4.196723783828071e-05,9.227497436181675e-05,0.0,0.0
11,order2,frame_drop_5,10,False,False,0.7013698630136986,0.2163962010534688,0.30399959459772175,0.0,0.0,0.7013698630136986,0.21649041819347925,0.3041333162410365,0.0,0.0,0.0,9.421714001045522e-05,0.00013372164331476588,0.0,0.0
3,order2,frame_drop_5,11,False,False,0.5028901734104047,0.2205204570121592,0.4374774282376588,0.0,0.0,0.5028901734104047,0.22050620643264884,0.4374482953342906,0.0,0.0,0.0,-1.4250579510349803e-05,-2.9132903368200846e-05,0.0,0.0
1,order2,frame_drop_5,12,True,True,0.6735537190082644,0.3784654263561456,0.5606758420293272,1.0,0.0,0.7520661157024794,0.42176452950929705,0.5606668085676241,1.0,0.0,0.07851239669421495,0.04329910315315144,-9.033461703111811e-06,0.0,0.0
9,order2,frame_drop_5,13,False,False,0.0,0.0,0.6131255078721807,0.0,0.0,0.0,0.0,0.61319925773528,0.0,0.0,0.0,0.0,7.374986309927056e-05,0.0,0.0
14,order2,frame_drop_5,14,False,False,0.7486033519553073,0.46052301812318025,0.6120120111910468,1.0,0.0,0.7486033519553073,0.4606065894927679,0.6121213452779224,1.0,0.0,0.0,8.357136958764277e-05,0.00010933408687563428,0.0,0.0
31,order2,frame_drop_5,15,False,False,0.6885964912280702,0.42627717963211853,0.5900949082643167,1.0,0.0,0.6885964912280702,0.4263371860475609,0.5901811851578994,1.0,0.0,0.0,6.0006415442348526e-05,8.627689358275958e-05,0.0,0.0
20,order2,frame_drop_5,16,True,True,0.890295358649789,0.5375069064196796,0.607930742427402,1.0,1.0,0.8,0.48154015353549684,0.6081411938308641,1.0,0.0,-0.09029535864978899,-0.055966752884182736,0.00021045140346209745,0.0,-1.0
0,order2,frame_drop_5,17,False,False,0.3778801843317972,0.15890601317388925,0.3642695489399771,0.0,0.0,0.3778801843317972,0.1593830202597035,0.36526341762213194,0.0,0.0,0.0,0.0004770070858142461,0.0009938686821548415,0.0,0.0
24,order2,frame_drop_5,18,False,False,0.30842911877394635,0.1455650779386745,0.40757924144314517,0.0,0.0,0.30842911877394635,0.14499719585795565,0.40652959538020494,0.0,0.0,0.0,-0.0005678820807188401,-0.0010496460629402238,0.0,0.0
6,order2,frame_drop_5,19,False,False,0.6896551724137931,0.29161839625014774,0.42256656395361464,0.0,0.0,0.6896551724137931,0.2917808670268782,0.4228012653492293,0.0,0.0,0.0,0.00016247077673048338,0.00023470139561465597,0.0,0.0
4,order2,frame_drop_5,20,True,True,0.0,0.0,0.5070704046938872,0.0,0.0,0.0,0.0,0.507417781989753,0.0,0.0,0.0,0.0,0.0003473772958657584,0.0,0.0
28,order2,frame_drop_5,21,False,False,0.6243093922651933,0.44638723167344463,0.7087376222183639,1.0,0.0,0.6243093922651933,0.4464900929076555,0.7089009369849618,1.0,0.0,0.0,0.00010286123421088256,0.00016331476659792177,0.0,0.0
30,order2,frame_drop_5,22,False,False,0.8242424242424242,0.5939353976861155,0.7210677287253376,1.0,1.0,0.8242424242424242,0.5938467770754111,0.7209618819839276,1.0,1.0,0.0,-8.862061070435967e-05,-0.00010584674141000949,0.0,0.0
25,order2,frame_drop_5,23,False,False,0.6883116883116883,0.24603586560282925,0.3039270654357781,0.0,0.0,0.6883116883116883,0.24628002325690793,0.304200919943567,0.0,0.0,0.0,0.00024415765407867496,0.00027385450778893983,0.0,0.0
29,order2,frame_drop_5,24,True,True,0.4232209737827715,0.19522018981378295,0.45722623403754425,0.0,0.0,0.3992932862190813,0.18405365428529238,0.4569051242345416,0.0,0.0,-0.023927687563690236,-0.011166535528490562,-0.00032110980300265046,0.0,0.0
21,order2,frame_drop_5,25,False,False,0.8664688427299704,0.5702289939048136,0.6686215232174779,1.0,1.0,0.8664688427299704,0.5704266551014859,0.6688569819140706,1.0,1.0,0.0,0.0001976611966723052,0.00023545869659269414,0.0,0.0
19,order2,frame_drop_5,26,False,False,0.8853754940711462,0.10690844009771305,0.13505751302226854,0.0,0.0,0.8853754940711462,0.11417504265925965,0.14360184469787537,0.0,0.0,0.0,0.007266602561546598,0.008544331675606837,0.0,0.0
18,order2,frame_drop_5,27,False,False,0.25,0.13706304984545212,0.6315322591269222,0.0,0.0,0.25,0.13717838205452842,0.631920614051526,0.0,0.0,0.0,0.00011533220907630759,0.0003883549246037621,0.0,0.0
8,order2,frame_drop_5,28,True,True,0.7551020408163265,0.6556144707260723,0.8404679870338276,1.0,1.0,0.9770114942528736,0.8210857670482459,0.8404268127056065,1.0,1.0,0.2219094534365471,0.1654712963221736,-4.1174328221149636e-05,0.0,0.0
7,order2,frame_drop_5,29,False,False,0.9619883040935673,0.6386943437695298,0.6594288797398109,1.0,1.0,0.9619883040935673,0.6387614332501497,0.6594972181713479,1.0,1.0,0.0,6.708948061984188e-05,6.833843153697394e-05,0.0,0.0
10,order2,frame_drop_5,30,False,False,0.3598326359832636,0.2731953516105475,0.7446906062152817,0.0,0.0,0.3598326359832636,0.2732848849064255,0.7449430891713388,0.0,0.0,0.0,8.953329587801928e-05,0.00025248295605706517,0.0,0.0
13,order2,frame_drop_5,31,False,False,0.5476190476190477,0.3325030864205823,0.6076202126794175,1.0,0.0,0.5476190476190477,0.33274134533846816,0.6080545992354794,1.0,0.0,0.0,0.00023825891788586961,0.00043438655606198306,0.0,0.0
2,order1,frame_freeze_5,0,True,True,0.31100478468899523,0.1639435272913389,0.5275171727517819,0.0,0.0,0.3686635944700461,0.18347001320842907,0.5275171727517819,0.0,0.0,0.05765880978105087,0.019526485917090164,0.0,0.0,0.0
0,order1,frame_freeze_5,1,False,False,0.3778801843317972,0.1596999418603052,0.36561842012911083,0.0,0.0,0.3778801843317972,0.15995033834383204,0.3661279785685818,0.0,0.0,0.0,0.0002503964835268435,0.0005095584394709807,0.0,0.0
25,order1,frame_freeze_5,2,False,False,0.6883116883116883,0.24585118600572545,0.3037689752504514,0.0,0.0,0.6883116883116883,0.24589185800642335,0.3038160050308554,0.0,0.0,0.0,4.067200069790555e-05,4.7029780403995414e-05,0.0,0.0
22,order1,frame_freeze_5,3,False,False,0.2870967741935484,0.062141512570560616,0.343538704337923,0.0,0.0,0.2870967741935484,0.0621582344417187,0.3435571772987189,0.0,0.0,0.0,1.672187115808743e-05,1.84729607958789e-05,0.0,0.0
27,order1,frame_freeze_5,4,True,True,0.7426470588235294,0.572076449678192,0.7624121121410135,1.0,1.0,0.32987012987012987,0.2591149706159517,0.7623684101511693,0.0,0.0,-0.41277692895339957,-0.31296147906224037,-4.3701989844158184e-05,-1.0,-1.0
31,order1,frame_freeze_5,5,False,False,0.8092105263157895,0.4959836411716701,0.6053587859199269,1.0,0.0,0.8092105263157895,0.4959563041344999,0.605330379987685,1.0,0.0,0.0,-2.7337037170171996e-05,-2.8405932241848397e-05,0.0,0.0
11,order1,frame_freeze_5,6,False,False,0.8641114982578397,0.2566516637114454,0.291844899158529,0.0,0.0,0.8641114982578397,0.25658872806955624,0.291768041746523,0.0,0.0,0.0,-6.293564188913914e-05,-7.685741200602614e-05,0.0,0.0
30,order1,frame_freeze_5,7,False,False,0.723404255319149,0.521117011093551,0.7208532522901288,1.0,1.0,0.723404255319149,0.5212010381366206,0.72096747436264,1.0,1.0,0.0,8.402704306953446e-05,0.00011422207251121641,0.0,0.0
26,order1,frame_freeze_5,8,True,True,0.40476190476190477,0.19864228805547357,0.49325718751564607,0.0,0.0,0.4272300469483568,0.22711857182265985,0.48873270245590283,0.0,0.0,0.022468142186452045,0.028476283767186278,-0.004524485059743233,0.0,0.0
24,order1,frame_freeze_5,9,False,False,0.342911877394636,0.16276372725733107,0.4443086148582263,0.0,0.0,0.342911877394636,0.1370613010028159,0.3942118249053736,0.0,0.0,0.0,-0.02570242625451516,-0.050096789952852716,0.0,0.0
19,order1,frame_freeze_5,10,False,False,0.8115942028985508,0.2649828569697214,0.36288885632048024,0.0,0.0,0.8115942028985508,0.3753098271207858,0.48580266208346373,1.0,0.0,0.0,0.11032697015106441,0.1229138057629835,1.0,0.0
13,order1,frame_freeze_5,11,False,False,0.5476190476190477,0.332491927571699,0.6076017678560522,1.0,0.0,0.5476190476190477,0.33258845282678806,0.6077779217011284,1.0,0.0,0.0,9.652525508907495e-05,0.00017615384507618792,0.0,0.0
14,order1,frame_freeze_5,12,True,True,0.7175141242937854,0.4901025091781612,0.6776527030189392,1.0,0.0,0.6175115207373272,0.4190502415489785,0.6776786394220287,1.0,0.0,-0.10000260355645818,-0.07105226762918271,2.5936403089454885e-05,0.0,0.0
16,order1,frame_freeze_5,13,False,False,0.3515625,0.16187544240107257,0.4362678391162366,0.0,0.0,0.3515625,0.16199879297015393,0.4365799569412595,0.0,0.0,0.0,0.00012335056908135966,0.000312117825022884,0.0,0.0
17,order1,frame_freeze_5,14,False,False,0.4533678756476684,0.2833583999428657,0.623862483473101,0.0,0.0,0.4533678756476684,0.2834262599886903,0.6240111423283383,0.0,0.0,0.0,6.786004582459704e-05,0.0001486588552372936,0.0,0.0
23,order1,frame_freeze_5,15,False,False,0.6753246753246753,0.08705461227666514,0.12841389167247538,0.0,0.0,0.6753246753246753,0.08665691360739003,0.12782724804155235,0.0,0.0,0.0,-0.00039769866927510944,-0.0005866436309230338,0.0,0.0
29,order1,frame_freeze_5,16,True,True,0.4232209737827715,0.1953206140445359,0.45746143815693935,0.0,0.0,0.3896551724137931,0.17875395588603932,0.4547249754995737,0.0,0.0,-0.03356580136897841,-0.01656665815849659,-0.002736462657365657,0.0,0.0
9,order1,frame_freeze_5,17,False,False,0.0,0.0,0.612268187570436,0.0,0.0,0.0,0.0,0.6129153183516989,0.0,0.0,0.0,0.0,0.0006471307812628835,0.0,0.0
5,order1,frame_freeze_5,18,False,False,0.46996466431095407,0.2313203456114809,0.4929476174520814,0.0,0.0,0.46996466431095407,0.23134712940677662,0.4930074399497898,0.0,0.0,0.0,2.6783795295720614e-05,5.982249770841719e-05,0.0,0.0
8,order1,frame_freeze_5,19,False,False,0.8250728862973761,0.7034662202805724,0.8421541245045336,1.0,1.0,0.8250728862973761,0.7034577206684445,0.8421477082480814,1.0,1.0,0.0,-8.49961212789907e-06,-6.416256452257407e-06,0.0,0.0
28,order1,frame_freeze_5,20,True,True,0.6243093922651933,0.4459811433060172,0.7080928678806062,1.0,0.0,0.5736040609137056,0.40976034402635425,0.7080946295894016,1.0,0.0,-0.05070533135148769,-0.03622079927966293,1.7617087954002741e-06,0.0,0.0
10,order1,frame_freeze_5,21,False,False,0.3598326359832636,0.2735000943187468,0.7455930877033802,0.0,0.0,0.3598326359832636,0.2735149946727585,0.7456360003654616,0.0,0.0,0.0,1.4900354011748718e-05,4.291266208145128e-05,0.0,0.0
21,order1,frame_freeze_5,22,False,False,0.8761329305135952,0.5775946060181623,0.6656001115887156,1.0,1.0,0.8761329305135952,0.5776738364733177,0.6656884882235553,1.0,1.0,0.0,7.923045515545457e-05,8.837663483973746e-05,0.0,0.0
20,order1,frame_freeze_5,23,False,False,0.890295358649789,0.5375113811812107,0.6079339596420577,1.0,1.0,0.890295358649789,0.537538785947758,0.6079574408430252,1.0,1.0,0.0,2.7404766547278747e-05,2.3481200967512272e-05,0.0,0.0
1,order1,frame_freeze_5,24,True,True,0.6735537190082644,0.37859689257930884,0.5608894021713628,1.0,0.0,0.7520661157024794,0.42180787176116463,0.5607228856578744,1.0,0.0,0.07851239669421495,0.04321097918185579,-0.0001665165134884239,0.0,0.0
7,order1,frame_freeze_5,25,False,False,0.9619883040935673,0.6387705328137138,0.6593395375818826,1.0,1.0,0.9619883040935673,0.6387120524746426,0.6592766875582328,1.0,1.0,0.0,-5.848033907118744e-05,-6.285002364980752e-05,0.0,0.0
12,order1,frame_freeze_5,26,False,False,0.8191489361702128,0.47029432563005646,0.5773652785593338,1.0,0.0,0.8191489361702128,0.4702961219584113,0.577372406586273,1.0,0.0,0.0,1.7963283548416697e-06,7.128026939140497e-06,0.0,0.0
18,order1,frame_freeze_5,27,False,False,0.35435435435435436,0.2272026176703734,0.6567206383921249,0.0,0.0,0.35435435435435436,0.22728574055248305,0.6569518229159408,0.0,0.0,0.0,8.312288210965413e-05,0.00023118452381587495,0.0,0.0
3,order1,frame_freeze_5,28,True,True,0.5028901734104047,0.22055897919108788,0.437553035689823,0.0,0.0,0.5337423312883436,0.2341241178930417,0.4376170250568062,0.0,0.0,0.030852157877938935,0.013565138701953805,6.398936698320812e-05,0.0,0.0
6,order1,frame_freeze_5,29,False,False,0.6896551724137931,0.2915856773072253,0.422518223382275,0.0,0.0,0.6896551724137931,0.2919259921977402,0.4230094562732445,0.0,0.0,0.0,0.0003403148905148923,0.000491232890969473,0.0,0.0
15,order1,frame_freeze_5,30,False,False,0.28044280442804426,0.06828527285685666,0.2172473885299703,0.0,0.0,0.28044280442804426,0.06813899227231685,0.21682562699081,0.0,0.0,0.0,-0.00014628058453981796,-0.00042176153916029246,0.0,0.0
4,order1,frame_freeze_5,31,False,False,0.0,0.0,0.5072973995703055,0.0,0.0,0.0,0.0,0.5086838573434979,0.0,0.0,0.0,0.0,0.001386457773192351,0.0,0.0
16,order2,frame_freeze_5,0,True,True,0.3515625,0.16187544240107257,0.4362678391162366,0.0,0.0,0.3803191489361702,0.17823281925139112,0.4362678391162366,0.0,0.0,0.028756648936170193,0.016357376850318545,0.0,0.0,0.0
2,order2,frame_freeze_5,1,False,False,0.31100478468899523,0.1639435272913389,0.5275171727517819,0.0,0.0,0.31100478468899523,0.1639704396583787,0.5275490828881152,0.0,0.0,0.0,2.6912367039805263e-05,3.1910136333301864e-05,0.0,0.0
27,order2,frame_freeze_5,2,False,False,0.7426470588235294,0.572076449678192,0.7624121121410135,1.0,1.0,0.7426470588235294,0.5719963021204624,0.7623044146710704,1.0,1.0,0.0,-8.014755772967064e-05,-0.00010769746994310214,0.0,0.0
22,order2,frame_freeze_5,3,False,False,0.2870967741935484,0.062141512570560616,0.343538704337923,0.0,0.0,0.2870967741935484,0.06216293384005652,0.3436038526992505,0.0,0.0,0.0,2.1421269495905393e-05,6.51483613274828e-05,0.0,0.0
23,order2,frame_freeze_5,4,True,False,0.6753246753246753,0.08705461227666514,0.12841389167247538,0.0,0.0,0.5739514348785872,0.07397457869252583,0.1283926595697862,0.0,0.0,-0.10137324044608809,-0.013080033584139311,-2.123210268917264e-05,0.0,0.0
26,order2,frame_freeze_5,5,False,False,0.40476190476190477,0.19864228805547357,0.49325718751564607,0.0,0.0,0.40476190476190477,0.19843597757916887,0.4927381425144463,0.0,0.0,0.0,-0.00020631047630470523,-0.0005190450011997583,0.0,0.0
15,order2,frame_freeze_5,6,False,False,0.28044280442804426,0.06828527285685666,0.2172473885299703,0.0,0.0,0.28044280442804426,0.06827121705939154,0.21721036516802972,0.0,0.0,0.0,-1.4055797465120645e-05,-3.702336194058575e-05,0.0,0.0
12,order2,frame_freeze_5,7,False,False,0.8191489361702128,0.47029432563005646,0.5773652785593338,1.0,0.0,0.8191489361702128,0.4703216242816877,0.5774037379812261,1.0,0.0,0.0,2.7298651631257886e-05,3.845942189228957e-05,0.0,0.0
5,order2,frame_freeze_5,8,True,True,0.46996466431095407,0.2313203456114809,0.4929476174520814,0.0,0.0,0.4276315789473684,0.21092341354883584,0.4930317989189751,0.0,0.0,-0.042333085363585654,-0.020396932062645062,8.418146689370687e-05,0.0,0.0
17,order2,frame_freeze_5,9,False,False,0.4533678756476684,0.2833583999428657,0.623862483473101,0.0,0.0,0.4533678756476684,0.2833958765623234,0.623944933115566,0.0,0.0,0.0,3.74766194576881e-05,8.244964246495456e-05,0.0,0.0
11,order2,frame_freeze_5,10,False,False,0.8641114982578397,0.2566516637114454,0.291844899158529,0.0,0.0,0.8641114982578397,0.2568194782272692,0.292035185251764,0.0,0.0,0.0,0.00016781451582381646,0.00019028609323495926,0.0,0.0
3,order2,frame_freeze_5,11,False,False,0.5028901734104047,0.22055897919108788,0.437553035689823,0.0,0.0,0.5028901734104047,0.22054258293435425,0.4375195496400783,0.0,0.0,0.0,-1.6396256733636205e-05,-3.348604974473535e-05,0.0,0.0
1,order2,frame_freeze_5,12,True,True,0.6735537190082644,0.37859689257930884,0.5608894021713628,1.0,0.0,0.7520661157024794,0.42192681915207175,0.5608832245547566,1.0,0.0,0.07851239669421495,0.04332992657276291,-6.1776166062621485e-06,0.0,0.0
9,order2,frame_freeze_5,13,False,False,0.0,0.0,0.612268187570436,0.0,0.0,0.0,0.0,0.61234458195691,0.0,0.0,0.0,0.0,7.63943864739991e-05,0.0,0.0
14,order2,frame_freeze_5,14,False,False,0.7175141242937854,0.4901025091781612,0.6776527030189392,1.0,0.0,0.7175141242937854,0.49020972690677383,0.6778054050890354,1.0,0.0,0.0,0.00010721772861260748,0.00015270207009621117,0.0,0.0
31,order2,frame_freeze_5,15,False,False,0.8092105263157895,0.4959836411716701,0.6053587859199269,1.0,0.0,0.8092105263157895,0.49605322202298663,0.6054582246603798,1.0,0.0,0.0,6.95808513165308e-05,9.943874045292844e-05,0.0,0.0
20,order2,frame_freeze_5,16,True,True,0.890295358649789,0.5375113811812107,0.6079339596420577,1.0,1.0,0.8,0.48154828702084923,0.6081516250513327,1.0,0.0,-0.09029535864978899,-0.05596309416036144,0.0002176654092750363,0.0,-1.0
0,order2,frame_freeze_5,17,False,False,0.3778801843317972,0.1596999418603052,0.36561842012911083,0.0,0.0,0.3778801843317972,0.16015447348936024,0.3665843603696099,0.0,0.0,0.0,0.0004545316290550383,0.0009659402404990636,0.0,0.0
24,order2,frame_freeze_5,18,False,False,0.342911877394636,0.16276372725733107,0.4443086148582263,0.0,0.0,0.342911877394636,0.15454381695657435,0.4283642738915809,0.0,0.0,0.0,-0.008219910300756722,-0.01594434096664543,0.0,0.0
6,order2,frame_freeze_5,19,False,False,0.6896551724137931,0.2915856773072253,0.422518223382275,0.0,0.0,0.6896551724137931,0.29175219396317176,0.422758654331337,0.0,0.0,0.0,0.00016651665594646925,0.00024043094906200935,0.0,0.0
4,order2,frame_freeze_5,20,True,True,0.0,0.0,0.5072973995703055,0.0,0.0,0.0,0.0,0.5075961943788471,0.0,0.0,0.0,0.0,0.00029879480854155815,0.0,0.0
28,order2,frame_freeze_5,21,False,False,0.6243093922651933,0.4459811433060172,0.7080928678806062,1.0,0.0,0.6243093922651933,0.4460736554155589,0.708239751142247,1.0,0.0,0.0,9.251210954169808e-05,0.00014688326164080667,0.0,0.0
30,order2,frame_freeze_5,22,False,False,0.723404255319149,0.521117011093551,0.7208532522901288,1.0,1.0,0.723404255319149,0.5210279924651066,0.7207309973360343,1.0,1.0,0.0,-8.90186284444594e-05,-0.0001222549540944584,0.0,0.0
25,order2,frame_freeze_5,23,False,False,0.6883116883116883,0.24585118600572545,0.3037689752504514,0.0,0.0,0.6883116883116883,0.2461657729339868,0.30412726848842575,0.0,0.0,0.0,0.00031458692826136225,0.00035829323797437196,0.0,0.0
29,order2,frame_freeze_5,24,True,True,0.4232209737827715,0.1953206140445359,0.45746143815693935,0.0,0.0,0.3896551724137931,0.17942068016526394,0.4564210284905837,0.0,0.0,-0.03356580136897841,-0.015899933879271966,-0.0010404096663556572,0.0,0.0
21,order2,frame_freeze_5,25,False,False,0.8761329305135952,0.5775946060181623,0.6656001115887156,1.0,1.0,0.8761329305135952,0.5777623892169688,0.6657986393901631,1.0,1.0,0.0,0.00016778319880650372,0.00019852780144757887,0.0,0.0
19,order2,frame_freeze_5,26,False,False,0.8115942028985508,0.2649828569697214,0.36288885632048024,0.0,0.0,0.8115942028985508,0.3020735633477132,0.4046612761332625,1.0,0.0,0.0,0.03709070637799178,0.04177241981278229,1.0,0.0
18,order2,frame_freeze_5,27,False,False,0.35435435435435436,0.2272026176703734,0.6567206383921249,0.0,0.0,0.35435435435435436,0.227431043394354,0.6572694805043908,0.0,0.0,0.0,0.000228425723980602,0.0005488421122659126,0.0,0.0
8,order2,frame_freeze_5,28,True,True,0.8250728862973761,0.7034662202805724,0.8421541245045336,1.0,1.0,0.9825072886297376,0.8279936302620476,0.8421030318284933,1.0,1.0,0.1574344023323615,0.12452740998147527,-5.109267604030965e-05,0.0,0.0
7,order2,frame_freeze_5,29,False,False,0.9619883040935673,0.6387705328137138,0.6593395375818826,1.0,1.0,0.9619883040935673,0.6388228178726352,0.6593923060573819,1.0,1.0,0.0,5.2285058921408556e-05,5.2768475499287426e-05,0.0,0.0
10,order2,frame_freeze_5,30,False,False,0.3598326359832636,0.2735000943187468,0.7455930877033802,0.0,0.0,0.3598326359832636,0.27358070382664335,0.7458210979172745,0.0,0.0,0.0,8.06095078965674e-05,0.00022801021389429188,0.0,0.0
13,order2,frame_freeze_5,31,False,False,0.5476190476190477,0.332491927571699,0.6076017678560522,1.0,0.0,0.5476190476190477,0.332790369073808,0.6081458667992956,1.0,0.0,0.0,0.00029844150210900366,0.0005440989432433652,0.0,0.0
2,order1,motion_blur_5,0,True,True,0.23923444976076555,0.11291931930219233,0.45657362323973494,0.0,0.0,0.2995391705069124,0.13294191470798217,0.45657362323973494,0.0,0.0,0.06030472074614687,0.020022595405789836,0.0,0.0,0.0
0,order1,motion_blur_5,1,False,False,0.3778801843317972,0.15379030158459384,0.35536154182101903,0.0,0.0,0.3778801843317972,0.15425741752357036,0.3562681672503156,0.0,0.0,0.0,0.0004671159389765256,0.0009066254292965925,0.0,0.0
25,order1,motion_blur_5,2,False,False,0.6883116883116883,0.24486874115552204,0.30267436175505175,0.0,0.0,0.6883116883116883,0.24390452321330341,0.3016907745594987,0.0,0.0,0.0,-0.0009642179422186259,-0.0009835871955530262,0.0,0.0
22,order1,motion_blur_5,3,False,False,0.22084367245657568,0.06256619359759444,0.37980370024170174,0.0,0.0,0.22084367245657568,0.06258166790573004,0.37976550539271375,0.0,0.0,0.0,1.54743081356018e-05,-3.819484898798242e-05,0.0,0.0
27,order1,motion_blur_5,4,True,True,0.8022813688212928,0.5975936387192605,0.7419663055901734,1.0,1.0,0.7984189723320159,0.5948555171373477,0.741925456361768,1.0,1.0,-0.003862396489276887,-0.002738121581912778,-4.084922840541516e-05,0.0,0.0
31,order1,motion_blur_5,5,False,False,0.7741228070175439,0.47552294030972464,0.6047118904556144,1.0,0.0,0.7741228070175439,0.47549053324978163,0.6046766025154017,1.0,0.0,0.0,-3.240705994300708e-05,-3.5287940212680446e-05,0.0,0.0
11,order1,motion_blur_5,6,False,False,0.6794520547945205,0.19496170002404561,0.28233008250729713,0.0,0.0,0.6794520547945205,0.1949165068139556,0.2822581998748199,0.0,0.0,0.0,-4.5193210090027636e-05,-7.188263247720483e-05,0.0,0.0
30,order1,motion_blur_5,7,False,False,0.7861271676300579,0.5670075434669042,0.7217468206711113,1.0,1.0,0.7861271676300579,0.567115206462897,0.7218815252182422,1.0,1.0,0.0,0.00010766299599285212,0.00013470454713093716,0.0,0.0
26,order1,motion_blur_5,8,True,True,0.40476190476190477,0.19255134920687436,0.4785247908856265,0.0,0.0,0.4272300469483568,0.22094986148672616,0.47664732682640587,0.0,0.0,0.022468142186452045,0.028398512279851795,-0.0018774640592206238,0.0,0.0
24,order1,motion_blur_5,9,False,False,0.342911877394636,0.14051836775590865,0.40144219966435996,0.0,0.0,0.342911877394636,0.12318183096029962,0.36784701414272075,0.0,0.0,0.0,-0.017336536795609023,-0.033595185521639204,0.0,0.0
19,order1,motion_blur_5,10,False,False,0.8582375478927203,0.1811539992977759,0.2278962302793787,0.0,0.0,0.8582375478927203,0.21670212445810258,0.2654175633457055,0.0,0.0,0.0,0.03554812516032668,0.037521333066326795,0.0,0.0
13,order1,motion_blur_5,11,False,False,0.5476190476190477,0.33237661859008233,0.6073923211941497,1.0,0.0,0.5476190476190477,0.33247817455343553,0.6075775739339474,1.0,0.0,0.0,0.00010155596335320594,0.0001852527397977477,0.0,0.0
14,order1,motion_blur_5,12,True,True,0.7928994082840237,0.5335559663902151,0.6741940349861543,1.0,1.0,0.7486033519553073,0.5037675063476722,0.6742190981370456,1.0,1.0,-0.04429605632871647,-0.029788460042542875,2.5063150891346808e-05,0.0,0.0
16,order1,motion_blur_5,13,False,False,0.38858695652173914,0.18237146848708402,0.43679801264839757,0.0,0.0,0.38858695652173914,0.18249186785560853,0.4370856512700957,0.0,0.0,0.0,0.00012039936852450972,0.0002876386216981164,0.0,0.0
17,order1,motion_blur_5,14,False,False,0.4533678756476684,0.28336488401010496,0.6238766627956241,0.0,0.0,0.4533678756476684,0.28343301868746307,0.6240259012717508,0.0,0.0,0.0,6.813467735811152e-05,0.0001492384761266896,0.0,0.0
23,order1,motion_blur_5,15,False,False,0.8074534161490683,0.1114154584422522,0.13745508666055636,0.0,0.0,0.8074534161490683,0.11103864016258,0.1369901997408075,0.0,0.0,0.0,-0.00037681827967220305,-0.0004648869197488581,0.0,0.0
29,order1,motion_blur_5,16,True,True,0.37919463087248323,0.178816318555371,0.4674321309605312,0.0,0.0,0.3434650455927052,0.15970379687582614,0.4608995541416386,0.0,0.0,-0.03572958527977804,-0.019112521679544858,-0.0065325768188926325,0.0,0.0
9,order1,motion_blur_5,17,False,False,0.0,0.0,0.6139973291556613,0.0,0.0,0.0,0.0,0.6145515119445113,0.0,0.0,0.0,0.0,0.0005541827888499995,0.0,0.0
5,order1,motion_blur_5,18,False,False,0.46996466431095407,0.23137887011671118,0.493074386375508,0.0,0.0,0.46996466431095407,0.23141789978498992,0.49315984283478426,0.0,0.0,0.0,3.902966827873389e-05,8.545645927626744e-05,0.0,0.0
8,order1,motion_blur_5,19,False,False,0.7988338192419825,0.6931464695499765,0.8460714737207505,1.0,1.0,0.7988338192419825,0.6931317497430624,0.8460702134720322,1.0,1.0,0.0,-1.4719806914142985e-05,-1.260248718382151e-06,0.0,0.0
28,order1,motion_blur_5,20,True,True,0.6243093922651933,0.4464546941761277,0.7088447337357817,1.0,0.0,0.5978835978835979,0.4275552606697261,0.7088416163734933,1.0,0.0,-0.026425794381595424,-0.01889943350640161,-3.1173622884184127e-06,0.0,0.0
10,order1,motion_blur_5,21,False,False,0.3598326359832636,0.27321372874420286,0.7447839043094497,0.0,0.0,0.3598326359832636,0.273286201990113,0.7449904209533178,0.0,0.0,0.0,7.247324591014292e-05,0.0002065166438680599,0.0,0.0
21,order1,motion_blur_5,22,False,False,0.8664688427299704,0.5741949806821354,0.6726086931874807,1.0,1.0,0.8664688427299704,0.5743870969216236,0.6728237346337007,1.0,1.0,0.0,0.00019211623948822698,0.00021504144621997678,0.0,0.0
20,order1,motion_blur_5,23,False,False,0.890295358649789,0.5374650278117468,0.6078828730101619,1.0,1.0,0.890295358649789,0.5376050106488123,0.6080324450082447,1.0,1.0,0.0,0.00013998283706551096,0.0001495719980828536,0.0,0.0
1,order1,motion_blur_5,24,True,True,0.6735537190082644,0.3784774790579939,0.5606992930715049,1.0,0.0,0.7520661157024794,0.4216798317298343,0.5605532493313209,1.0,0.0,0.07851239669421495,0.043202352671840416,-0.00014604374018400978,0.0,0.0
7,order1,motion_blur_5,25,False,False,0.9619883040935673,0.6387346132144243,0.6593339517713166,1.0,1.0,0.9619883040935673,0.638703979650192,0.659300860633521,1.0,1.0,0.0,-3.0633564232274146e-05,-3.309113779559336e-05,0.0,0.0
12,order1,motion_blur_5,26,False,False,0.8191489361702128,0.47026070306028595,0.5773451942755896,1.0,0.0,0.8191489361702128,0.47028891168805215,0.5774022816704681,1.0,0.0,0.0,2.820862776620192e-05,5.7087394878529985e-05,0.0,0.0
18,order1,motion_blur_5,27,False,False,0.27298850574712646,0.17486827905916555,0.6776029374446477,0.0,0.0,0.27298850574712646,0.17496182144475741,0.6778974045925975,0.0,0.0,0.0,9.3542385591866e-05,0.000294467147949784,0.0,0.0
3,order1,motion_blur_5,28,True,True,0.5028901734104047,0.22051441683942713,0.4374660423440387,0.0,0.0,0.5337423312883436,0.23405243566208672,0.4374837196970162,0.0,0.0,0.030852157877938935,0.013538018822659592,1.7677352977529814e-05,0.0,0.0
6,order1,motion_blur_5,29,False,False,0.6896551724137931,0.29156761926792574,0.4224922250978182,0.0,0.0,0.6896551724137931,0.2918906996252303,0.42295825145341215,0.0,0.0,0.0,0.0003230803573045504,0.00046602635559395145,0.0,0.0
15,order1,motion_blur_5,30,False,False,0.28044280442804426,0.06826765752160936,0.21719669217219176,0.0,0.0,0.28044280442804426,0.068143085519576,0.21684009721440897,0.0,0.0,0.0,-0.00012457200203336294,-0.0003565949577827854,0.0,0.0
4,order1,motion_blur_5,31,False,False,0.0,0.0,0.507346831191196,0.0,0.0,0.0,0.0,0.5086679466205146,0.0,0.0,0.0,0.0,0.0013211154293186755,0.0,0.0
16,order2,motion_blur_5,0,True,True,0.38858695652173914,0.18237146848708402,0.43679801264839757,0.0,0.0,0.41032608695652173,0.19445586209986043,0.43679801264839757,0.0,0.0,0.021739130434782594,0.012084393612776412,0.0,0.0,0.0
2,order2,motion_blur_5,1,False,False,0.23923444976076555,0.11291931930219233,0.45657362323973494,0.0,0.0,0.23923444976076555,0.11294376761053443,0.4565684891547307,0.0,0.0,0.0,2.4448308342098213e-05,-5.134085004243616e-06,0.0,0.0
27,order2,motion_blur_5,2,False,False,0.8022813688212928,0.5975936387192605,0.7419663055901734,1.0,1.0,0.8022813688212928,0.5975123578339072,0.7418651174653456,1.0,1.0,0.0,-8.128088535330757e-05,-0.00010118812482784456,0.0,0.0
22,order2,motion_blur_5,3,False,False,0.22084367245657568,0.06256619359759444,0.37980370024170174,0.0,0.0,0.22084367245657568,0.06258257390891615,0.3798615491432915,0.0,0.0,0.0,1.6380311321714802e-05,5.784890158977429e-05,0.0,0.0
23,order2,motion_blur_5,4,True,False,0.8074534161490683,0.1114154584422522,0.13745508666055636,0.0,0.0,0.6666666666666666,0.09197660224227527,0.13743630220110098,0.0,0.0,-0.14078674948240166,-0.019438856199976928,-1.8784459455384317e-05,0.0,0.0
26,order2,motion_blur_5,5,False,False,0.40476190476190477,0.19255134920687436,0.4785247908856265,0.0,0.0,0.40476190476190477,0.1924221437145717,0.4781929314570732,0.0,0.0,0.0,-0.0001292054923026642,-0.00033185942855329387,0.0,0.0
15,order2,motion_blur_5,6,False,False,0.28044280442804426,0.06826765752160936,0.21719669217219176,0.0,0.0,0.28044280442804426,0.06825398400932549,0.21716080688757164,0.0,0.0,0.0,-1.3673512283873812e-05,-3.588528462011853e-05,0.0,0.0
12,order2,motion_blur_5,7,False,False,0.8191489361702128,0.47026070306028595,0.5773451942755896,1.0,0.0,0.8191489361702128,0.4702861078158766,0.5773807061770903,1.0,0.0,0.0,2.540475559065225e-05,3.5511901500639986e-05,0.0,0.0
5,order2,motion_blur_5,8,True,True,0.46996466431095407,0.23137887011671118,0.493074386375508,0.0,0.0,0.415625,0.2046576731559271,0.4931524340894765,0.0,0.0,-0.05433966431095405,-0.026721196960784094,7.804771396852095e-05,0.0,0.0
17,order2,motion_blur_5,9,False,False,0.4533678756476684,0.28336488401010496,0.6238766627956241,0.0,0.0,0.4533678756476684,0.2834042681867669,0.6239632810426999,0.0,0.0,0.0,3.93841766619385e-05,8.661824707578702e-05,0.0,0.0
11,order2,motion_blur_5,10,False,False,0.6794520547945205,0.19496170002404561,0.28233008250729713,0.0,0.0,0.6794520547945205,0.195078791880938,0.282499095753797,0.0,0.0,0.0,0.00011709185689237622,0.0001690132464998717,0.0,0.0
3,order2,motion_blur_5,11,False,False,0.5028901734104047,0.22051441683942713,0.4374660423440387,0.0,0.0,0.5028901734104047,0.22049874880260995,0.43743406670745927,0.0,0.0,0.0,-1.566803681718465e-05,-3.197563657941771e-05,0.0,0.0
1,order2,motion_blur_5,12,True,True,0.6735537190082644,0.3784774790579939,0.5606992930715049,1.0,0.0,0.7520661157024794,0.4217836029027984,0.5606933718831405,1.0,0.0,0.07851239669421495,0.043306123844804534,-5.921188364399477e-06,0.0,0.0
9,order2,motion_blur_5,13,False,False,0.0,0.0,0.6139973291556613,0.0,0.0,0.0,0.0,0.6140719587303765,0.0,0.0,0.0,0.0,7.462957471515708e-05,0.0,0.0
14,order2,motion_blur_5,14,False,False,0.7928994082840237,0.5335559663902151,0.6741940349861543,1.0,1.0,0.7928994082840237,0.5336927521351534,0.6743657925898352,1.0,1.0,0.0,0.00013678574493836138,0.00017175760368093318,0.0,0.0
31,order2,motion_blur_5,15,False,False,0.7741228070175439,0.47552294030972464,0.6047118904556144,1.0,0.0,0.7741228070175439,0.47558447585592584,0.6048056870963818,1.0,0.0,0.0,6.153554620119683e-05,9.379664076747396e-05,0.0,0.0
20,order2,motion_blur_5,16,True,True,0.890295358649789,0.5374650278117468,0.6078828730101619,1.0,1.0,0.8,0.4815004230863413,0.608094831360942,1.0,0.0,-0.09029535864978899,-0.05596460472540549,0.00021195835078013925,0.0,-1.0
0,order2,motion_blur_5,17,False,False,0.3778801843317972,0.15379030158459384,0.35536154182101903,0.0,0.0,0.3778801843317972,0.15419614043689167,0.3562231619072915,0.0,0.0,0.0,0.0004058388522978351,0.000861620086272441,0.0,0.0
24,order2,motion_blur_5,18,False,False,0.342911877394636,0.14051836775590865,0.40144219966435996,0.0,0.0,0.342911877394636,0.13792214567539748,0.3964179964292268,0.0,0.0,0.0,-0.0025962220805111624,-0.00502420323513314,0.0,0.0
6,order2,motion_blur_5,19,False,False,0.6896551724137931,0.29156761926792574,0.4224922250978182,0.0,0.0,0.6896551724137931,0.29172894963086027,0.4227251874032008,0.0,0.0,0.0,0.00016133036293453085,0.0002329623053826113,0.0,0.0
4,order2,motion_blur_5,20,True,True,0.0,0.0,0.507346831191196,0.0,0.0,0.0,0.0,0.5076786167841264,0.0,0.0,0.0,0.0,0.00033178559293045584,0.0,0.0
28,order2,motion_blur_5,21,False,False,0.6243093922651933,0.4464546941761277,0.7088447337357817,1.0,0.0,0.6243093922651933,0.4465468245318819,0.7089910108795668,1.0,0.0,0.0,9.213035575417194e-05,0.0001462771437851229,0.0,0.0
30,order2,motion_blur_5,22,False,False,0.7861271676300579,0.5670075434669042,0.7217468206711113,1.0,1.0,0.7861271676300579,0.5669317196273416,0.7216512778395581,1.0,1.0,0.0,-7.582383956261651e-05,-9.554283155321919e-05,0.0,0.0
25,order2,motion_blur_5,23,False,False,0.6883116883116883,0.24486874115552204,0.30267436175505175,0.0,0.0,0.6883116883116883,0.24381462232451545,0.30162527108236076,0.0,0.0,0.0,-0.0010541188310065897,-0.0010490906726909888,0.0,0.0
29,order2,motion_blur_5,24,True,True,0.37919463087248323,0.178816318555371,0.4674321309605312,0.0,0.0,0.3434650455927052,0.16064272720510472,0.46360927412701275,0.0,0.0,-0.03572958527977804,-0.018173591350266277,-0.003822856833518462,0.0,0.0
21,order2,motion_blur_5,25,False,False,0.8664688427299704,0.5741949806821354,0.6726086931874807,1.0,1.0,0.8664688427299704,0.5744215792568633,0.6728677197377584,1.0,1.0,0.0,0.0002265985747279542,0.0002590265502776523,0.0,0.0
19,order2,motion_blur_5,26,False,False,0.8582375478927203,0.1811539992977759,0.2278962302793787,0.0,0.0,0.8582375478927203,0.21620157100753118,0.2648508811925821,0.0,0.0,0.0,0.03504757170975528,0.03695465091320341,0.0,0.0
18,order2,motion_blur_5,27,False,False,0.27298850574712646,0.17486827905916555,0.6776029374446477,0.0,0.0,0.27298850574712646,0.17504197430955737,0.6781425895833733,0.0,0.0,0.0,0.00017369525039181988,0.0005396521387255326,0.0,0.0
8,order2,motion_blur_5,28,True,True,0.7988338192419825,0.6931464695499765,0.8460714737207505,1.0,1.0,0.9825072886297376,0.8318914693104184,0.8460349346477711,1.0,1.0,0.18367346938775508,0.13874499976044186,-3.65390729794024e-05,0.0,0.0
7,order2,motion_blur_5,29,False,False,0.9619883040935673,0.6387346132144243,0.6593339517713166,1.0,1.0,0.9619883040935673,0.6387759638224948,0.6593753927282877,1.0,1.0,0.0,4.135060807053392e-05,4.144095697111716e-05,0.0,0.0
10,order2,motion_blur_5,30,False,False,0.3598326359832636,0.27321372874420286,0.7447839043094497,0.0,0.0,0.3598326359832636,0.2732788517086096,0.7449674283957263,0.0,0.0,0.0,6.51229644067497e-05,0.00018352408627653194,0.0,0.0
13,order2,motion_blur_5,31,False,False,0.5476190476190477,0.33237661859008233,0.6073923211941497,1.0,0.0,0.5476190476190477,0.33268529103296607,0.6079550759776927,1.0,0.0,0.0,0.0003086724428837395,0.0005627547835430624,0.0,0.0
2,order1,occlusion_5,0,True,True,0.31100478468899523,0.15153262670837478,0.49806474914135335,0.0,0.0,0.3686635944700461,0.16975747517562523,0.49806474914135335,0.0,0.0,0.05765880978105087,0.01822484846725045,0.0,0.0,0.0
0,order1,occlusion_5,1,False,False,0.3778801843317972,0.15777221219501072,0.36247121964208423,0.0,0.0,0.3778801843317972,0.15807787862165493,0.3630549280651782,0.0,0.0,0.0,0.0003056664266442022,0.0005837084230939649,0.0,0.0
25,order1,occlusion_5,2,False,False,0.6883116883116883,0.24612730724705661,0.3039962642422822,0.0,0.0,0.6883116883116883,0.24586616790691881,0.30373294134816553,0.0,0.0,0.0,-0.0002611393401378004,-0.00026332289411667986,0.0,0.0
22,order1,occlusion_5,3,False,False,0.24316939890710382,0.05534890741233835,0.3520150499507208,0.0,0.0,0.24316939890710382,0.05537425430993129,0.3520521177051389,0.0,0.0,0.0,2.5346897592939954e-05,3.70677544180853e-05,0.0,0.0
27,order1,occlusion_5,4,True,True,0.8022813688212928,0.6184139031532834,0.7639512692030653,1.0,1.0,0.32987012987012987,0.260094964420996,0.7639358000710464,0.0,0.0,-0.4724112389511629,-0.3583189387322874,-1.5469132018886e-05,-1.0,-1.0
31,order1,occlusion_5,5,False,False,0.8092105263157895,0.49138232476755755,0.6009995865025899,1.0,0.0,0.8092105263157895,0.4913468260216,0.6009617228843719,1.0,0.0,0.0,-3.5498745957540656e-05,-3.786361821800366e-05,0.0,0.0
11,order1,occlusion_5,6,False,False,0.7013698630136986,0.2035849768969415,0.2861464464468175,0.0,0.0,0.7013698630136986,0.20351106486530202,0.2860404177229854,0.0,0.0,0.0,-7.391203163947813e-05,-0.00010602872383214113,0.0,0.0
30,order1,occlusion_5,7,False,False,0.7861271676300579,0.5665875626150948,0.7212141505405616,1.0,1.0,0.7861271676300579,0.56671022455795,0.7213678962469842,1.0,1.0,0.0,0.0001226619428551512,0.00015374570642257002,0.0,0.0
26,order1,occlusion_5,8,True,True,0.4180327868852459,0.20313471904731228,0.4890403134351198,0.0,0.0,0.4473684210526316,0.21611217470572122,0.48613433692124686,0.0,0.0,0.02933563416738566,0.012977455658408937,-0.002905976513872921,0.0,0.0
24,order1,occlusion_5,9,False,False,0.342911877394636,0.14597503598165526,0.40908894094075354,0.0,0.0,0.342911877394636,0.13353323810334577,0.3846493630232006,0.0,0.0,0.0,-0.012441797878309485,-0.024439577917552968,0.0,0.0
19,order1,occlusion_5,10,False,False,0.8327137546468402,0.04428525519690245,0.07455202806564576,0.0,0.0,0.8327137546468402,0.04671082252621352,0.07712426565679412,0.0,0.0,0.0,0.002425567329311075,0.0025722375911483575,0.0,0.0
13,order1,occlusion_5,11,False,False,0.5476190476190477,0.332569742114565,0.6077436601959864,1.0,0.0,0.5476190476190477,0.33264745359046993,0.6078855865762481,1.0,0.0,0.0,7.77114759049069e-05,0.00014192638026178095,0.0,0.0
14,order1,occlusion_5,12,True,True,0.788235294117647,0.5186419724879302,0.6586456022068905,1.0,1.0,0.5275590551181102,0.3471102231700207,0.658621835339132,1.0,0.0,-0.26067623899953685,-0.1715317493179095,-2.3766867758512333e-05,0.0,-1.0
16,order1,occlusion_5,13,False,False,0.35904255319148937,0.16546849710802855,0.4365642223420422,0.0,0.0,0.35904255319148937,0.16558997280683177,0.4368335095309179,0.0,0.0,0.0,0.00012147569880321951,0.0002692871888756998,0.0,0.0
17,order1,occlusion_5,14,False,False,0.4533678756476684,0.2833746513145709,0.623898092961369,0.0,0.0,0.4533678756476684,0.28343375440939084,0.6240275659739659,0.0,0.0,0.0,5.9103094819934476e-05,0.00012947301259691457,0.0,0.0
23,order1,occlusion_5,15,False,False,0.8074534161490683,0.10712628830315347,0.13216346679546137,0.0,0.0,0.8074534161490683,0.10618995390726699,0.13100829562505736,0.0,0.0,0.0,-0.0009363343958864873,-0.0011551711704040069,0.0,0.0
29,order1,occlusion_5,16,True,True,0.4232209737827715,0.19550266218206017,0.45788781405798307,0.0,0.0,0.3896551724137931,0.17883296235105522,0.4549259568579475,0.0,0.0,-0.03356580136897841,-0.01666969983100494,-0.002961857200035556,0.0,0.0
9,order1,occlusion_5,17,False,False,0.0,0.0,0.6120940201502412,0.0,0.0,0.0,0.0,0.6127245505695764,0.0,0.0,0.0,0.0,0.0006305304193352512,0.0,0.0
5,order1,occlusion_5,18,False,False,0.46996466431095407,0.2314257467303915,0.4931738789151145,0.0,0.0,0.46996466431095407,0.23144318712910014,0.493213325893709,0.0,0.0,0.0,1.7440398708629123e-05,3.944697859448176e-05,0.0,0.0
8,order1,occlusion_5,19,False,False,0.8688046647230321,0.7404155000224335,0.8475569201607018,1.0,1.0,0.8688046647230321,0.740407249727171,0.8475535486914001,1.0,1.0,0.0,-8.250295262524077e-06,-3.3714693017383723e-06,0.0,0.0
28,order1,occlusion_5,20,True,True,0.5978835978835979,0.4265669267458895,0.707203062762922,1.0,0.0,0.5736040609137056,0.40923907938140824,0.7071938477029598,1.0,0.0,-0.024279536969892268,-0.01732784736448123,-9.215059962208727e-06,0.0,0.0
10,order1,occlusion_5,21,False,False,0.3598326359832636,0.27333346800086294,0.7450972048215769,0.0,0.0,0.3598326359832636,0.2734058304284825,0.7453035564461851,0.0,0.0,0.0,7.236242761954337e-05,0.0002063516246081365,0.0,0.0
21,order1,occlusion_5,22,False,False,0.9244712990936556,0.6171355664331404,0.6678948551096112,1.0,1.0,0.9244712990936556,0.6173593460097472,0.6680587225165723,1.0,1.0,0.0,0.00022377957660679737,0.00016386740696106017,0.0,0.0
20,order1,occlusion_5,23,False,False,0.890295358649789,0.5375299034006488,0.6079542441471728,1.0,1.0,0.890295358649789,0.5376411106018981,0.6080714390615409,1.0,1.0,0.0,0.00011120720124935257,0.0001171949143681239,0.0,0.0
1,order1,occlusion_5,24,True,True,0.6735537190082644,0.3784743595392145,0.5606948826623038,1.0,0.0,0.7520661157024794,0.42166456493266863,0.5605334281632317,1.0,0.0,0.07851239669421495,0.04319020539345414,-0.00016145449907212228,0.0,0.0
7,order1,occlusion_5,25,False,False,0.9824561403508771,0.6496879889964025,0.659373119837449,1.0,1.0,0.9824561403508771,0.6496478083904872,0.6593303456887414,1.0,1.0,0.0,-4.018060591526318e-05,-4.277414870756946e-05,0.0,0.0
12,order1,occlusion_5,26,False,False,0.8191489361702128,0.4702831555410465,0.5773748713293035,1.0,0.0,0.8191489361702128,0.47030735657345346,0.577430280337052,1.0,0.0,0.0,2.420103240696747e-05,5.540900774847479e-05,0.0,0.0
18,order1,occlusion_5,27,False,False,0.3390804597701149,0.21436082489989394,0.6492404054387535,0.0,0.0,0.3390804597701149,0.21447536517529658,0.6495153812385519,0.0,0.0,0.0,0.00011454027540264144,0.0002749757997984048,0.0,0.0
3,order1,occlusion_5,28,True,True,0.5028901734104047,0.22040757690862256,0.43725423998488994,0.0,0.0,0.5337423312883436,0.23394089425176812,0.4372751774968542,0.0,0.0,0.030852157877938935,0.013533317343145557,2.0937511964247424e-05,0.0,0.0
6,order1,occlusion_5,29,False,False,0.6896551724137931,0.2916823440937887,0.4226581484987571,0.0,0.0,0.6896551724137931,0.29205985622266,0.4232025355677868,0.0,0.0,0.0,0.0003775121288713268,0.0005443870690297059,0.0,0.0
15,order1,occlusion_5,30,False,False,0.28044280442804426,0.06828380570412668,0.2172441872568741,0.0,0.0,0.28044280442804426,0.06812656268332795,0.21678899677103158,0.0,0.0,0.0,-0.0001572430207987252,-0.0004551904858425271,0.0,0.0
4,order1,occlusion_5,31,False,False,0.0,0.0,0.5047847398965932,0.0,0.0,0.0,0.0,0.5062238037637502,0.0,0.0,0.0,0.0,0.0014390638671569755,0.0,0.0
16,order2,occlusion_5,0,True,True,0.35904255319148937,0.16546849710802855,0.4365642223420422,0.0,0.0,0.4015957446808511,0.19023184838131987,0.4365642223420422,0.0,0.0,0.04255319148936171,0.024763351273291323,0.0,0.0,0.0
2,order2,occlusion_5,1,False,False,0.31100478468899523,0.15153262670837478,0.49806474914135335,0.0,0.0,0.31100478468899523,0.15159589527159145,0.4982005788061471,0.0,0.0,0.0,6.326856321667296e-05,0.0001358296647937518,0.0,0.0
27,order2,occlusion_5,2,False,False,0.8022813688212928,0.6184139031532834,0.7639512692030653,1.0,1.0,0.8022813688212928,0.6183530024996206,0.7638708489777352,1.0,1.0,0.0,-6.0900653662820936e-05,-8.04202253301689e-05,0.0,0.0
22,order2,occlusion_5,3,False,False,0.24316939890710382,0.05534890741233835,0.3520150499507208,0.0,0.0,0.24316939890710382,0.05537596189137487,0.3521058362301582,0.0,0.0,0.0,2.7054479036524304e-05,9.07862794373715e-05,0.0,0.0
23,order2,occlusion_5,4,True,False,0.8074534161490683,0.10712628830315347,0.13216346679546137,0.0,0.0,0.6666666666666666,0.08841000459280714,0.1321069034145394,0.0,0.0,-0.14078674948240166,-0.018716283710346338,-5.656338092197011e-05,0.0,0.0
26,order2,occlusion_5,5,False,False,0.4180327868852459,0.20313471904731228,0.4890403134351198,0.0,0.0,0.4180327868852459,0.2028513156934269,0.48834704381595745,0.0,0.0,0.0,-0.00028340335388538085,-0.0006932696191623289,0.0,0.0
15,order2,occlusion_5,6,False,False,0.28044280442804426,0.06828380570412668,0.2172441872568741,0.0,0.0,0.28044280442804426,0.06826930901649084,0.2172059257818413,0.0,0.0,0.0,-1.4496687635839889e-05,-3.826147503280253e-05,0.0,0.0
12,order2,occlusion_5,7,False,False,0.8191489361702128,0.4702831555410465,0.5773748713293035,1.0,0.0,0.8191489361702128,0.4703100920556275,0.5774129177186634,1.0,0.0,0.0,2.6936514581021864e-05,3.8046389359891464e-05,0.0,0.0
5,order2,occlusion_5,8,True,True,0.46996466431095407,0.2314257467303915,0.4931738789151145,0.0,0.0,0.415625,0.20470148178295014,0.493257625267305,0.0,0.0,-0.05433966431095405,-0.026724264947441373,8.374635219049464e-05,0.0,0.0
17,order2,occlusion_5,9,False,False,0.4533678756476684,0.2833746513145709,0.623898092961369,0.0,0.0,0.4533678756476684,0.28341294056949246,0.6239823256317041,0.0,0.0,0.0,3.8289254921552995e-05,8.423267033508264e-05,0.0,0.0
11,order2,occlusion_5,10,False,False,0.7013698630136986,0.2035849768969415,0.2861464464468175,0.0,0.0,0.7013698630136986,0.2037135712935695,0.2863283391715672,0.0,0.0,0.0,0.00012859439662801786,0.000181892724749666,0.0,0.0
3,order2,occlusion_5,11,False,False,0.5028901734104047,0.22040757690862256,0.43725423998488994,0.0,0.0,0.5028901734104047,0.22039140687678294,0.43722122067760283,0.0,0.0,0.0,-1.6170031839624066e-05,-3.301930728710767e-05,0.0,0.0
1,order2,occlusion_5,12,True,True,0.6735537190082644,0.3784743595392145,0.5606948826623038,1.0,0.0,0.7520661157024794,0.4217801697757043,0.560689578522822,1.0,0.0,0.07851239669421495,0.04330581023648983,-5.304139481854264e-06,0.0,0.0
9,order2,occlusion_5,13,False,False,0.0,0.0,0.6120940201502412,0.0,0.0,0.0,0.0,0.6121776301654173,0.0,0.0,0.0,0.0,8.361001517609434e-05,0.0,0.0
14,order2,occlusion_5,14,False,False,0.788235294117647,0.5186419724879302,0.6586456022068905,1.0,1.0,0.788235294117647,0.5187753312814188,0.6588139795691598,1.0,1.0,0.0,0.000133358793488636,0.00016837736226926747,0.0,0.0
31,order2,occlusion_5,15,False,False,0.8092105263157895,0.49138232476755755,0.6009995865025899,1.0,0.0,0.8092105263157895,0.4914521633659767,0.6010995775164215,1.0,0.0,0.0,6.983859841913631e-05,9.999101383162401e-05,0.0,0.0
20,order2,occlusion_5,16,True,True,0.890295358649789,0.5375299034006488,0.6079542441471728,1.0,1.0,0.8,0.4815642416378497,0.6081710672903627,1.0,0.0,-0.09029535864978899,-0.055965661762799046,0.000216823143189937,0.0,-1.0
0,order2,occlusion_5,17,False,False,0.3778801843317972,0.15777221219501072,0.36247121964208423,0.0,0.0,0.3778801843317972,0.15827087056696768,0.3634972784432491,0.0,0.0,0.0,0.0004986583719569504,0.001026058801164853,0.0,0.0
24,order2,occlusion_5,18,False,False,0.342911877394636,0.14597503598165526,0.40908894094075354,0.0,0.0,0.342911877394636,0.14255286801525135,0.402443928299071,0.0,0.0,0.0,-0.003422167966403905,-0.006645012641682546,0.0,0.0
6,order2,occlusion_5,19,False,False,0.6896551724137931,0.2916823440937887,0.4226581484987571,0.0,0.0,0.6896551724137931,0.2918484515357491,0.422898000211442,0.0,0.0,0.0,0.00016610744196043914,0.00023985171268492422,0.0,0.0
4,order2,occlusion_5,20,True,True,0.0,0.0,0.5047847398965932,0.0,0.0,0.0,0.0,0.5051225481588519,0.0,0.0,0.0,0.0,0.00033780826225870975,0.0,0.0
28,order2,occlusion_5,21,False,False,0.5978835978835979,0.4265669267458895,0.707203062762922,1.0,0.0,0.5978835978835979,0.426659408063315,0.7073563870523379,1.0,0.0,0.0,9.248131742550791e-05,0.0001533242894159459,0.0,0.0
30,order2,occlusion_5,22,False,False,0.7861271676300579,0.5665875626150948,0.7212141505405616,1.0,1.0,0.7861271676300579,0.5665012043658697,0.7211053334877476,1.0,1.0,0.0,-8.635824922509361e-05,-0.0001088170528139587,0.0,0.0
25,order2,occlusion_5,23,False,False,0.6883116883116883,0.24612730724705661,0.3039962642422822,0.0,0.0,0.6883116883116883,0.245477205987631,0.30335743075770644,0.0,0.0,0.0,-0.0006501012594256061,-0.0006388334845757737,0.0,0.0
29,order2,occlusion_5,24,True,True,0.4232209737827715,0.19550266218206017,0.45788781405798307,0.0,0.0,0.3896551724137931,0.17958957659399147,0.4568506773005046,0.0,0.0,-0.03356580136897841,-0.0159130855880687,-0.001037136757478463,0.0,0.0
21,order2,occlusion_5,25,False,False,0.9244712990936556,0.6171355664331404,0.6678948551096112,1.0,1.0,0.9244712990936556,0.6173597868076095,0.6680814908197273,1.0,1.0,0.0,0.00022422037446911958,0.00018663571011612312,0.0,0.0
19,order2,occlusion_5,26,False,False,0.8327137546468402,0.04428525519690245,0.07455202806564576,0.0,0.0,0.8327137546468402,0.0458738764997044,0.07627865272140291,0.0,0.0,0.0,0.0015886213028019486,0.001726624655757153,0.0,0.0
18,order2,occlusion_5,27,False,False,0.3390804597701149,0.21436082489989394,0.6492404054387535,0.0,0.0,0.3390804597701149,0.21462534833232674,0.6498745491544635,0.0,0.0,0.0,0.0002645234324328005,0.0006341437157100227,0.0,0.0
8,order2,occlusion_5,28,True,True,0.8688046647230321,0.7404155000224335,0.8475569201607018,1.0,1.0,0.9825072886297376,0.8333465462177868,0.8474976481482345,1.0,1.0,0.11370262390670549,0.0929310461953533,-5.927201246735958e-05,0.0,0.0
7,order2,occlusion_5,29,False,False,0.9824561403508771,0.6496879889964025,0.659373119837449,1.0,1.0,0.9824561403508771,0.6497443405693256,0.6594281161248439,1.0,1.0,0.0,5.6351572923163396e-05,5.499628739491502e-05,0.0,0.0
10,order2,occlusion_5,30,False,False,0.3598326359832636,0.27333346800086294,0.7450972048215769,0.0,0.0,0.3598326359832636,0.27341672003819284,0.7453322455588777,0.0,0.0,0.0,8.325203732989506e-05,0.00023504073730074015,0.0,0.0
13,order2,occlusion_5,31,False,False,0.5476190476190477,0.332569742114565,0.6077436601959864,1.0,0.0,0.5476190476190477,0.33283718161546777,0.6082313569457504,1.0,0.0,0.0,0.00026743950090274415,0.00048769674976401056,0.0,0.0
2,order1,exposure_5,0,True,True,0.2727272727272727,0.13354719995744505,0.48553917099523203,0.0,0.0,0.33505154639175255,0.16293801230959684,0.48553917099523203,0.0,0.0,0.062324273664479846,0.029390812352151796,0.0,0.0,0.0
0,order1,exposure_5,1,False,False,0.3778801843317972,0.13839778553542686,0.3280043216040731,0.0,0.0,0.3778801843317972,0.13901459475466174,0.3291358334493064,0.0,0.0,0.0,0.0006168092192348762,0.0011315118452333017,0.0,0.0
25,order1,exposure_5,2,False,False,0.6883116883116883,0.2464332457832445,0.30438085051736674,0.0,0.0,0.6883116883116883,0.24645507202315434,0.30440831260618606,0.0,0.0,0.0,2.1826239909844558e-05,2.7462088819318886e-05,0.0,0.0
22,order1,exposure_5,3,False,False,0.24316939890710382,0.06242772887501566,0.37048271631438057,0.0,0.0,0.24316939890710382,0.06252076325479598,0.3706494729424891,0.0,0.0,0.0,9.303437978032403e-05,0.0001667566281085553,0.0,0.0
27,order1,exposure_5,4,True,True,0.8022813688212928,0.617180859880252,0.7626466568354799,1.0,1.0,0.35324675324675325,0.2731512853194878,0.7626541240163676,0.0,0.0,-0.4490346155745395,-0.34402957456076416,7.4671808876214385e-06,-1.0,-1.0
31,order1,exposure_5,5,False,False,0.8092105263157895,0.4937852715622707,0.6051424670454766,1.0,0.0,0.8092105263157895,0.4937427613977159,0.6051023316850919,1.0,0.0,0.0,-4.2510164554809826e-05,-4.0135360384718766e-05,0.0,0.0
11,order1,exposure_5,6,False,False,0.779874213836478,0.23896749934076292,0.300745354349559,0.0,0.0,0.779874213836478,0.2388743671329267,0.30062271140668745,0.0,0.0,0.0,-9.313220783621623e-05,-0.00012264294287156474,0.0,0.0
30,order1,exposure_5,7,False,False,0.723404255319149,0.5217477160398859,0.7217205411768874,1.0,1.0,0.723404255319149,0.5218816064849462,0.7219025427061783,1.0,1.0,0.0,0.0001338904450602918,0.00018200152929082059,0.0,0.0
26,order1,exposure_5,8,True,True,0.4473684210526316,0.2105424168051434,0.47409102185981916,0.0,0.0,0.4272300469483568,0.2143234904079531,0.4694899948146115,0.0,0.0,-0.02013837410427477,0.003781073602809687,-0.004601027045207651,0.0,0.0
24,order1,exposure_5,9,False,False,0.4521072796934866,0.18633464495635527,0.40787332659094416,0.0,0.0,0.4521072796934866,0.16352069889776683,0.36403202974657173,0.0,0.0,0.0,-0.02281394605858844,-0.043841296844372435,0.0,0.0
19,order1,exposure_5,10,False,False,0.8327137546468402,0.11511745789476395,0.1505450172109725,0.0,0.0,0.8327137546468402,0.12932633018797982,0.17676819631435106,0.0,0.0,0.0,0.014208872293215866,0.02622317910337857,0.0,0.0
13,order1,exposure_5,11,False,False,0.5476190476190477,0.3325683645450803,0.6077471915254096,1.0,0.0,0.5476190476190477,0.3326680578602841,0.6079291578956434,1.0,0.0,0.0,9.969331520376379e-05,0.00018196637023382145,0.0,0.0
14,order1,exposure_5,12,True,True,0.708994708994709,0.4744237585124018,0.6698419861781614,1.0,0.0,0.6175115207373272,0.41319406600870884,0.6698192861909675,1.0,0.0,-0.09148318825738178,-0.06122969250369298,-2.2699987193841586e-05,0.0,0.0
16,order1,exposure_5,13,False,False,0.35904255319148937,0.16534931003450817,0.4364555037470744,0.0,0.0,0.35904255319148937,0.16548815460820704,0.43676677581221185,0.0,0.0,0.0,0.00013884457369886527,0.00031127206513742456,0.0,0.0
17,order1,exposure_5,14,False,False,0.4533678756476684,0.28337168644486604,0.6238916223734807,0.0,0.0,0.4533678756476684,0.2834440543991465,0.6240500768699415,0.0,0.0,0.0,7.236795428045006e-05,0.00015845449646079146,0.0,0.0
23,order1,exposure_5,15,False,False,0.5739514348785872,0.0796019279905229,0.13815966812148228,0.0,0.0,0.5739514348785872,0.07850909285077952,0.13626290828123802,0.0,0.0,0.0,-0.0010928351397433839,-0.001896759840244261,0.0,0.0
29,order1,exposure_5,16,True,True,0.4232209737827715,0.19520122497716288,0.45718181639388145,0.0,0.0,0.3896551724137931,0.17856813143044564,0.45425226416516873,0.0,0.0,-0.03356580136897841,-0.016633093546717242,-0.0029295522287127174,0.0,0.0
9,order1,exposure_5,17,False,False,0.0,0.0,0.6127888218851221,0.0,0.0,0.0,0.0,0.6134491361375398,0.0,0.0,0.0,0.0,0.0006603142524177485,0.0,0.0
5,order1,exposure_5,18,False,False,0.46996466431095407,0.2314842297447186,0.4933019690434212,0.0,0.0,0.46996466431095407,0.23149135601642268,0.4933195091842953,0.0,0.0,0.0,7.126271704072096e-06,1.754014087407274e-05,0.0,0.0
8,order1,exposure_5,19,False,False,0.8250728862973761,0.7043324253823068,0.8464076907160837,1.0,1.0,0.8250728862973761,0.7043288782058758,0.8464061085420497,1.0,1.0,0.0,-3.5471764310290865e-06,-1.5821740340093982e-06,0.0,0.0
28,order1,exposure_5,20,True,True,0.5736040609137056,0.40917948895100853,0.7070908712574445,1.0,0.0,0.5736040609137056,0.4091570326113814,0.7070520651266855,1.0,0.0,0.0,-2.2456339627108246e-05,-3.8806130759017066e-05,0.0,0.0
10,order1,exposure_5,21,False,False,0.3598326359832636,0.27355103975222206,0.7457190524091796,0.0,0.0,0.3598326359832636,0.27352196957141,0.7456370801598543,0.0,0.0,0.0,-2.9070180812051927e-05,-8.197224932526836e-05,0.0,0.0
21,order1,exposure_5,22,False,False,0.8761329305135952,0.5819058003904386,0.6699446934379694,1.0,1.0,0.8761329305135952,0.5818963598391196,0.6699372544115326,1.0,1.0,0.0,-9.440551319017665e-06,-7.43902643673966e-06,0.0,0.0
20,order1,exposure_5,23,False,False,0.890295358649789,0.5374855306194347,0.6078985116071567,1.0,1.0,0.890295358649789,0.5373753969054319,0.6077666114356681,1.0,1.0,0.0,-0.00011013371400281358,-0.0001319001714885637,0.0,0.0
1,order1,exposure_5,24,True,True,0.6735537190082644,0.37852759966658417,0.560775708605069,1.0,0.0,0.7520661157024794,0.4216907801948437,0.5605686614294945,1.0,0.0,0.07851239669421495,0.043163180528259515,-0.00020704717557451513,0.0,0.0
7,order1,exposure_5,25,False,False,0.9824561403508771,0.650142653310123,0.6598403910581547,1.0,1.0,0.9824561403508771,0.6500300126468304,0.6597264130256502,1.0,1.0,0.0,-0.00011264066329264022,-0.00011397803250456917,0.0,0.0
12,order1,exposure_5,26,False,False,0.8191489361702128,0.47024745633143555,0.5773162291424206,1.0,0.0,0.8191489361702128,0.47021249374620805,0.5772730528296423,1.0,0.0,0.0,-3.496258522750484e-05,-4.31763127783924e-05,0.0,0.0
18,order1,exposure_5,27,False,False,0.35435435435435436,0.2316278143980737,0.6656687801503055,0.0,0.0,0.35435435435435436,0.2316953491735869,0.6658778173904244,0.0,0.0,0.0,6.753477551318943e-05,0.00020903724011889224,0.0,0.0
3,order1,exposure_5,28,True,True,0.5028901734104047,0.22054982304658982,0.43753619736822463,0.0,0.0,0.5337423312883436,0.23412051321282273,0.43761240525462436,0.0,0.0,0.030852157877938935,0.013570690166232913,7.62078863997262e-05,0.0,0.0
6,order1,exposure_5,29,False,False,0.6896551724137931,0.2915474835923805,0.42246245981885233,0.0,0.0,0.6896551724137931,0.2918682953783993,0.4229258503623146,0.0,0.0,0.0,0.00032081178601883753,0.00046339054346228314,0.0,0.0
15,order1,exposure_5,30,False,False,0.28044280442804426,0.06828387713642813,0.2172444386875314,0.0,0.0,0.28044280442804426,0.06813675526075136,0.2168189142944997,0.0,0.0,0.0,-0.00014712187567676727,-0.000425524393031701,0.0,0.0
4,order1,exposure_5,31,False,False,0.0,0.0,0.5048666607620181,0.0,0.0,0.0,0.0,0.5067001754357031,0.0,0.0,0.0,0.0,0.0018335146736849772,0.0,0.0
16,order2,exposure_5,0,True,True,0.35904255319148937,0.16534931003450817,0.4364555037470744,0.0,0.0,0.3803191489361702,0.1782922477924347,0.4364555037470744,0.0,0.0,0.021276595744680826,0.012942937757926515,0.0,0.0,0.0
2,order2,exposure_5,1,False,False,0.2727272727272727,0.13354719995744505,0.48553917099523203,0.0,0.0,0.2727272727272727,0.1336207375049119,0.4861104591864844,0.0,0.0,0.0,7.353754746686203e-05,0.0005712881912523504,0.0,0.0
27,order2,exposure_5,2,False,False,0.8022813688212928,0.617180859880252,0.7626466568354799,1.0,1.0,0.8022813688212928,0.6170986027507479,0.7625437430728188,1.0,1.0,0.0,-8.225712950404862e-05,-0.00010291376266113872,0.0,0.0
22,order2,exposure_5,3,False,False,0.24316939890710382,0.06242772887501566,0.37048271631438057,0.0,0.0,0.24316939890710382,0.06246536218755205,0.37059811729159686,0.0,0.0,0.0,3.763331253638785e-05,0.00011540097721629561,0.0,0.0
23,order2,exposure_5,4,True,False,0.5739514348785872,0.0796019279905229,0.13815966812148228,0.0,0.0,0.6132075471698113,0.08501153021756741,0.13810302226915164,0.0,0.0,0.039256112291224055,0.005409602227044508,-5.6645852330644564e-05,0.0,0.0
26,order2,exposure_5,5,False,False,0.4473684210526316,0.2105424168051434,0.47409102185981916,0.0,0.0,0.4473684210526316,0.21020634368048924,0.4733359201759066,0.0,0.0,0.0,-0.00033607312465416816,-0.0007551016839125735,0.0,0.0
15,order2,exposure_5,6,False,False,0.28044280442804426,0.06828387713642813,0.2172444386875314,0.0,0.0,0.28044280442804426,0.06826958178643054,0.2172067778772792,0.0,0.0,0.0,-1.4295349997583973e-05,-3.766081025219359e-05,0.0,0.0
12,order2,exposure_5,7,False,False,0.8191489361702128,0.47024745633143555,0.5773162291424206,1.0,0.0,0.8191489361702128,0.4702744454202017,0.5773543505776825,1.0,0.0,0.0,2.698908876613837e-05,3.812143526182865e-05,0.0,0.0
5,order2,exposure_5,8,True,True,0.46996466431095407,0.2314842297447186,0.4933019690434212,0.0,0.0,0.415625,0.20475313674077356,0.49338555331065886,0.0,0.0,-0.05433966431095405,-0.02673109300394505,8.358426723764634e-05,0.0,0.0
17,order2,exposure_5,9,False,False,0.4533678756476684,0.28337168644486604,0.6238916223734807,0.0,0.0,0.4533678756476684,0.28340993585205865,0.6239757584088297,0.0,0.0,0.0,3.824940719260317e-05,8.413603534895842e-05,0.0,0.0
11,order2,exposure_5,10,False,False,0.779874213836478,0.23896749934076292,0.300745354349559,0.0,0.0,0.779874213836478,0.23912192061123863,0.3009389894743446,0.0,0.0,0.0,0.00015442127047571308,0.00019363512478559608,0.0,0.0
3,order2,exposure_5,11,False,False,0.5028901734104047,0.22054982304658982,0.43753619736822463,0.0,0.0,0.5028901734104047,0.220533693637779,0.4375032705861798,0.0,0.0,0.0,-1.6129408810822143e-05,-3.292678204480648e-05,0.0,0.0
1,order2,exposure_5,12,True,True,0.6735537190082644,0.37852759966658417,0.560775708605069,1.0,0.0,0.7520661157024794,0.42183986313730804,0.5607687311183225,1.0,0.0,0.07851239669421495,0.043312263470723866,-6.977486746495565e-06,0.0,0.0
9,order2,exposure_5,13,False,False,0.0,0.0,0.6127888218851221,0.0,0.0,0.0,0.0,0.6128509214714922,0.0,0.0,0.0,0.0,6.209958637015678e-05,0.0,0.0
14,order2,exposure_5,14,False,False,0.708994708994709,0.4744237585124018,0.6698419861781614,1.0,0.0,0.708994708994709,0.47454689513567205,0.6700148318025493,1.0,0.0,0.0,0.0001231366232702369,0.0001728456243879073,0.0,0.0
31,order2,exposure_5,15,False,False,0.8092105263157895,0.4937852715622707,0.6051424670454766,1.0,0.0,0.8092105263157895,0.49385261403875186,0.605240663115991,1.0,0.0,0.0,6.73424764811581e-05,9.819607051442247e-05,0.0,0.0
20,order2,exposure_5,16,True,True,0.890295358649789,0.5374855306194347,0.6078985116071567,1.0,1.0,0.8,0.48152571300350205,0.6081144850924218,1.0,0.0,-0.09029535864978899,-0.05595981761593266,0.00021597348526514182,0.0,-1.0
0,order2,exposure_5,17,False,False,0.3778801843317972,0.13839778553542686,0.3280043216040731,0.0,0.0,0.3778801843317972,0.13891623675619172,0.32905330507640107,0.0,0.0,0.0,0.000518451220764854,0.0010489834723279579,0.0,0.0
24,order2,exposure_5,18,False,False,0.4521072796934866,0.18633464495635527,0.40787332659094416,0.0,0.0,0.4521072796934866,0.18412212875425715,0.40363569944167355,0.0,0.0,0.0,-0.0022125162020981137,-0.0042376271492706175,0.0,0.0
6,order2,exposure_5,19,False,False,0.6896551724137931,0.2915474835923805,0.42246245981885233,0.0,0.0,0.6896551724137931,0.2917100499037609,0.4226971733975282,0.0,0.0,0.0,0.00016256631138045208,0.0002347135786758825,0.0,0.0
4,order2,exposure_5,20,True,True,0.0,0.0,0.5048666607620181,0.0,0.0,0.21603563474387527,0.09481820197394378,0.5052013048750853,0.0,0.0,0.21603563474387527,0.09481820197394378,0.0003346441130671618,0.0,0.0
28,order2,exposure_5,21,False,False,0.5736040609137056,0.40917948895100853,0.7070908712574445,1.0,0.0,0.5736040609137056,0.40928096896902744,0.7072662358499859,1.0,0.0,0.0,0.00010148001801890683,0.000175364592541416,0.0,0.0
30,order2,exposure_5,22,False,False,0.723404255319149,0.5217477160398859,0.7217205411768874,1.0,1.0,0.723404255319149,0.5216443113972854,0.7215795511027309,1.0,1.0,0.0,-0.00010340464260050197,-0.00014099007415657727,0.0,0.0
25,order2,exposure_5,23,False,False,0.6883116883116883,0.2464332457832445,0.30438085051736674,0.0,0.0,0.6883116883116883,0.24668689189625018,0.3046622304453101,0.0,0.0,0.0,0.0002536461130056844,0.0002813799279433593,0.0,0.0
29,order2,exposure_5,24,True,True,0.4232209737827715,0.19520122497716288,0.45718181639388145,0.0,0.0,0.3896551724137931,0.17967771147823414,0.45707488007620967,0.0,0.0,-0.03356580136897841,-0.015523513498928748,-0.00010693631767177969,0.0,0.0
21,order2,exposure_5,25,False,False,0.8761329305135952,0.5819058003904386,0.6699446934379694,1.0,1.0,0.8761329305135952,0.5820383003695446,0.6701068074305222,1.0,1.0,0.0,0.00013249997910602662,0.00016211399255283698,0.0,0.0
19,order2,exposure_5,26,False,False,0.8327137546468402,0.11511745789476395,0.1505450172109725,0.0,0.0,0.8327137546468402,0.11536167672737811,0.15088604635297045,0.0,0.0,0.0,0.00024421883261416255,0.00034102914199796164,0.0,0.0
18,order2,exposure_5,27,False,False,0.35435435435435436,0.2316278143980737,0.6656687801503055,0.0,0.0,0.35435435435435436,0.2318919638665001,0.6662641276389182,0.0,0.0,0.0,0.0002641494684264001,0.0005953474886126742,0.0,0.0
8,order2,exposure_5,28,True,True,0.8250728862973761,0.7043324253823068,0.8464076907160837,1.0,1.0,0.9770114942528736,0.8269409159689982,0.8463378952922863,1.0,1.0,0.15193860795549752,0.12260849058669143,-6.97954237973697e-05,0.0,0.0
7,order2,exposure_5,29,False,False,0.9824561403508771,0.650142653310123,0.6598403910581547,1.0,1.0,0.9824561403508771,0.6502104135819817,0.6599067499805904,1.0,1.0,0.0,6.776027185873001e-05,6.635892243567199e-05,0.0,0.0
10,order2,exposure_5,30,False,False,0.3598326359832636,0.27355103975222206,0.7457190524091796,0.0,0.0,0.3598326359832636,0.27364380210272227,0.7459813743286626,0.0,0.0,0.0,9.276235050020842e-05,0.00026232191948305505,0.0,0.0
13,order2,exposure_5,31,False,False,0.5476190476190477,0.3325683645450803,0.6077471915254096,1.0,0.0,0.5476190476190477,0.3327968556738121,0.6081638030219327,1.0,0.0,0.0,0.00022849112873180033,0.0004166114965231671,0.0,0.0
